repo,cutoff,log_commits_30d,log_commits_90d,log_commits_180d,active_weeks_ratio_26w,days_since_last_commit,recent_rate_ratio,authors_90d,top_author_share_180d,label_dormant_180d
Automattic/mongoose,2011-04-06,4.653960350157523,6.779921907472252,6.807934943699926,0.6923076923076923,0.3623958333333333,0.6923076923076924,11.0,0.7179203539823009,0
Automattic/mongoose,2011-07-05,4.007333185232471,5.153291594497779,6.9584483932976555,1.0,0.030474537037037036,0.3122043519394513,11.0,0.5984776403425309,0
Automattic/mongoose,2011-10-03,4.248495242049359,5.796057750765372,6.2166061010848646,1.0,0.06734953703703704,0.8300395256916997,15.0,0.812,0
Automattic/mongoose,2012-01-01,4.0943445622221,5.4116460518550396,6.313548046277095,0.9615384615384616,9.324571759259259,0.6463195691202873,15.0,0.8838475499092558,0
Automattic/mongoose,2012-03-31,4.060443010546419,5.375278407684165,6.0844994130751715,0.9615384615384616,1.2074305555555556,0.7837837837837838,23.0,0.815068493150685,0
Automattic/mongoose,2012-06-29,4.736198448394496,5.4116460518550396,6.0844994130751715,1.0,0.1815625,1.5405405405405406,9.0,0.8287671232876712,0
Automattic/mongoose,2012-09-27,4.709530201312334,5.918893854273146,6.38856140554563,1.0,0.03398148148148148,1.11,11.0,0.9461279461279462,0
Automattic/mongoose,2012-12-26,4.804021044733257,5.484796933490655,6.416732282512326,1.0,0.0007523148148148148,1.1863857374392222,13.0,0.9443535188216039,0
Automattic/mongoose,2013-03-26,4.8283137373023015,5.697093486505405,6.2878585601617845,1.0,0.2446412037037037,1.3812154696132597,12.0,0.9273743016759777,0
Automattic/mongoose,2013-06-24,3.7612001156935624,5.768320995793772,6.424869023905388,0.9615384615384616,0.0016087962962962963,0.4147909967845659,15.0,0.8685064935064936,0
Automattic/mongoose,2013-09-22,4.31748811353631,6.349138991379798,6.792344427470809,1.0,0.8634375,0.5022321428571428,8.0,0.647191011235955,0
Automattic/mongoose,2013-12-21,4.060443010546419,5.204006687076795,6.6240652277998935,1.0,3.216134259259259,0.4591029023746702,20.0,0.43351063829787234,0
Automattic/mongoose,2014-03-21,2.5649493574615367,4.04305126783455,5.472270673671475,0.8846153846153846,26.75693287037037,0.32098765432098764,14.0,0.35443037974683544,0
Automattic/mongoose,2014-06-19,3.7376696182833684,4.465908118654584,4.962844630259907,0.8461538461538461,5.8729861111111115,1.7027027027027026,21.0,0.3732394366197183,0
Automattic/mongoose,2014-09-17,3.912023005428146,4.941642422609304,5.420534999272286,0.9615384615384616,1.7827199074074074,1.2987012987012987,17.0,0.6577777777777778,0
Automattic/mongoose,2014-12-16,4.276666119016055,5.176149732573829,5.755742213586912,1.0,0.026898148148148147,1.3457943925233644,26.0,0.5873015873015873,0
Automattic/mongoose,2015-03-16,4.290459441148391,5.332718793265369,5.948034989180646,0.9615384615384616,0.2573611111111111,1.1288659793814435,19.0,0.662303664921466,0
Automattic/mongoose,2015-06-14,4.1588830833596715,5.356586274672012,6.035481432524756,0.9615384615384616,1.179710648148148,0.9078014184397163,23.0,0.7745803357314148,0
Automattic/mongoose,2015-09-12,4.3694478524670215,5.616771097666572,6.186208623900494,1.0,0.6683217592592593,0.9653767820773931,28.0,0.7257731958762886,0
Automattic/mongoose,2015-12-11,4.5217885770490405,5.697093486505405,6.349138991379798,1.0,0.038287037037037036,0.9566724436741767,31.0,0.7145359019264448,0
Automattic/mongoose,2016-03-10,4.465908118654584,5.560681631015528,6.322565239927284,1.0,0.056261574074074075,0.9288256227758007,25.0,0.7356115107913669,0
Automattic/mongoose,2016-06-08,4.189654742026425,5.568344503761097,6.255750041753367,1.0,0.08873842592592593,0.752851711026616,26.0,0.775,0
Automattic/mongoose,2016-09-06,4.204692619390966,5.5053315359323625,6.2285110035911835,1.0,0.9845023148148148,0.78515625,26.0,0.7648221343873518,0
Automattic/mongoose,2016-12-05,4.31748811353631,5.389071729816501,6.139884552226255,1.0,0.5218171296296297,0.9594882729211087,24.0,0.7602591792656588,0
Automattic/mongoose,2017-03-05,4.2626798770413155,5.541263545158426,6.159095388491933,1.0,1.1199652777777778,0.8912133891213389,18.0,0.8199152542372882,0
Automattic/mongoose,2017-06-03,4.653960350157523,5.673323267171493,6.300785794663244,1.0,0.2469675925925926,1.1454545454545455,21.0,0.8566176470588235,0
Automattic/mongoose,2017-09-01,4.382026634673881,5.66988092298052,6.363028103540465,1.0,0.2228125,0.8205128205128205,25.0,0.844559585492228,0
Automattic/mongoose,2017-11-30,4.762173934797756,5.814130531825066,6.436150368369428,1.0,0.35510416666666667,1.1160572337042927,19.0,0.536115569823435,0
Automattic/mongoose,2018-02-28,4.700480365792417,5.968707559985366,6.586171654854675,1.0,0.18181712962962962,0.9041095890410958,28.0,0.7237569060773481,0
Automattic/mongoose,2018-05-29,5.0238805208462765,5.942799375126701,6.647688373563329,1.0,0.10291666666666667,1.1752577319587627,23.0,0.7961038961038961,0
Automattic/mongoose,2018-08-27,5.303304908059076,6.102558594613569,6.717804695023691,1.0,0.133125,1.4495192307692308,25.0,0.7372881355932204,0
Automattic/mongoose,2018-11-25,4.8283137373023015,6.126869184114185,6.806829360392176,1.0,1.0411342592592592,0.8250825082508251,19.0,0.7807308970099668,0
Automattic/mongoose,2019-02-23,4.962844630259907,5.860786223465865,6.694562058521095,1.0,0.44342592592592595,1.055350553505535,18.0,0.8686493184634448,0
Automattic/mongoose,2019-05-24,4.867534450455582,5.8971538676367405,6.570882962339584,1.0,0.3560300925925926,1.0848400556328235,23.0,0.8877980364656382,0
Automattic/mongoose,2019-08-22,4.382026634673881,5.765191102784844,6.525029657843462,1.0,1.2956712962962964,0.6986899563318777,22.0,0.8546255506607929,0
Automattic/mongoose,2019-11-20,4.700480365792417,5.720311776607412,6.434546518787453,1.0,0.2635416666666667,1.0509554140127388,22.0,0.8344051446945338,0
Automattic/mongoose,2020-02-18,4.787491742782046,5.82600010738045,6.466144724237619,1.0,1.9076388888888889,1.1111111111111112,12.0,0.8286604361370716,0
Automattic/mongoose,2020-05-18,5.521460917862246,6.1675164908883415,6.703188113240863,1.0,0.42163194444444446,1.829268292682927,19.0,0.6941031941031941,0
Automattic/mongoose,2020-08-16,4.204692619390966,5.662960480135946,6.638567789166521,1.0,0.9313310185185185,0.5227568270481143,21.0,0.6631716906946264,0
Automattic/mongoose,2020-11-14,4.584967478670572,5.517452896464707,6.284134161070802,1.0,0.07881944444444444,1.0868761552680222,18.0,0.811214953271028,0
Automattic/mongoose,2021-02-12,4.927253685157205,6.1092475827643655,6.548219102762372,1.0,0.11614583333333334,1.1778093883357041,37.0,0.7216642754662841,0
Automattic/mongoose,2021-05-13,5.0689042022202315,5.937536205082426,6.71901315438526,1.0,0.13824074074074075,1.1452581032412965,31.0,0.6348246674727932,0
Automattic/mongoose,2021-08-11,5.225746673713202,6.139884552226255,6.7357800142423265,1.0,0.004618055555555556,1.3175914994096813,30.0,0.5921521997621879,0
Automattic/mongoose,2021-11-09,4.2626798770413155,6.0112671744041615,6.769641976852503,1.0,3.1225578703703705,0.4863013698630137,46.0,0.5954022988505747,0
Automattic/mongoose,2022-02-07,5.236441962829949,6.059123195581797,6.727431724850855,1.0,0.650613425925926,1.3428571428571427,44.0,0.5719424460431655,0
Automattic/mongoose,2022-05-08,5.135798437050262,6.429719478039138,6.953684210870537,1.0,1.8217013888888889,0.9695817490494296,44.0,0.41586998087954113,0
Automattic/mongoose,2022-08-06,5.303304908059076,6.419994928147142,7.117205503164344,1.0,0.36442129629629627,0.9741518578352181,38.0,0.3319805194805195,0
Automattic/mongoose,2022-11-04,4.624972813284271,6.075346031088684,6.954638864880987,1.0,0.012013888888888888,0.5811965811965812,29.0,0.36867239732569246,0
Automattic/mongoose,2023-02-02,5.19295685089021,5.948034989180646,6.705639094860003,1.0,0.02761574074074074,1.313868613138686,29.0,0.47794117647058826,0
Automattic/mongoose,2023-05-03,5.176149732573829,6.480044561926653,6.9411900550683745,1.0,0.07655092592592593,1.0221366698748797,25.0,0.46950629235237173,0
Automattic/mongoose,2023-08-01,4.844187086458591,5.7899601708972535,6.885509670034818,1.0,0.07621527777777778,0.775178026449644,12.0,0.5005117707267144,0
Automattic/mongoose,2023-10-30,4.762173934797756,5.749392985908253,6.461468176353717,1.0,0.20891203703703703,1.0883720930232559,29.0,0.6541471048513302,0
Automattic/mongoose,2024-01-28,4.454347296253507,5.655991810819852,6.395261598115449,1.0,2.2889351851851854,0.8543046357615893,23.0,0.705685618729097,0
Automattic/mongoose,2024-04-27,4.127134385045092,5.389071729816501,6.222576268071369,1.0,0.16287037037037036,0.7308447937131631,14.0,0.7455268389662028,0
Automattic/mongoose,2024-07-26,4.430816798843313,5.407171771460119,6.089044875446846,1.0,0.005694444444444445,1.1300448430493275,18.0,0.8159090909090909,0
Automattic/mongoose,2024-10-24,3.970291913552122,5.37989735354046,6.0844994130751715,1.0,1.0932870370370371,0.7162162162162162,18.0,0.8515981735159818,0
Automattic/mongoose,2025-01-22,4.624972813284271,5.786897381366708,6.295266001439646,1.0,2.024085648148148,1.1188299817184644,14.0,0.7652495378927912,0
Automattic/mongoose,2025-04-22,4.276666119016055,5.298317366548036,6.263398262591624,1.0,0.1987962962962963,0.8150943396226416,11.0,0.7270992366412213,0
Automattic/mongoose,2025-07-21,4.48863636973214,5.645446897643238,6.1779441140506,1.0,0.13368055555555555,1.0965092402464065,17.0,0.7962577962577962,0
Automattic/mongoose,2025-10-19,4.48863636973214,5.337538079701318,6.194405391104672,1.0,0.9692592592592593,1.0787878787878789,11.0,0.8282208588957055,0
Automattic/mongoose,2026-01-17,5.0369526024136295,6.180016653652572,6.536691597591305,1.0,0.19148148148148147,1.3294964028776979,38.0,0.6284470246734397,0
Leaflet/Leaflet,2011-09-01,3.58351893845611,5.3230099791384085,6.169610732491456,0.8846153846153846,1.1141550925925925,0.4472049689440994,19.0,0.8343815513626834,0
Leaflet/Leaflet,2011-11-30,1.9459101490553132,4.532599493153256,5.6937321388027,0.9230769230769231,4.481805555555556,0.1390728476821192,8.0,0.706081081081081,0
Leaflet/Leaflet,2012-02-28,5.093750200806762,5.424950017481403,5.765191102784844,0.8846153846153846,0.23966435185185186,3.0185185185185186,20.0,0.7610062893081762,0
Leaflet/Leaflet,2012-05-28,3.6375861597263857,4.290459441148391,5.700443573390687,0.9230769230769231,0.13177083333333334,0.75,24.0,0.6577181208053692,0
Leaflet/Leaflet,2012-08-26,4.882801922586371,6.148468295917647,6.29156913955832,1.0,3.9613425925925925,1.453211009174312,27.0,0.62152133580705,0
Leaflet/Leaflet,2012-11-24,4.709530201312334,5.3612921657094255,6.522092798170152,1.0,0.9802199074074074,0.9722627737226277,29.0,0.5891016200294551,0
Leaflet/Leaflet,2013-02-22,4.941642422609304,5.717027701406222,6.246106765481563,1.0,0.03025462962962963,1.6122840690978888,35.0,0.42135922330097086,0
Leaflet/Leaflet,2013-05-23,4.143134726391533,5.389071729816501,6.257667587882639,1.0,1.6141782407407408,0.7172675521821632,44.0,0.43570057581573896,0
Leaflet/Leaflet,2013-08-21,3.9318256327243257,5.717027701406222,6.257667587882639,1.0,0.1425925925925926,0.5806451612903226,46.0,0.4798464491362764,0
Leaflet/Leaflet,2013-11-19,4.919980925828125,5.356586274672012,6.244166900663736,0.9615384615384616,0.9347337962962963,1.5807692307692307,33.0,0.5408560311284046,0
Leaflet/Leaflet,2014-02-17,3.8918202981106265,5.950642552587727,6.38856140554563,1.0,1.4671296296296297,0.49,46.0,0.7070707070707071,0
Leaflet/Leaflet,2014-05-18,3.8918202981106265,5.093750200806762,6.302618975744905,1.0,3.2969328703703704,0.5335753176043557,40.0,0.6587155963302752,0
Leaflet/Leaflet,2014-08-16,3.5553480614894135,4.499809670330265,5.529429087511423,0.9615384615384616,2.73744212962963,0.8171206225680934,43.0,0.350597609561753,0
Leaflet/Leaflet,2014-11-14,4.07753744390572,4.553876891600541,5.214935757608986,0.9615384615384616,0.06862268518518519,1.873015873015873,36.0,0.22950819672131148,0
Leaflet/Leaflet,2015-02-12,3.8501476017100584,4.762173934797756,5.351858133476067,0.9615384615384616,3.9925231481481482,1.3055555555555556,41.0,0.20476190476190476,0
Leaflet/Leaflet,2015-05-13,3.9512437185814275,4.912654885736052,5.529429087511423,0.9615384615384616,0.13706018518518517,1.2140077821011672,44.0,0.1752988047808765,0
Leaflet/Leaflet,2015-08-11,4.2626798770413155,5.455321115357702,5.910796644040527,1.0,0.28552083333333333,1.13903743315508,46.0,0.2554347826086957,0
Leaflet/Leaflet,2015-11-09,4.04305126783455,5.0106352940962555,5.948034989180646,1.0,0.060891203703703704,0.8814432989690723,34.0,0.3010471204188482,0
Leaflet/Leaflet,2016-02-07,3.4965075614664802,4.48863636973214,5.472270673671475,0.9615384615384616,1.9503125,0.8148148148148148,36.0,0.2489451476793249,0
Leaflet/Leaflet,2016-05-07,4.5217885770490405,5.247024072160486,5.627621113690637,1.0,1.0758912037037036,1.9505300353356891,46.0,0.22382671480144403,0
Leaflet/Leaflet,2016-08-05,3.8918202981106265,4.882801922586371,5.771441123130016,1.0,0.22273148148148147,0.901840490797546,36.0,0.1875,0
Leaflet/Leaflet,2016-11-03,3.367295829986474,4.795790545596741,5.529429087511423,1.0,0.2656712962962963,0.6770428015564202,39.0,0.2151394422310757,0
Leaflet/Leaflet,2017-02-01,3.367295829986474,4.624972813284271,5.402677381872279,1.0,0.15337962962962962,0.7665198237885462,41.0,0.17647058823529413,0
Leaflet/Leaflet,2017-05-02,3.258096538021482,4.30406509320417,5.1647859739235145,1.0,0.1707175925925926,0.8666666666666667,44.0,0.1781609195402299,0
Leaflet/Leaflet,2017-07-31,3.1354942159291497,4.406719247264253,5.043425116919247,1.0,0.3133796296296296,0.8624999999999999,47.0,0.12337662337662338,0
Leaflet/Leaflet,2017-10-29,3.6375861597263857,4.51085950651685,5.147494476813453,1.0,2.0259027777777776,1.2881355932203389,44.0,0.13450292397660818,0
Leaflet/Leaflet,2018-01-27,3.784189633918261,4.418840607796598,5.153291594497779,0.9615384615384616,2.089537037037037,1.4831460674157302,34.0,0.27325581395348836,0
Leaflet/Leaflet,2018-04-27,2.0794415416798357,3.4011973816621555,4.718498871295094,0.9230769230769231,6.821608796296296,0.41025641025641024,20.0,0.3063063063063063,0
Leaflet/Leaflet,2018-07-26,2.9444389791664403,4.04305126783455,4.454347296253507,0.8076923076923077,8.201608796296297,1.2527472527472527,19.0,0.16470588235294117,0
Leaflet/Leaflet,2018-10-24,2.3978952727983707,3.6375861597263857,4.543294782270004,0.8076923076923077,0.021099537037037038,0.6666666666666666,23.0,0.15053763440860216,0
Leaflet/Leaflet,2019-01-22,2.9444389791664403,3.6635616461296463,4.330733340286331,0.8846153846153846,2.6169328703703703,1.4074074074074074,29.0,0.12,0
Leaflet/Leaflet,2019-04-22,2.833213344056216,3.4011973816621555,4.219507705176107,0.8076923076923077,0.06891203703703704,1.3972602739726028,22.0,0.08955223880597014,0
Leaflet/Leaflet,2019-07-21,1.0986122886681098,3.4965075614664802,4.127134385045092,0.7307692307692307,25.025300925925926,0.26865671641791045,21.0,0.14754098360655737,0
Leaflet/Leaflet,2019-10-19,3.1780538303479458,3.5553480614894135,4.204692619390966,0.6538461538461539,0.7524537037037037,2.0,22.0,0.13636363636363635,0
Leaflet/Leaflet,2020-01-17,1.9459101490553132,3.4965075614664802,4.204692619390966,0.6923076923076923,1.2027314814814816,0.5833333333333334,26.0,0.16666666666666666,0
Leaflet/Leaflet,2020-04-16,2.833213344056216,3.367295829986474,4.110873864173311,0.6923076923076923,0.22421296296296298,1.5454545454545454,11.0,0.21666666666666667,0
Leaflet/Leaflet,2020-07-15,2.0794415416798357,2.8903717578961645,3.828641396489095,0.6153846153846154,1.3876041666666667,0.9411764705882353,9.0,0.37777777777777777,0
Leaflet/Leaflet,2020-10-13,2.4849066497880004,3.1780538303479458,3.713572066704308,0.6153846153846154,6.926712962962963,1.5652173913043477,16.0,0.325,0
Leaflet/Leaflet,2021-01-11,1.0986122886681098,2.302585092994046,3.4965075614664802,0.46153846153846156,23.06011574074074,0.4736842105263158,9.0,0.25,0
Leaflet/Leaflet,2021-04-11,0.6931471805599453,2.6390573296152584,3.1354942159291497,0.38461538461538464,27.850694444444443,0.4285714285714286,8.0,0.2727272727272727,0
Leaflet/Leaflet,2021-07-10,1.0986122886681098,1.3862943611198906,2.833213344056216,0.3076923076923077,3.985162037037037,0.8181818181818182,3.0,0.4375,0
Leaflet/Leaflet,2021-10-08,0.0,2.0794415416798357,2.3978952727983707,0.19230769230769232,31.825682870370372,0.37499999999999994,3.0,0.3,0
Leaflet/Leaflet,2022-01-06,2.833213344056216,4.997212273764115,5.043425116919247,0.5,3.1053125,0.6375,57.0,0.22727272727272727,0
Leaflet/Leaflet,2022-04-06,3.8501476017100584,4.59511985013459,5.5053315359323625,0.9230769230769231,0.20835648148148148,1.1235059760956174,23.0,0.2,0
Leaflet/Leaflet,2022-07-05,2.0794415416798357,4.189654742026425,5.099866427824199,0.9615384615384616,4.219236111111111,0.28402366863905326,22.0,0.3067484662576687,0
Leaflet/Leaflet,2022-10-03,3.970291913552122,4.30406509320417,4.9344739331306915,0.9230769230769231,0.15234953703703705,2.2083333333333335,29.0,0.2318840579710145,0
Leaflet/Leaflet,2023-01-01,3.6888794541139363,4.962844630259907,5.375278407684165,0.8461538461538461,0.07032407407407408,1.085972850678733,29.0,0.3581395348837209,0
Leaflet/Leaflet,2023-04-01,1.3862943611198906,3.828641396489095,5.236441962829949,0.8461538461538461,4.86869212962963,0.1243523316062176,11.0,0.45454545454545453,0
Leaflet/Leaflet,2023-06-30,1.6094379124341003,3.6375861597263857,4.418840607796598,0.8461538461538461,2.283564814814815,0.34090909090909094,13.0,0.35365853658536583,0
Leaflet/Leaflet,2023-09-28,2.5649493574615367,3.1780538303479458,4.110873864173311,0.6153846153846154,16.997719907407408,1.1818181818181819,9.0,0.31666666666666665,0
Leaflet/Leaflet,2023-12-27,1.0986122886681098,2.9444389791664403,3.7376696182833684,0.46153846153846156,2.267326388888889,0.3829787234042553,10.0,0.21951219512195122,0
Leaflet/Leaflet,2024-03-26,2.8903717578961645,3.5263605246161616,3.9512437185814275,0.46153846153846156,22.770868055555557,1.894736842105263,13.0,0.11764705882352941,0
Leaflet/Leaflet,2024-06-24,2.833213344056216,3.1354942159291497,4.02535169073515,0.38461538461538464,7.074884259259259,1.6721311475409837,9.0,0.14545454545454545,0
Leaflet/Leaflet,2024-09-22,1.0986122886681098,2.833213344056216,3.6635616461296463,0.34615384615384615,3.23224537037037,0.4090909090909091,8.0,0.2631578947368421,0
Leaflet/Leaflet,2024-12-21,0.0,1.0986122886681098,2.9444389791664403,0.2692307692307692,71.39271990740741,0.25,1.0,0.2222222222222222,0
Leaflet/Leaflet,2025-03-21,3.4011973816621555,3.871201010907891,3.912023005428146,0.23076923076923078,3.9975694444444443,3.272727272727273,27.0,0.14285714285714285,0
Leaflet/Leaflet,2025-06-19,2.1972245773362196,4.110873864173311,4.68213122712422,0.5384615384615384,8.929652777777777,0.4778761061946903,12.0,0.29906542056074764,0
Leaflet/Leaflet,2025-09-17,3.044522437723423,4.276666119016055,4.882801922586371,0.7692307692307693,0.15273148148148147,0.9197080291970804,27.0,0.31297709923664124,0
Leaflet/Leaflet,2025-12-16,1.9459101490553132,3.367295829986474,4.605170185988092,0.8076923076923077,5.735752314814815,0.4,7.0,0.26262626262626265,0
Leaflet/Leaflet,2026-03-16,1.0986122886681098,3.4339872044851463,4.07753744390572,0.7692307692307693,3.603310185185185,0.28125,9.0,0.43103448275862066,0
Polymer/polymer,2013-10-10,4.0943445622221,5.017279836814924,6.236369590203704,1.0,0.6428935185185185,0.6976744186046512,11.0,0.32941176470588235,0
Polymer/polymer,2014-01-08,3.6375861597263857,4.7535901911063645,5.583496308781699,0.9615384615384616,0.3486458333333333,0.8413284132841329,9.0,0.4641509433962264,0
Polymer/polymer,2014-04-08,3.4657359027997265,4.919980925828125,5.529429087511423,0.9615384615384616,0.6612152777777778,0.7470817120622568,8.0,0.5219123505976095,0
Polymer/polymer,2014-07-07,3.367295829986474,4.882801922586371,5.5909869805108565,0.9615384615384616,7.8546875,0.6373626373626373,7.0,0.4606741573033708,0
Polymer/polymer,2014-10-05,2.995732273553991,4.477336814478207,5.389071729816501,1.0,2.7690740740740742,0.5357142857142857,10.0,0.3761467889908257,0
Polymer/polymer,2015-01-03,3.6888794541139363,5.703782474656201,5.958424693029782,0.9230769230769231,12.624479166666667,0.6122448979591837,12.0,0.34974093264248707,0
Polymer/polymer,2015-04-03,4.875197323201151,5.793013608384144,6.440946540632921,0.9230769230769231,0.9436458333333333,1.2436708860759493,29.0,0.31150159744408945,0
Polymer/polymer,2015-07-02,4.700480365792417,6.230481447578482,6.727431724850855,1.0,0.7845833333333333,0.7857142857142857,34.0,0.3513189448441247,0
Polymer/polymer,2015-09-30,3.332204510175204,5.308267697401205,6.5638555265321274,0.9615384615384616,3.6811689814814814,0.23529411764705882,21.0,0.3163841807909605,0
Polymer/polymer,2015-12-29,3.6635616461296463,5.389071729816501,6.040254711277414,0.9615384615384616,0.9613773148148148,0.5505882352941177,27.0,0.33651551312649164,0
Polymer/polymer,2016-03-28,3.7612001156935624,5.214935757608986,5.996452088619021,0.9615384615384616,0.0036574074074074074,0.6339066339066339,19.0,0.3516209476309227,0
Polymer/polymer,2016-06-26,3.5263605246161616,4.770684624465665,5.707110264748875,1.0,1.6154976851851852,0.6666666666666666,14.0,0.44333333333333336,0
Polymer/polymer,2016-09-24,5.075173815233827,6.171700597410915,6.39024066706535,1.0,0.6322337962962963,1.5973377703826954,19.0,0.4016806722689076,0
Polymer/polymer,2016-12-23,3.7612001156935624,4.867534450455582,6.410174881966167,0.9615384615384616,0.7956828703703703,0.42088091353996737,19.0,0.34761120263591433,0
Polymer/polymer,2017-03-23,5.204006687076795,6.061456918928017,6.324358962381311,0.9615384615384616,1.7363194444444445,1.9396092362344584,18.0,0.38420107719928187,0
Polymer/polymer,2017-06-21,4.143134726391533,5.488937726156687,6.507277712385012,0.9615384615384616,0.3022337962962963,0.56,26.0,0.36771300448430494,0
Polymer/polymer,2017-09-19,4.465908118654584,5.187385805840755,6.040254711277414,0.8846153846153846,0.6134722222222222,1.228235294117647,17.0,0.26968973747016706,0
Polymer/polymer,2017-12-18,4.564348191467836,5.288267030694535,5.929589143389895,0.9615384615384616,0.18784722222222222,1.5118110236220472,20.0,0.344,0
Polymer/polymer,2018-03-18,3.713572066704308,5.159055299214529,5.916202062607435,1.0,1.7743981481481481,0.6542553191489362,22.0,0.2972972972972973,0
Polymer/polymer,2018-06-16,2.833213344056216,4.941642422609304,5.746203190540153,1.0,0.22633101851851853,0.32075471698113206,22.0,0.2692307692307692,0
Polymer/polymer,2018-09-14,3.784189633918261,5.030437921392435,5.676753802268282,1.0,0.20717592592592593,0.8888888888888888,11.0,0.39862542955326463,0
Polymer/polymer,2018-12-13,4.0943445622221,4.990432586778736,5.700443573390687,0.9230769230769231,1.7841319444444443,1.1842105263157896,13.0,0.348993288590604,0
Polymer/polymer,2019-03-13,4.174387269895637,4.897839799950911,5.634789603169249,0.8076923076923077,0.2444675925925926,1.368421052631579,9.0,0.3906810035842294,0
Polymer/polymer,2019-06-11,3.295836866004329,4.499809670330265,5.407171771460119,0.9230769230769231,4.897974537037037,0.7105263157894737,8.0,0.4144144144144144,0
Polymer/polymer,2019-09-09,3.1354942159291497,4.442651256490317,5.159055299214529,0.9615384615384616,3.903090277777778,0.7709497206703911,6.0,0.31213872832369943,0
Polymer/polymer,2019-12-08,2.3978952727983707,3.7612001156935624,4.844187086458591,0.8461538461538461,19.89226851851852,0.5,8.0,0.35714285714285715,0
Polymer/polymer,2020-03-07,2.70805020110221,3.912023005428146,4.5217885770490405,0.6923076923076923,2.4520601851851853,0.9278350515463919,5.0,0.45054945054945056,0
Polymer/polymer,2020-06-05,1.6094379124341003,3.6109179126442243,4.454347296253507,0.6923076923076923,7.760798611111111,0.32967032967032966,4.0,0.4,0
Polymer/polymer,2020-09-03,0.6931471805599453,1.3862943611198906,3.6888794541139363,0.5,18.02228009259259,0.26666666666666666,2.0,0.8205128205128205,0
Polymer/polymer,2020-12-02,0.6931471805599453,0.6931471805599453,1.6094379124341003,0.11538461538461539,14.898715277777777,1.2000000000000002,1.0,0.5,0
Polymer/polymer,2021-03-02,0.0,0.6931471805599453,1.0986122886681098,0.07692307692307693,55.82190972222222,0.75,1.0,0.5,0
Polymer/polymer,2021-05-31,0.6931471805599453,0.6931471805599453,1.0986122886681098,0.07692307692307693,5.637951388888889,1.5,1.0,0.5,0
Polymer/polymer,2021-08-29,1.0986122886681098,1.3862943611198906,1.6094379124341003,0.15384615384615385,2.913611111111111,1.8000000000000003,3.0,0.5,0
Polymer/polymer,2022-02-25,0.6931471805599453,1.0986122886681098,1.0986122886681098,0.07692307692307693,16.149224537037036,1.5,2.0,0.5,0
Polymer/polymer,2022-05-26,2.70805020110221,2.70805020110221,2.833213344056216,0.15384615384615385,7.938020833333334,4.090909090909091,1.0,0.875,0
Polymer/polymer,2022-08-24,0.0,1.791759469228055,2.995732273553991,0.11538461538461539,81.81731481481482,0.24000000000000005,1.0,1.0,0
Polymer/polymer,2023-02-20,0.0,0.6931471805599453,0.6931471805599453,0.038461538461538464,39.716006944444445,0.8571428571428571,1.0,1.0,1
Polymer/polymer,2024-11-11,0.0,2.1972245773362196,2.1972245773362196,0.07692307692307693,34.772337962962965,0.4285714285714286,1.0,1.0,1
adobe/brackets,2012-12-06,5.5254529391317835,6.635946555686647,7.2682230211595655,1.0,0.00869212962962963,1.0465601111883251,40.0,0.14933705512909978,0
adobe/brackets,2013-03-06,5.762051382780177,6.78897174299217,7.407924322559599,1.0,0.011111111111111112,1.1535671100362757,45.0,0.1316747572815534,0
adobe/brackets,2013-06-04,5.953243334287785,7.2115567333138015,7.715123603632105,1.0,0.00032407407407407406,1.02803738317757,63.0,0.11601963409192324,0
adobe/brackets,2013-09-02,5.905361848054571,6.8308742346461795,7.731930721948486,1.0,0.14444444444444443,0.963676148796499,68.0,0.11408512505484862,0
adobe/brackets,2013-12-01,5.8916442118257715,7.093404625868766,7.663407664893479,1.0,0.8848263888888889,1.0178069353327084,83.0,0.09351503759398497,0
adobe/brackets,2014-03-01,5.631211781821365,6.70073110954781,7.60887062919126,1.0,0.10844907407407407,0.8283028203859476,58.0,0.1250620347394541,0
adobe/brackets,2014-05-30,5.605802066295998,6.773080375655535,7.430114138561801,1.0,0.03141203703703704,0.9651094027202839,59.0,0.11157270029673591,0
adobe/brackets,2014-08-28,5.805134968916488,6.732210706467206,7.445417556701687,1.0,0.10096064814814815,1.1601630751310423,58.0,0.13734658094681473,0
adobe/brackets,2014-11-26,4.927253685157205,6.519147287940395,7.323830566202317,1.0,0.0905787037037037,0.5443786982248521,54.0,0.13135313531353135,0
adobe/brackets,2015-02-24,4.02535169073515,5.616771097666572,6.858565034791365,1.0,0.6225115740740741,0.3510971786833856,42.0,0.13249211356466878,0
adobe/brackets,2015-05-25,3.58351893845611,5.552959584921617,6.2766434893416445,1.0,4.108854166666666,0.4022346368715084,46.0,0.1111111111111111,0
adobe/brackets,2015-08-23,3.8501476017100584,5.805134968916488,6.3784261836515865,1.0,1.3822222222222222,0.47474747474747475,33.0,0.1377551020408163,0
adobe/brackets,2015-11-21,2.833213344056216,4.477336814478207,6.037870919922137,0.9615384615384616,3.333275462962963,0.24056603773584903,20.0,0.22966507177033493,0
adobe/brackets,2016-02-19,3.6109179126442243,4.787491742782046,5.332718793265369,1.0,0.5957523148148148,1.0471698113207546,20.0,0.2524271844660194,0
adobe/brackets,2016-05-19,3.58351893845611,4.110873864173311,5.19295685089021,0.9230769230769231,0.13898148148148148,1.1675675675675676,19.0,0.3854748603351955,0
adobe/brackets,2016-08-17,3.713572066704308,4.23410650459726,4.859812404361672,0.8076923076923077,0.4599652777777778,1.8358208955223883,19.0,0.1875,0
adobe/brackets,2016-11-15,2.6390573296152584,4.48863636973214,5.056245805348308,0.8461538461538461,4.0323263888888885,0.5185185185185185,26.0,0.28205128205128205,0
adobe/brackets,2017-02-13,2.1972245773362196,3.58351893845611,4.820281565605037,1.0,4.645428240740741,0.4186046511627907,19.0,0.25203252032520324,0
adobe/brackets,2017-05-14,3.5553480614894135,5.365976015021851,5.517452896464707,0.8846153846153846,5.530636574074074,0.8267716535433071,26.0,0.1693548387096774,0
adobe/brackets,2017-08-12,2.0794415416798357,4.290459441148391,5.655991810819852,0.9615384615384616,4.208344907407407,0.16494845360824742,19.0,0.18596491228070175,0
adobe/brackets,2017-11-10,2.995732273553991,3.9512437185814275,4.820281565605037,0.8846153846153846,0.3995023148148148,0.9302325581395349,19.0,0.16260162601626016,0
adobe/brackets,2018-02-08,3.5553480614894135,5.159055299214529,5.41610040220442,0.8461538461538461,7.41943287037037,0.9130434782608695,20.0,0.45982142857142855,0
adobe/brackets,2018-05-09,3.5553480614894135,4.02535169073515,5.43372200355424,0.7692307692307693,0.3225462962962963,0.8974358974358975,11.0,0.41228070175438597,0
adobe/brackets,2018-08-07,2.0794415416798357,4.02535169073515,4.709530201312334,0.6538461538461539,5.184236111111111,0.4137931034482759,13.0,0.20909090909090908,0
adobe/brackets,2018-11-05,2.0794415416798357,3.258096538021482,4.394449154672439,0.6923076923076923,20.26730324074074,0.5581395348837209,9.0,0.25,0
adobe/brackets,2019-02-03,1.0986122886681098,2.995732273553991,3.8066624897703196,0.5,4.690555555555555,0.36000000000000004,3.0,0.29545454545454547,0
adobe/brackets,2019-05-04,4.382026634673881,5.181783550292085,5.2832037287379885,0.6153846153846154,2.5483101851851853,2.3762376237623766,11.0,0.21428571428571427,0
adobe/brackets,2019-08-02,0.0,1.6094379124341003,5.204006687076795,0.5384615384615384,73.47758101851852,0.0320855614973262,1.0,0.2541436464088398,0
adobe/brackets,2020-01-29,1.0986122886681098,3.258096538021482,3.258096538021482,0.23076923076923078,9.248333333333333,0.5806451612903225,5.0,0.4,0
adobe/brackets,2020-04-28,0.0,3.912023005428146,4.31748811353631,0.46153846153846156,32.433449074074076,0.075,4.0,0.36486486486486486,1
adobe/brackets,2021-04-23,0.0,1.0986122886681098,1.0986122886681098,0.07692307692307693,36.311076388888885,0.75,1.0,1.0,1
angular/angular.js,2010-03-07,2.772588722239781,4.1588830833596715,4.1588830833596715,0.3076923076923077,8.116412037037037,1.391304347826087,3.0,0.8888888888888888,0
angular/angular.js,2010-06-05,3.7612001156935624,4.997212273764115,5.351858133476067,0.7692307692307693,1.247800925925926,1.1944444444444444,5.0,0.7142857142857143,0
angular/angular.js,2010-09-03,3.912023005428146,4.718498871295094,5.556828061699537,0.8846153846153846,14.947708333333333,1.1363636363636365,9.0,0.5891472868217055,0
angular/angular.js,2010-12-02,4.941642422609304,5.666426688112432,5.991464547107982,0.9615384615384616,1.968738425925926,2.074074074074074,11.0,0.39849624060150374,0
angular/angular.js,2011-03-02,4.48863636973214,5.365976015021851,6.218600119691729,0.9615384615384616,0.9146296296296297,1.0532544378698225,7.0,0.592814371257485,0
angular/angular.js,2011-05-31,3.970291913552122,5.099866427824199,5.932245187448011,0.9615384615384616,2.6331828703703706,0.8324607329842932,8.0,0.601063829787234,0
angular/angular.js,2011-08-29,4.672828834461906,5.662960480135946,6.111467339502679,1.0,2.253738425925926,1.4078947368421053,10.0,0.4688888888888889,0
angular/angular.js,2011-11-27,4.574710978503383,5.564520407322694,6.306275286948016,1.0,1.7742708333333332,1.0524412296564194,11.0,0.2303473491773309,0
angular/angular.js,2012-02-25,3.8918202981106265,5.0689042022202315,6.037870919922137,1.0,0.033171296296296296,0.6933962264150942,13.0,0.45215311004784686,0
angular/angular.js,2012-05-25,4.356708826689592,5.799092654460526,6.1903154058531475,1.0,0.06261574074074074,0.9492900608519269,17.0,0.45790554414784396,0
angular/angular.js,2012-08-23,4.31748811353631,5.308267697401205,6.274762021241939,1.0,2.0504050925925927,0.8395522388059702,34.0,0.43018867924528303,0
angular/angular.js,2012-11-21,4.276666119016055,5.6131281063880705,6.163314804034641,1.0,1.5820370370370371,0.9,55.0,0.34177215189873417,0
angular/angular.js,2013-02-19,4.804021044733257,5.676753802268282,6.336825731146441,1.0,0.49635416666666665,1.2842105263157895,70.0,0.3546099290780142,0
angular/angular.js,2013-05-20,5.030437921392435,6.023447592961033,6.556778356158042,1.0,0.025277777777777777,1.2947813822284908,129.0,0.22048364153627312,0
angular/angular.js,2013-08-18,5.564520407322694,6.406879986069314,6.925595197110468,1.0,0.035104166666666665,1.530791788856305,133.0,0.15240904621435594,0
angular/angular.js,2013-11-16,5.43372200355424,6.492239835020471,7.142827401161621,1.0,0.5579282407407408,1.0818897637795275,224.0,0.14003164556962025,0
angular/angular.js,2014-02-14,5.303304908059076,6.4692503167957724,7.1731917424865985,1.0,0.026377314814814815,0.9213139801375095,223.0,0.09363008442056792,0
angular/angular.js,2014-05-15,5.231108616854587,6.779921907472252,7.329093736246592,1.0,0.4039814814814815,0.7338129496402878,191.0,0.1319763624425476,0
angular/angular.js,2014-08-13,5.68697535633982,6.80128303447162,7.48324441607385,1.0,0.1307986111111111,0.992708917554683,162.0,0.14800225098480585,0
angular/angular.js,2014-11-11,5.438079308923196,6.811244378601294,7.498869733976931,1.0,0.052766203703703704,0.7620099392600773,184.0,0.12520775623268698,0
angular/angular.js,2015-02-09,5.278114659230517,6.326149473155099,7.290292882446597,1.0,1.2670138888888889,0.7994561522773623,163.0,0.13447098976109215,0
angular/angular.js,2015-05-10,4.7535901911063645,6.0063531596017325,6.871091294610546,1.0,0.1621412037037037,0.718266253869969,104.0,0.17757009345794392,0
angular/angular.js,2015-08-08,4.499809670330265,5.666426688112432,6.542471960506805,1.0,0.18122685185185186,0.7725321888412017,90.0,0.2049062049062049,0
angular/angular.js,2015-11-06,4.61512051684126,5.971261839790462,6.522092798170152,1.0,0.12769675925925925,0.8846715328467153,86.0,0.16789396170839468,0
angular/angular.js,2016-02-04,5.278114659230517,6.144185634125646,6.75343791859778,1.0,0.04945601851851852,1.3642691415313226,68.0,0.1927570093457944,0
angular/angular.js,2016-05-04,5.1647859739235145,6.150602768446279,6.839476438228843,1.0,1.3949537037037036,1.1182108626198084,98.0,0.1907824222936763,0
angular/angular.js,2016-08-02,4.969813299576001,6.104793232414985,6.82001636467413,1.0,0.03172453703703704,0.9381107491856677,66.0,0.16393442622950818,0
angular/angular.js,2016-10-31,4.976733742420574,5.802118375377063,6.656726524178391,1.0,0.6099537037037037,1.1111111111111112,49.0,0.2059202059202059,0
angular/angular.js,2017-01-29,4.394449154672439,5.7745515455444085,6.480044561926653,1.0,0.40273148148148147,0.7397260273972602,47.0,0.25960061443932414,0
angular/angular.js,2017-04-29,4.07753744390572,5.402677381872279,6.297109319933935,1.0,1.0235648148148149,0.6459854014598541,43.0,0.2047970479704797,0
angular/angular.js,2017-07-28,4.07753744390572,4.941642422609304,5.8888779583328805,1.0,0.45158564814814817,0.9672131147540983,28.0,0.2111111111111111,0
angular/angular.js,2017-10-26,3.970291913552122,4.7535901911063645,5.541263545158426,1.0,0.6354861111111111,1.223076923076923,18.0,0.23228346456692914,0
angular/angular.js,2018-01-24,4.204692619390966,4.859812404361672,5.497168225293202,0.9615384615384616,1.3272800925925925,1.6144578313253013,18.0,0.34156378600823045,0
angular/angular.js,2018-04-24,3.367295829986474,4.890349128221754,5.564520407322694,1.0,6.309583333333333,0.6541353383458647,11.0,0.39615384615384613,0
angular/angular.js,2018-07-23,4.204692619390966,5.043425116919247,5.659482215759621,1.0,0.20068287037037036,1.3767123287671235,12.0,0.32167832167832167,0
angular/angular.js,2018-10-21,3.367295829986474,4.454347296253507,5.480638923341991,0.9615384615384616,1.8899537037037037,0.710204081632653,13.0,0.39330543933054396,0
angular/angular.js,2019-01-19,3.6109179126442243,4.605170185988092,5.220355825078324,0.9230769230769231,1.6105671296296296,1.1684210526315788,14.0,0.33695652173913043,0
angular/angular.js,2019-04-19,1.791759469228055,3.332204510175204,4.844187086458591,0.8076923076923077,6.605972222222222,0.2727272727272727,7.0,0.2857142857142857,0
angular/angular.js,2019-07-18,0.0,1.6094379124341003,3.4657359027997265,0.4230769230769231,54.26417824074074,0.16216216216216214,2.0,0.3225806451612903,0
angular/angular.js,2019-10-16,0.6931471805599453,2.0794415416798357,2.4849066497880004,0.15384615384615385,0.17166666666666666,0.7058823529411765,2.0,0.7272727272727273,0
angular/angular.js,2020-01-14,1.9459101490553132,2.833213344056216,3.1780538303479458,0.3076923076923077,6.671921296296296,1.4482758620689653,4.0,0.391304347826087,0
angular/angular.js,2020-04-13,1.0986122886681098,2.5649493574615367,3.367295829986474,0.34615384615384615,0.24600694444444443,0.5294117647058824,5.0,0.32142857142857145,0
angular/angular.js,2020-07-12,0.0,3.4965075614664802,3.8066624897703196,0.3076923076923077,36.475335648148146,0.12000000000000002,8.0,0.3181818181818182,0
angular/angular.js,2020-10-10,2.833213344056216,3.713572066704308,4.290459441148391,0.5384615384615384,4.455185185185186,1.3076923076923077,6.0,0.4166666666666667,0
angular/angular.js,2021-01-08,0.0,2.1972245773362196,3.8918202981106265,0.46153846153846156,75.15782407407407,0.1111111111111111,2.0,0.625,0
angular/angular.js,2021-04-08,1.0986122886681098,3.2188758248682006,3.4965075614664802,0.19230769230769232,29.877222222222223,0.4736842105263158,2.0,0.875,0
angular/angular.js,2021-07-07,1.6094379124341003,2.5649493574615367,3.6109179126442243,0.19230769230769232,28.11724537037037,0.7142857142857143,3.0,0.6111111111111112,0
angular/angular.js,2021-10-05,0.0,1.0986122886681098,2.70805020110221,0.15384615384615385,45.134930555555556,0.3,1.0,0.5714285714285714,0
angular/angular.js,2022-01-03,1.6094379124341003,1.9459101490553132,2.1972245773362196,0.11538461538461539,25.39138888888889,2.1428571428571432,1.0,0.75,0
angular/angular.js,2022-04-03,1.0986122886681098,1.0986122886681098,2.1972245773362196,0.11538461538461539,15.204930555555556,1.2857142857142858,1.0,0.75,0
angular/angular.js,2022-07-02,0.0,1.9459101490553132,2.1972245773362196,0.11538461538461539,80.34142361111111,0.4285714285714286,1.0,0.75,1
angular/angular.js,2024-06-21,0.0,0.6931471805599453,0.6931471805599453,0.038461538461538464,69.26166666666667,0.8571428571428571,1.0,1.0,1
angular/protractor,2014-01-16,3.784189633918261,4.882801922586371,5.472270673671475,0.9230769230769231,0.3332060185185185,1.0864197530864197,25.0,0.7974683544303798,0
angular/protractor,2014-04-16,3.7612001156935624,5.087596335232384,5.680172609017068,1.0,0.3213888888888889,0.865771812080537,41.0,0.6506849315068494,0
angular/protractor,2014-07-15,4.290459441148391,5.10594547390058,5.786897381366708,1.0,0.1555324074074074,1.3232628398791542,33.0,0.56,0
angular/protractor,2014-10-13,3.912023005428146,4.795790545596741,5.652489180268651,1.0,2.179803240740741,1.0344827586206895,22.0,0.5774647887323944,0
angular/protractor,2015-01-11,3.6635616461296463,4.634728988229636,5.407171771460119,1.0,0.15563657407407408,1.0263157894736843,19.0,0.46846846846846846,0
angular/protractor,2015-04-11,3.6888794541139363,4.90527477843843,5.4680601411351315,0.9615384615384616,0.24609953703703705,0.9917355371900826,28.0,0.3855932203389831,0
angular/protractor,2015-07-10,3.295836866004329,4.3694478524670215,5.3612921657094255,1.0,2.5946527777777777,0.7431192660550459,25.0,0.3867924528301887,0
angular/protractor,2015-10-08,3.713572066704308,4.189654742026425,4.969813299576001,0.8846153846153846,0.3249768518518519,1.651006711409396,17.0,0.3706293706293706,0
angular/protractor,2016-01-06,2.1972245773362196,3.9889840465642745,4.77912349311153,0.8461538461538461,8.408680555555556,0.43548387096774194,20.0,0.3050847457627119,0
angular/protractor,2016-04-05,2.995732273553991,4.248495242049359,4.812184355372417,0.9615384615384616,3.306412037037037,0.9375,24.0,0.19672131147540983,0
angular/protractor,2016-07-04,3.295836866004329,4.3694478524670215,4.997212273764115,0.9615384615384616,2.900474537037037,1.0588235294117647,14.0,0.24489795918367346,0
angular/protractor,2016-10-02,3.871201010907891,4.852030263919617,5.327876168789581,0.9230769230769231,8.50116898148148,1.3649289099526067,14.0,0.45365853658536587,0
angular/protractor,2016-12-31,4.060443010546419,4.672828834461906,5.455321115357702,0.9615384615384616,1.0163773148148147,1.4560669456066946,23.0,0.34334763948497854,0
angular/protractor,2017-03-31,1.9459101490553132,4.477336814478207,5.267858159063328,0.8846153846153846,13.409421296296296,0.21105527638190957,22.0,0.25906735751295334,0
angular/protractor,2017-06-29,1.9459101490553132,3.4011973816621555,4.762173934797756,0.7692307692307693,0.25734953703703706,0.3442622950819672,13.0,0.3103448275862069,0
angular/protractor,2017-09-27,0.6931471805599453,2.0794415416798357,3.6109179126442243,0.6153846153846154,25.287824074074074,0.2857142857142857,5.0,0.3055555555555556,0
angular/protractor,2017-12-26,2.8903717578961645,3.4965075614664802,3.6888794541139363,0.6153846153846154,11.18417824074074,2.4,15.0,0.4358974358974359,0
angular/protractor,2018-03-26,1.0986122886681098,2.772588722239781,3.871201010907891,0.5769230769230769,4.2429398148148145,0.339622641509434,9.0,0.5106382978723404,0
angular/protractor,2018-06-24,1.3862943611198906,2.833213344056216,3.4657359027997265,0.34615384615384615,17.41696759259259,0.6486486486486486,9.0,0.45161290322580644,0
angular/protractor,2018-09-22,1.9459101490553132,2.772588722239781,3.4657359027997265,0.4230769230769231,12.058460648148149,1.135135135135135,7.0,0.45161290322580644,0
angular/protractor,2018-12-21,4.04305126783455,4.7535901911063645,4.875197323201151,0.46153846153846156,0.3171527777777778,2.514705882352941,7.0,0.6384615384615384,0
angular/protractor,2019-03-21,0.6931471805599453,2.302585092994046,4.8283137373023015,0.38461538461538464,12.761979166666666,0.0923076923076923,3.0,0.6935483870967742,0
angular/protractor,2019-06-19,0.6931471805599453,2.4849066497880004,3.044522437723423,0.2692307692307692,12.425416666666667,0.46153846153846145,6.0,0.4,0
angular/protractor,2019-12-16,0.0,2.0794415416798357,2.0794415416798357,0.15384615384615385,61.2052662037037,0.46153846153846145,4.0,0.42857142857142855,0
angular/protractor,2020-03-15,0.0,1.6094379124341003,2.4849066497880004,0.2692307692307692,36.16538194444445,0.35294117647058826,1.0,0.6363636363636364,0
angular/protractor,2020-06-13,0.6931471805599453,2.772588722239781,2.995732273553991,0.23076923076923078,29.778703703703705,0.4800000000000001,3.0,0.47368421052631576,1
angular/protractor,2022-09-01,0.6931471805599453,0.6931471805599453,0.6931471805599453,0.038461538461538464,21.259120370370372,1.7142857142857142,1.0,1.0,1
angular/protractor,2023-05-29,1.0986122886681098,1.3862943611198906,1.3862943611198906,0.07692307692307693,19.286967592592593,2.0,2.0,0.6666666666666666,1
animate-css/animate.css,2012-10-11,1.791759469228055,2.0794415416798357,2.9444389791664403,0.34615384615384615,8.683703703703705,1.5,4.0,0.5,0
animate-css/animate.css,2013-01-09,0.6931471805599453,1.3862943611198906,2.3978952727983707,0.19230769230769232,1.7238194444444443,0.7499999999999999,2.0,0.3,0
animate-css/animate.css,2013-04-09,0.6931471805599453,1.6094379124341003,2.0794415416798357,0.15384615384615385,27.880324074074075,0.9230769230769229,1.0,0.7142857142857143,0
animate-css/animate.css,2013-07-08,0.0,0.6931471805599453,1.791759469228055,0.11538461538461539,89.97314814814816,0.5454545454545454,1.0,1.0,0
animate-css/animate.css,2013-10-06,1.6094379124341003,2.772588722239781,2.833213344056216,0.19230769230769232,24.503275462962964,1.3636363636363638,5.0,0.6875,0
animate-css/animate.css,2014-01-04,0.6931471805599453,2.1972245773362196,3.1780538303479458,0.38461538461538464,9.720219907407408,0.4137931034482758,5.0,0.6086956521739131,0
animate-css/animate.css,2014-04-04,1.9459101490553132,2.9444389791664403,3.295836866004329,0.4230769230769231,4.547476851851852,1.3125,10.0,0.2692307692307692,0
animate-css/animate.css,2014-07-03,0.6931471805599453,2.3978952727983707,3.367295829986474,0.5,20.53096064814815,0.3529411764705882,5.0,0.25,0
animate-css/animate.css,2014-10-01,1.9459101490553132,2.70805020110221,3.2188758248682006,0.5,4.779201388888889,1.4,9.0,0.4166666666666667,0
animate-css/animate.css,2014-12-30,0.0,0.6931471805599453,2.772588722239781,0.34615384615384615,48.534618055555555,0.2857142857142857,1.0,0.4,0
animate-css/animate.css,2015-03-30,2.833213344056216,3.6888794541139363,3.713572066704308,0.3076923076923077,5.305289351851852,2.217391304347826,10.0,0.45,0
animate-css/animate.css,2015-06-28,0.6931471805599453,2.6390573296152584,3.970291913552122,0.4230769230769231,17.491099537037037,0.20689655172413796,4.0,0.34615384615384615,0
animate-css/animate.css,2015-09-26,1.0986122886681098,2.5649493574615367,3.258096538021482,0.38461538461538464,1.8687847222222222,0.5806451612903225,8.0,0.36,0
animate-css/animate.css,2015-12-25,2.3978952727983707,2.8903717578961645,3.4011973816621555,0.5,5.857037037037037,1.885714285714286,7.0,0.2413793103448276,0
animate-css/animate.css,2016-03-24,1.3862943611198906,2.5649493574615367,3.4011973816621555,0.5384615384615384,1.861550925925926,0.6857142857142857,8.0,0.3448275862068966,0
animate-css/animate.css,2016-06-22,0.6931471805599453,2.0794415416798357,2.995732273553991,0.46153846153846156,14.046921296296297,0.4800000000000001,4.0,0.21052631578947367,0
animate-css/animate.css,2016-09-20,1.791759469228055,2.0794415416798357,2.70805020110221,0.2692307692307692,17.758506944444445,1.7999999999999998,4.0,0.2857142857142857,0
animate-css/animate.css,2016-12-19,0.0,2.5649493574615367,2.995732273553991,0.19230769230769232,83.0389699074074,0.24000000000000005,3.0,0.3684210526315789,0
animate-css/animate.css,2017-06-17,0.0,0.6931471805599453,0.6931471805599453,0.038461538461538464,50.90613425925926,0.8571428571428571,1.0,1.0,0
animate-css/animate.css,2017-09-15,0.0,1.9459101490553132,2.0794415416798357,0.11538461538461539,47.52775462962963,0.46153846153846145,6.0,0.14285714285714285,0
animate-css/animate.css,2017-12-14,2.3978952727983707,2.772588722239781,3.091042453358316,0.15384615384615385,3.862835648148148,2.4444444444444446,8.0,0.38095238095238093,0
animate-css/animate.css,2018-03-14,0.0,2.3978952727983707,3.258096538021482,0.3076923076923077,34.722766203703706,0.1935483870967742,4.0,0.32,0
animate-css/animate.css,2018-06-12,0.0,0.6931471805599453,2.4849066497880004,0.23076923076923078,59.129618055555554,0.35294117647058826,1.0,0.6363636363636364,0
animate-css/animate.css,2018-09-10,0.6931471805599453,2.772588722239781,2.833213344056216,0.19230769230769232,13.466539351851852,0.5454545454545455,6.0,0.5,0
animate-css/animate.css,2018-12-09,0.6931471805599453,1.791759469228055,3.044522437723423,0.3076923076923077,9.629675925925927,0.46153846153846145,4.0,0.4,0
animate-css/animate.css,2019-03-09,1.791759469228055,2.0794415416798357,2.5649493574615367,0.2692307692307692,12.801412037037037,2.0,3.0,0.5833333333333334,0
animate-css/animate.css,2019-06-07,2.302585092994046,2.4849066497880004,2.9444389791664403,0.3076923076923077,1.8529976851851853,2.5,4.0,0.5,0
animate-css/animate.css,2019-09-05,0.0,1.6094379124341003,2.772588722239781,0.2692307692307692,63.82201388888889,0.2857142857142857,2.0,0.4666666666666667,0
animate-css/animate.css,2019-12-04,0.0,0.6931471805599453,1.791759469228055,0.15384615384615385,66.94858796296296,0.5454545454545454,1.0,0.8,0
animate-css/animate.css,2020-03-03,0.0,1.0986122886681098,1.3862943611198906,0.07692307692307693,86.8020138888889,0.6666666666666666,2.0,0.3333333333333333,0
animate-css/animate.css,2020-06-01,2.8903717578961645,3.044522437723423,3.1354942159291497,0.2692307692307692,2.9168287037037035,3.8571428571428577,6.0,0.5909090909090909,0
animate-css/animate.css,2020-08-30,2.0794415416798357,2.4849066497880004,3.4657359027997265,0.5,2.353252314814815,1.2972972972972971,5.0,0.5161290322580645,0
animate-css/animate.css,2020-11-28,0.0,2.302585092994046,3.044522437723423,0.4230769230769231,57.99282407407407,0.23076923076923073,5.0,0.3,0
animate-css/animate.css,2021-02-26,1.3862943611198906,2.1972245773362196,2.8903717578961645,0.46153846153846156,4.01224537037037,1.0434782608695652,7.0,0.17647058823529413,0
animate-css/animate.css,2021-05-27,0.6931471805599453,1.0986122886681098,2.3978952727983707,0.38461538461538464,7.080868055555555,0.7499999999999999,2.0,0.3,0
animate-css/animate.css,2021-08-25,1.3862943611198906,2.5649493574615367,2.70805020110221,0.23076923076923078,11.759594907407408,1.2,6.0,0.42857142857142855,0
animate-css/animate.css,2021-11-23,0.0,1.791759469228055,2.8903717578961645,0.38461538461538464,35.880578703703705,0.2608695652173913,4.0,0.35294117647058826,0
animate-css/animate.css,2022-02-21,0.6931471805599453,1.0986122886681098,2.0794415416798357,0.2692307692307692,19.97712962962963,0.9230769230769229,2.0,0.2857142857142857,0
animate-css/animate.css,2022-05-22,0.0,1.6094379124341003,1.9459101490553132,0.15384615384615385,31.0534375,0.5,1.0,0.8333333333333334,1
animate-css/animate.css,2024-05-11,0.0,1.0986122886681098,1.0986122886681098,0.038461538461538464,69.96585648148148,0.75,2.0,0.5,1
ariya/phantomjs,2011-12-27,4.204692619390966,4.700480365792417,6.023447592961033,0.9615384615384616,0.282662037037037,0.9617224880382774,12.0,0.3907766990291262,0
ariya/phantomjs,2012-03-26,4.543294782270004,4.962844630259907,5.529429087511423,1.0,2.546712962962963,2.194552529182879,14.0,0.4820717131474104,0
ariya/phantomjs,2012-06-24,4.127134385045092,4.68213122712422,5.521460917862246,1.0,0.07497685185185185,1.4588235294117646,16.0,0.4497991967871486,0
ariya/phantomjs,2012-09-22,4.07753744390572,5.017279836814924,5.552959584921617,1.0,0.5404976851851852,1.3460076045627376,18.0,0.4591439688715953,0
ariya/phantomjs,2012-12-21,3.713572066704308,4.762173934797756,5.58724865840025,0.9615384615384616,0.4683217592592593,0.9044117647058824,15.0,0.5150375939849624,0
ariya/phantomjs,2013-03-21,3.4011973816621555,4.718498871295094,5.429345628954441,0.9615384615384616,0.011909722222222223,0.7725321888412017,21.0,0.5198237885462555,0
ariya/phantomjs,2013-06-19,3.4657359027997265,4.564348191467836,5.332718793265369,0.9615384615384616,0.3610763888888889,0.9056603773584905,15.0,0.5145631067961165,0
ariya/phantomjs,2013-09-17,2.3978952727983707,3.295836866004329,4.804021044733257,0.8846153846153846,4.3506481481481485,0.5196850393700787,12.0,0.4132231404958678,0
ariya/phantomjs,2013-12-16,3.1354942159291497,3.6375861597263857,4.1588830833596715,0.6538461538461539,2.399988425925926,2.0,14.0,0.1746031746031746,0
ariya/phantomjs,2014-03-16,2.995732273553991,4.465908118654584,4.820281565605037,0.6923076923076923,5.299849537037037,0.9302325581395349,36.0,0.34146341463414637,0
ariya/phantomjs,2014-06-14,2.5649493574615367,3.871201010907891,4.897839799950911,0.9230769230769231,1.928275462962963,0.5611510791366906,30.0,0.2781954887218045,0
ariya/phantomjs,2014-09-12,4.31748811353631,4.59511985013459,4.983606621708336,0.9230769230769231,0.45408564814814817,2.9801324503311255,22.0,0.3448275862068966,0
ariya/phantomjs,2014-12-11,2.5649493574615367,4.31748811353631,5.153291594497779,1.0,0.7412037037037037,0.4382022471910112,33.0,0.4476744186046512,0
ariya/phantomjs,2015-03-11,2.3978952727983707,3.8918202981106265,4.812184355372417,0.9230769230769231,1.5202083333333334,0.515625,27.0,0.3442622950819672,0
ariya/phantomjs,2015-06-09,2.772588722239781,3.4965075614664802,4.394449154672439,0.8461538461538461,6.917800925925926,1.1162790697674418,21.0,0.175,0
ariya/phantomjs,2015-09-07,2.995732273553991,3.8501476017100584,4.3694478524670215,0.9230769230769231,2.350115740740741,1.4285714285714286,24.0,0.19230769230769232,0
ariya/phantomjs,2015-12-06,3.258096538021482,3.970291913552122,4.59511985013459,0.9615384615384616,3.731412037037037,1.5,16.0,0.37755102040816324,0
ariya/phantomjs,2016-03-05,1.9459101490553132,4.59511985013459,5.017279836814924,0.9615384615384616,1.2759606481481482,0.2692307692307692,31.0,0.32,0
ariya/phantomjs,2016-06-03,3.258096538021482,3.9318256327243257,5.003946305945459,0.8846153846153846,5.545208333333333,1.0129870129870129,22.0,0.2702702702702703,0
ariya/phantomjs,2016-09-01,2.4849066497880004,2.833213344056216,4.204692619390966,0.7307692307692307,2.0670023148148147,1.0,14.0,0.3333333333333333,0
ariya/phantomjs,2016-11-30,2.6390573296152584,3.4965075614664802,3.8918202981106265,0.5,1.667523148148148,1.5555555555555556,7.0,0.5416666666666666,0
ariya/phantomjs,2017-02-28,1.6094379124341003,2.6390573296152584,3.828641396489095,0.5384615384615384,5.549965277777778,0.5882352941176471,12.0,0.6,0
ariya/phantomjs,2017-05-29,0.0,1.6094379124341003,2.8903717578961645,0.34615384615384615,56.81131944444444,0.2608695652173913,4.0,0.11764705882352941,0
ariya/phantomjs,2017-08-27,0.6931471805599453,2.302585092994046,2.6390573296152584,0.23076923076923078,18.93084490740741,0.6315789473684211,4.0,0.38461538461538464,0
ariya/phantomjs,2018-02-23,4.941642422609304,5.488937726156687,5.488937726156687,0.34615384615384615,5.657627314814815,3.4008097165991904,38.0,0.8257261410788381,0
ariya/phantomjs,2018-05-24,0.0,2.3978952727983707,5.529429087511423,0.6153846153846154,43.031087962962964,0.023346303501945526,6.0,0.796812749003984,0
ariya/phantomjs,2018-08-22,0.0,3.332204510175204,3.6375861597263857,0.3076923076923077,63.818888888888885,0.13953488372093023,2.0,0.8378378378378378,0
ariya/phantomjs,2018-11-20,0.0,1.0986122886681098,3.4011973816621555,0.19230769230769232,67.24236111111111,0.17142857142857143,1.0,0.9655172413793104,1
ariya/phantomjs,2020-02-13,0.6931471805599453,3.4657359027997265,3.4657359027997265,0.19230769230769232,29.892662037037038,0.3243243243243243,2.0,0.6451612903225806,0
ariya/phantomjs,2020-05-13,0.0,1.0986122886681098,3.5263605246161616,0.23076923076923078,39.245127314814816,0.15384615384615385,2.0,0.6060606060606061,0
ariya/phantomjs,2020-08-11,0.6931471805599453,2.0794415416798357,2.302585092994046,0.3076923076923077,28.528761574074075,0.8,2.0,0.6666666666666666,1
atom/atom,2012-08-18,5.420534999272286,6.725033642166843,7.45182223652793,1.0,1.318148148148148,0.7847222222222222,8.0,0.39256678281068524,0
atom/atom,2012-11-16,5.976350909297934,6.8690144506657065,7.492203042618741,1.0,0.12733796296296296,1.3140633685380767,10.0,0.3234802007808143,0
atom/atom,2013-02-14,6.838405200847344,7.393263094763838,7.857867559331803,1.0,0.04069444444444444,2.1605557699729836,17.0,0.36015473887814314,0
atom/atom,2013-05-15,6.354370040797351,7.476472381163905,8.128585200374497,1.0,0.05329861111111111,1.01620029455081,25.0,0.38329890823251694,0
atom/atom,2013-08-13,5.983936280687191,7.15305163493748,8.02059914989697,1.0,0.10725694444444445,0.781496062992126,19.0,0.41255752794214334,0
atom/atom,2013-11-11,6.588926477533519,7.661997558901893,8.132412674500905,1.0,1.101574074074074,1.2799295774647887,18.0,0.47854203409758966,0
atom/atom,2014-02-09,6.625392368007956,7.5256399750415355,8.289037098278483,1.0,0.9460879629629629,1.1352572145545798,19.0,0.5036441316913798,0
atom/atom,2014-05-10,6.214608098422191,7.601402334583733,8.25712628599743,1.0,0.1953587962962963,0.7772020725388601,50.0,0.5316554229372081,0
atom/atom,2014-08-08,6.049733455231958,7.400009517162692,8.19863945529737,1.0,0.4266550925925926,0.6987091458390552,65.0,0.46960110041265474,0
atom/atom,2014-11-06,6.440946540632921,7.601901959875166,8.19891444498699,1.0,0.13394675925925925,1.0329489291598024,45.0,0.37761276127612764,0
atom/atom,2015-02-04,6.661854740545311,7.4815557019095165,8.236420527265391,1.0,0.006550925925925926,1.240941549854536,55.0,0.3629139072847682,0
atom/atom,2015-05-05,6.173786103901937,7.326465613840322,8.099857910737585,1.0,0.18762731481481482,0.8729918157017278,51.0,0.4075311266322502,0
atom/atom,2015-08-03,5.556828061699537,7.0431599159883405,7.88758403166028,1.0,1.5787152777777778,0.5822405395279131,60.0,0.3856552760045062,0
atom/atom,2015-11-01,6.246106765481563,7.273092595999522,7.85748078694253,1.0,1.3699884259259258,1.1953667953667952,57.0,0.21710526315789475,0
atom/atom,2016-01-30,5.537334267018537,6.951772164398911,7.818027938530729,1.0,0.9320949074074074,0.6120481927710844,51.0,0.2073268921095008,0
atom/atom,2016-04-29,5.831882477283517,6.914730892718563,7.62608275807238,1.0,0.2370486111111111,0.9951361867704279,64.0,0.23170731707317074,0
atom/atom,2016-07-28,5.365976015021851,6.253828811575473,7.330405211844402,1.0,0.13712962962962963,0.8386675375571522,43.0,0.1481967213114754,0
atom/atom,2016-10-26,5.476463551931511,6.8679744089702925,7.299797366758161,1.0,0.05991898148148148,0.9656565656565657,49.0,0.30899256254225826,0
atom/atom,2017-01-24,5.198497031265826,6.431331081933479,7.365812837209472,1.0,0.3515625,0.6847414880201766,43.0,0.24873417721518987,0
atom/atom,2017-04-24,5.932245187448011,6.925595197110468,7.401231264413015,1.0,2.3526273148148147,1.3767498478393183,42.0,0.2687843616371411,0
atom/atom,2017-07-23,4.897839799950911,6.444131256700441,7.406103381237015,1.0,1.437673611111111,0.486977589339794,42.0,0.2419452887537994,0
atom/atom,2017-10-21,5.53338948872752,6.881411303642535,7.379008127628304,1.0,0.12188657407407408,0.9446172993154948,47.0,0.13803872579637727,0
atom/atom,2018-01-19,5.278114659230517,6.565264970035361,7.428333194190806,1.0,0.13114583333333332,0.6966824644549764,47.0,0.18549346016646848,0
atom/atom,2018-04-19,5.003946305945459,6.16541785423142,7.077498053569231,1.0,0.23412037037037037,0.7512605042016807,39.0,0.21452702702702703,0
atom/atom,2018-07-18,5.0689042022202315,5.955837369464831,6.7580945044277305,1.0,0.5946412037037037,1.1016166281755195,33.0,0.19534883720930232,0
atom/atom,2018-10-16,4.477336814478207,6.137727054086234,6.742880635791903,1.0,0.17190972222222223,0.6189917936694022,33.0,0.3022432113341204,0
atom/atom,2019-01-14,4.330733340286331,5.7899601708972535,6.670766320845874,1.0,2.378298611111111,0.5743073047858942,21.0,0.2868020304568528,0
atom/atom,2019-04-14,4.61512051684126,5.808142489980444,6.490723534502507,1.0,0.4889236111111111,0.9126506024096385,24.0,0.18085106382978725,0
atom/atom,2019-07-13,4.820281565605037,6.4425401664681985,6.866933284461882,0.9615384615384616,7.552048611111111,0.7709844559585491,20.0,0.22627737226277372,0
atom/atom,2019-10-11,1.791759469228055,4.430816798843313,6.566672429803241,0.8846153846153846,16.413599537037037,0.05027932960893855,13.0,0.23380281690140844,0
atom/atom,2020-01-09,3.6635616461296463,4.605170185988092,5.209486152841421,0.8846153846153846,0.47436342592592595,1.2446808510638299,10.0,0.3516483516483517,0
atom/atom,2020-04-08,2.4849066497880004,4.564348191467836,5.272999558563747,0.9230769230769231,10.886805555555556,0.36,11.0,0.5103092783505154,0
atom/atom,2020-07-07,3.9318256327243257,5.1298987149230735,5.575949103146316,0.9230769230769231,0.0422337962962963,1.1375464684014869,18.0,0.34600760456273766,0
atom/atom,2020-10-05,4.605170185988092,5.342334251964811,5.932245187448011,0.9230769230769231,0.7095023148148148,1.5706806282722514,27.0,0.2712765957446808,0
atom/atom,2021-01-03,2.3978952727983707,4.430816798843313,5.676753802268282,0.8461538461538461,23.696666666666665,0.2222222222222222,30.0,0.3436426116838488,0
atom/atom,2021-04-03,3.784189633918261,4.5217885770490405,5.1647859739235145,0.8461538461538461,3.455960648148148,1.4666666666666666,26.0,0.14942528735632185,0
atom/atom,2021-07-02,3.295836866004329,4.553876891600541,5.225746673713202,1.0,0.4150347222222222,0.8481675392670157,19.0,0.15135135135135136,0
atom/atom,2021-09-30,2.8903717578961645,4.553876891600541,5.241747015059643,1.0,1.1790046296296297,0.5567010309278352,22.0,0.32978723404255317,0
atom/atom,2021-12-29,3.1354942159291497,3.7376696182833684,4.912654885736052,0.8076923076923077,5.04074074074074,0.9787234042553191,11.0,0.3925925925925926,0
atom/atom,2022-03-29,2.3978952727983707,3.9318256327243257,4.5217885770490405,0.6538461538461539,4.560590277777778,0.6804123711340208,12.0,0.2857142857142857,0
atom/atom,2022-06-27,1.0986122886681098,2.70805020110221,4.174387269895637,0.7307692307692307,9.425208333333334,0.2571428571428572,8.0,0.28125,0
atom/atom,2022-09-25,1.0986122886681098,1.0986122886681098,2.833213344056216,0.34615384615384615,2.6997222222222224,0.8181818181818182,2.0,0.1875,0
atom/atom,2022-12-24,0.0,3.4011973816621555,3.4657359027997265,0.34615384615384615,31.475474537037037,0.16216216216216214,3.0,0.45161290322580644,1
axios/axios,2015-08-18,2.3978952727983707,3.4657359027997265,4.219507705176107,0.4230769230769231,7.903159722222222,0.904109589041096,7.0,0.8507462686567164,0
axios/axios,2015-11-16,2.70805020110221,3.784189633918261,4.31748811353631,0.6538461538461539,4.504166666666666,1.125,15.0,0.5675675675675675,0
axios/axios,2016-02-14,2.995732273553991,4.204692619390966,4.700480365792417,0.6923076923076923,9.17579861111111,1.0434782608695652,19.0,0.46788990825688076,0
axios/axios,2016-05-14,2.9444389791664403,4.290459441148391,4.9344739331306915,0.8461538461538461,1.1271064814814815,0.7916666666666666,20.0,0.463768115942029,0
axios/axios,2016-08-12,2.5649493574615367,3.970291913552122,4.8283137373023015,0.9615384615384616,1.5779398148148147,0.6,10.0,0.4435483870967742,0
axios/axios,2016-11-10,2.9444389791664403,4.02535169073515,4.68213122712422,0.9230769230769231,0.6792939814814815,1.008849557522124,16.0,0.514018691588785,0
axios/axios,2017-02-08,2.0794415416798357,2.833213344056216,4.276666119016055,0.8461538461538461,2.845451388888889,0.6233766233766234,11.0,0.6197183098591549,0
axios/axios,2017-05-09,1.3862943611198906,3.6375861597263857,3.9889840465642745,0.6538461538461539,5.038981481481481,0.4067796610169491,16.0,0.32075471698113206,0
axios/axios,2017-08-07,0.6931471805599453,2.0794415416798357,3.8066624897703196,0.5384615384615384,28.617638888888887,0.24000000000000005,6.0,0.3181818181818182,0
axios/axios,2017-11-05,2.4849066497880004,3.295836866004329,3.5263605246161616,0.5,2.279803240740741,1.8461538461538463,22.0,0.21212121212121213,0
axios/axios,2018-02-03,2.302585092994046,3.091042453358316,3.871201010907891,0.6153846153846154,12.252337962962963,1.1320754716981134,14.0,0.19148936170212766,0
axios/axios,2018-05-04,3.044522437723423,3.713572066704308,4.127134385045092,0.6153846153846154,23.303113425925925,1.8805970149253732,14.0,0.18032786885245902,0
axios/axios,2018-08-02,3.1780538303479458,3.332204510175204,4.219507705176107,0.6153846153846154,5.188078703703703,1.9726027397260275,10.0,0.2537313432835821,0
axios/axios,2018-10-31,0.0,3.091042453358316,3.8918202981106265,0.4230769230769231,44.260416666666664,0.1111111111111111,17.0,0.375,0
axios/axios,2019-04-29,0.0,1.9459101490553132,1.9459101490553132,0.11538461538461539,56.14163194444444,0.5,5.0,0.3333333333333333,0
axios/axios,2019-07-28,0.0,2.8903717578961645,3.1780538303479458,0.19230769230769232,57.912581018518516,0.2068965517241379,13.0,0.21739130434782608,0
axios/axios,2019-10-26,2.3978952727983707,3.4339872044851463,3.871201010907891,0.4230769230769231,1.337037037037037,1.2452830188679247,24.0,0.0851063829787234,0
axios/axios,2020-01-24,2.0794415416798357,3.091042453358316,3.9512437185814275,0.5769230769230769,2.0984375,0.8421052631578947,12.0,0.13725490196078433,0
axios/axios,2020-04-23,1.3862943611198906,3.1354942159291497,3.784189633918261,0.6538461538461539,1.361585648148148,0.48979591836734687,20.0,0.11627906976744186,0
axios/axios,2020-07-22,1.9459101490553132,3.5263605246161616,4.02535169073515,0.6538461538461539,7.274398148148149,0.6885245901639344,24.0,0.14545454545454545,0
axios/axios,2020-10-20,1.791759469228055,2.302585092994046,3.7612001156935624,0.5769230769230769,0.6912384259259259,0.75,8.0,0.14285714285714285,0
axios/axios,2021-01-18,1.3862943611198906,2.6390573296152584,3.1354942159291497,0.5384615384615384,6.324594907407407,0.8571428571428572,7.0,0.2727272727272727,0
axios/axios,2021-04-18,2.1972245773362196,2.833213344056216,3.4011973816621555,0.6538461538461539,1.2276967592592594,1.542857142857143,11.0,0.1724137931034483,0
axios/axios,2021-07-17,0.0,2.6390573296152584,3.4011973816621555,0.5384615384615384,51.70513888888889,0.17142857142857143,10.0,0.2413793103448276,0
axios/axios,2021-10-15,3.091042453358316,3.912023005428146,4.143134726391533,0.5,1.2821875,1.9411764705882353,26.0,0.2903225806451613,0
axios/axios,2022-01-13,2.995732273553991,3.295836866004329,4.330733340286331,0.5384615384615384,0.6969791666666667,1.4814814814814814,23.0,0.24,0
axios/axios,2022-04-13,2.0794415416798357,3.4965075614664802,4.07753744390572,0.46153846153846156,8.370208333333334,0.75,16.0,0.3103448275862069,0
axios/axios,2022-07-12,2.1972245773362196,4.890349128221754,5.10594547390058,0.6923076923076923,3.3677314814814814,0.31764705882352945,49.0,0.45121951219512196,0
axios/axios,2022-10-10,3.7612001156935624,4.007333185232471,5.231108616854587,0.6153846153846154,2.176736111111111,1.34375,28.0,0.41397849462365593,0
axios/axios,2023-01-08,3.1354942159291497,4.3694478524670215,4.890349128221754,0.6538461538461539,0.9085069444444445,1.0,35.0,0.2803030303030303,0
axios/axios,2023-04-08,1.0986122886681098,3.5553480614894135,4.727387818712341,0.7692307692307693,3.246886574074074,0.15254237288135591,7.0,0.5446428571428571,0
axios/axios,2023-07-07,0.0,2.4849066497880004,3.828641396489095,0.4230769230769231,70.99703703703703,0.11764705882352941,4.0,0.8,0
axios/axios,2023-10-05,2.1972245773362196,2.995732273553991,3.4339872044851463,0.38461538461538464,5.201481481481482,1.5,10.0,0.5666666666666667,0
axios/axios,2024-01-03,2.302585092994046,3.332204510175204,3.8501476017100584,0.46153846153846156,0.04528935185185185,1.1538461538461537,8.0,0.5652173913043478,0
axios/axios,2024-04-02,2.0794415416798357,3.1780538303479458,3.9318256327243257,0.5384615384615384,3.2285416666666666,0.8571428571428571,13.0,0.52,0
axios/axios,2024-07-01,0.0,2.833213344056216,3.6888794541139363,0.5,38.246886574074075,0.13333333333333333,5.0,0.5384615384615384,0
axios/axios,2024-09-29,2.0794415416798357,3.367295829986474,3.8066624897703196,0.38461538461538464,0.4770023148148148,0.9600000000000002,15.0,0.5909090909090909,0
axios/axios,2024-12-28,1.6094379124341003,3.2188758248682006,3.970291913552122,0.5384615384615384,22.54851851851852,0.5172413793103449,17.0,0.28846153846153844,0
axios/axios,2025-03-28,2.5649493574615367,3.4965075614664802,4.04305126783455,0.6538461538461539,2.2012152777777776,1.2580645161290323,25.0,0.19642857142857142,0
axios/axios,2025-06-26,1.791759469228055,3.1780538303479458,4.02535169073515,0.6153846153846154,18.223703703703702,0.5901639344262295,11.0,0.23636363636363636,0
axios/axios,2025-09-24,2.9444389791664403,3.6109179126442243,4.0943445622221,0.7692307692307693,5.401979166666667,1.7538461538461538,19.0,0.3220338983050847,0
axios/axios,2025-12-23,2.1972245773362196,4.060443010546419,4.543294782270004,0.8461538461538461,0.6010185185185185,0.5454545454545454,38.0,0.12903225806451613,0
bottlepy/bottle,2010-06-30,3.091042453358316,4.330733340286331,5.459585514144159,0.9615384615384616,0.4061226851851852,0.55,7.0,0.7564102564102564,0
bottlepy/bottle,2010-09-28,2.8903717578961645,4.499809670330265,5.10594547390058,1.0,2.776574074074074,0.6352941176470589,7.0,0.823170731707317,0
bottlepy/bottle,2010-12-27,1.9459101490553132,3.1354942159291497,4.718498871295094,0.8076923076923077,2.2894328703703706,0.358974358974359,4.0,0.8468468468468469,0
bottlepy/bottle,2011-03-27,2.5649493574615367,4.02535169073515,4.356708826689592,0.6923076923076923,2.1640046296296296,0.9397590361445782,3.0,0.9090909090909091,0
bottlepy/bottle,2011-06-25,3.5553480614894135,4.718498871295094,5.117993812416755,0.9230769230769231,1.0205324074074074,1.2209302325581395,8.0,0.9036144578313253,0
bottlepy/bottle,2011-09-23,3.8066624897703196,4.30406509320417,5.220355825078324,0.9230769230769231,0.29215277777777776,1.4210526315789473,8.0,0.8152173913043478,0
bottlepy/bottle,2011-12-22,4.060443010546419,4.804021044733257,5.272999558563747,0.9230769230769231,0.11896990740740741,1.7399999999999998,9.0,0.8041237113402062,0
bottlepy/bottle,2012-03-21,2.0794415416798357,4.110873864173311,5.204006687076795,1.0,6.192905092592593,0.2566844919786096,7.0,0.850828729281768,0
bottlepy/bottle,2012-06-19,1.791759469228055,3.258096538021482,4.454347296253507,0.8846153846153846,2.598425925925926,0.39560439560439564,11.0,0.7294117647058823,0
bottlepy/bottle,2012-09-17,2.1972245773362196,3.6888794541139363,4.174387269895637,0.8846153846153846,0.8275925925925925,0.7714285714285715,10.0,0.578125,0
bottlepy/bottle,2012-12-16,2.70805020110221,3.828641396489095,4.442651256490317,0.9230769230769231,0.15493055555555554,1.0,8.0,0.7023809523809523,0
bottlepy/bottle,2013-03-16,2.833213344056216,3.8501476017100584,4.5217885770490405,0.8461538461538461,2.1515393518518517,1.0515463917525776,13.0,0.6483516483516484,0
bottlepy/bottle,2013-06-14,2.9444389791664403,3.6375861597263857,4.430816798843313,0.7692307692307693,7.483275462962963,1.2808988764044944,12.0,0.5662650602409639,0
bottlepy/bottle,2013-09-12,2.302585092994046,4.0943445622221,4.574710978503383,0.7692307692307693,5.947650462962963,0.5882352941176471,13.0,0.4479166666666667,0
bottlepy/bottle,2013-12-11,3.044522437723423,3.4011973816621555,4.48863636973214,0.7692307692307693,0.18762731481481482,1.3404255319148937,8.0,0.5,0
bottlepy/bottle,2014-03-11,2.3978952727983707,3.8066624897703196,4.30406509320417,0.6538461538461539,0.015358796296296296,0.8354430379746836,8.0,0.7534246575342466,0
bottlepy/bottle,2014-06-09,2.1972245773362196,3.8066624897703196,4.48863636973214,0.7307692307692307,0.09363425925925926,0.574468085106383,11.0,0.6363636363636364,0
bottlepy/bottle,2014-09-07,1.3862943611198906,2.1972245773362196,3.970291913552122,0.6538461538461539,12.19212962962963,0.4137931034482759,5.0,0.4807692307692308,0
bottlepy/bottle,2014-12-06,2.3978952727983707,3.367295829986474,3.6109179126442243,0.6153846153846154,5.194143518518518,1.5714285714285714,13.0,0.25,0
bottlepy/bottle,2015-03-06,1.0986122886681098,3.295836866004329,4.007333185232471,0.6923076923076923,15.796342592592593,0.3,7.0,0.25925925925925924,0
bottlepy/bottle,2015-06-04,0.6931471805599453,3.091042453358316,3.871201010907891,0.5,5.968912037037037,0.22641509433962267,12.0,0.2765957446808511,0
bottlepy/bottle,2015-09-02,0.6931471805599453,2.5649493574615367,3.5263605246161616,0.5,29.894039351851852,0.3076923076923077,8.0,0.24242424242424243,0
bottlepy/bottle,2015-12-01,2.1972245773362196,3.295836866004329,3.6635616461296463,0.5,3.231377314814815,1.2272727272727273,6.0,0.47368421052631576,0
bottlepy/bottle,2016-02-29,2.3978952727983707,3.332204510175204,3.9889840465642745,0.6153846153846154,2.411979166666667,1.11864406779661,13.0,0.4716981132075472,0
bottlepy/bottle,2016-05-29,0.0,1.3862943611198906,3.4339872044851463,0.46153846153846156,52.87050925925926,0.16666666666666666,3.0,0.36666666666666664,0
bottlepy/bottle,2016-08-27,3.367295829986474,3.5263605246161616,3.6109179126442243,0.3076923076923077,0.04663194444444444,4.142857142857143,6.0,0.3888888888888889,0
bottlepy/bottle,2016-11-25,1.6094379124341003,3.970291913552122,4.454347296253507,0.5384615384615384,11.270648148148148,0.32967032967032966,7.0,0.4588235294117647,0
bottlepy/bottle,2017-02-23,1.6094379124341003,3.367295829986474,4.394449154672439,0.6538461538461539,20.969641203703702,0.3488372093023256,7.0,0.45,0
bottlepy/bottle,2017-05-24,1.3862943611198906,2.6390573296152584,3.7376696182833684,0.5,9.113460648148148,0.5106382978723405,4.0,0.5853658536585366,0
bottlepy/bottle,2017-08-22,0.0,2.5649493574615367,3.258096538021482,0.38461538461538464,31.40915509259259,0.1935483870967742,6.0,0.36,0
bottlepy/bottle,2017-11-20,1.3862943611198906,2.0794415416798357,2.995732273553991,0.38461538461538464,14.245416666666667,0.9600000000000002,7.0,0.21052631578947367,0
bottlepy/bottle,2018-02-18,1.0986122886681098,1.791759469228055,2.5649493574615367,0.38461538461538464,4.299849537037037,1.0,5.0,0.08333333333333333,0
bottlepy/bottle,2018-05-19,0.0,1.791759469228055,2.3978952727983707,0.34615384615384615,30.055613425925927,0.37499999999999994,5.0,0.2,0
bottlepy/bottle,2018-08-17,1.3862943611198906,1.6094379124341003,2.302585092994046,0.2692307692307692,29.28326388888889,1.6,2.0,0.3333333333333333,0
bottlepy/bottle,2018-11-15,1.791759469228055,2.1972245773362196,2.5649493574615367,0.23076923076923078,21.014375,2.0,4.0,0.4166666666666667,0
bottlepy/bottle,2019-02-13,0.0,3.258096538021482,3.5263605246161616,0.38461538461538464,39.57958333333333,0.15384615384615385,3.0,0.48484848484848486,0
bottlepy/bottle,2019-05-14,0.6931471805599453,0.6931471805599453,3.295836866004329,0.19230769230769232,6.110752314814815,0.375,1.0,0.46153846153846156,0
bottlepy/bottle,2019-08-12,0.0,1.0986122886681098,1.3862943611198906,0.07692307692307693,50.054976851851855,0.6666666666666666,1.0,0.6666666666666666,0
bottlepy/bottle,2019-11-10,0.0,1.6094379124341003,1.9459101490553132,0.15384615384615385,44.088935185185186,0.5,4.0,0.5,0
bottlepy/bottle,2020-02-08,0.0,3.8066624897703196,3.8918202981106265,0.34615384615384615,32.068842592592596,0.1111111111111111,9.0,0.7083333333333334,0
bottlepy/bottle,2020-05-08,1.3862943611198906,1.6094379124341003,3.8918202981106265,0.34615384615384615,3.574027777777778,0.4444444444444444,4.0,0.6875,0
bottlepy/bottle,2020-08-06,0.0,1.0986122886681098,1.9459101490553132,0.19230769230769232,88.5927662037037,0.5,2.0,0.16666666666666666,0
bottlepy/bottle,2020-11-04,0.6931471805599453,2.1972245773362196,2.3978952727983707,0.23076923076923078,21.165775462962962,0.7499999999999999,6.0,0.3,0
bottlepy/bottle,2021-02-02,1.0986122886681098,3.044522437723423,3.367295829986474,0.38461538461538464,24.19015046296296,0.5294117647058824,3.0,0.35714285714285715,0
bottlepy/bottle,2021-05-03,0.0,1.0986122886681098,3.1354942159291497,0.23076923076923078,37.17414351851852,0.2142857142857143,1.0,0.5454545454545454,0
bottlepy/bottle,2021-08-01,1.0986122886681098,1.3862943611198906,1.791759469228055,0.11538461538461539,25.30925925925926,1.6363636363636362,2.0,0.8,0
bottlepy/bottle,2021-10-30,1.3862943611198906,1.3862943611198906,1.9459101490553132,0.11538461538461539,16.358703703703704,2.0,2.0,0.6666666666666666,0
bottlepy/bottle,2022-01-28,1.3862943611198906,1.6094379124341003,2.0794415416798357,0.19230769230769232,4.513958333333333,1.8461538461538458,4.0,0.2857142857142857,0
bottlepy/bottle,2022-04-28,0.0,0.6931471805599453,1.791759469228055,0.19230769230769232,57.93446759259259,0.5454545454545454,1.0,0.2,0
bottlepy/bottle,2022-07-27,1.0986122886681098,2.833213344056216,2.8903717578961645,0.23076923076923078,20.47108796296296,0.7826086956521738,4.0,0.7647058823529411,0
bottlepy/bottle,2022-10-25,0.6931471805599453,2.70805020110221,3.4339872044851463,0.34615384615384615,21.08508101851852,0.3333333333333333,4.0,0.7,0
bottlepy/bottle,2023-01-23,0.0,1.0986122886681098,2.833213344056216,0.19230769230769232,82.9671875,0.27272727272727276,1.0,0.5,0
bottlepy/bottle,2023-04-23,0.0,1.9459101490553132,2.1972245773362196,0.11538461538461539,50.12096064814815,0.4285714285714286,2.0,0.625,0
bottlepy/bottle,2023-10-20,0.0,0.6931471805599453,0.6931471805599453,0.038461538461538464,75.36667824074074,0.8571428571428571,1.0,1.0,0
bottlepy/bottle,2024-01-18,0.0,1.0986122886681098,1.3862943611198906,0.07692307692307693,75.28738425925926,0.6666666666666666,1.0,0.6666666666666666,1
bottlepy/bottle,2024-10-14,2.833213344056216,4.418840607796598,4.418840607796598,0.2692307692307692,2.137511574074074,1.1590909090909092,4.0,0.9512195121951219,0
bottlepy/bottle,2025-01-12,0.0,2.0794415416798357,4.499809670330265,0.4230769230769231,37.02956018518518,0.06315789473684211,2.0,0.9438202247191011,0
bottlepy/bottle,2025-04-12,0.0,1.0986122886681098,2.302585092994046,0.23076923076923078,55.3025,0.4,2.0,0.7777777777777778,0
bottlepy/bottle,2025-07-11,2.5649493574615367,3.1354942159291497,3.2188758248682006,0.2692307692307692,13.456469907407408,2.6,6.0,0.75,0
bottlepy/bottle,2025-10-09,1.0986122886681098,1.3862943611198906,3.258096538021482,0.3076923076923077,20.609247685185185,0.5806451612903225,3.0,0.68,0
bottlepy/bottle,2026-01-07,1.0986122886681098,1.0986122886681098,1.791759469228055,0.15384615384615385,5.3359606481481485,1.6363636363636362,1.0,0.4,0
bower/bower,2013-09-07,4.990432586778736,6.543911845564792,6.988413181999592,1.0,2.633935185185185,0.8099173553719008,38.0,0.8199445983379502,0
bower/bower,2013-12-06,2.70805020110221,3.9512437185814275,6.61472560020376,0.9230769230769231,0.13184027777777776,0.11984021304926763,15.0,0.8308724832214766,0
bower/bower,2014-03-06,3.258096538021482,4.143134726391533,4.736198448394496,0.9230769230769231,0.22221064814814814,1.3109243697478992,31.0,0.21238938053097345,0
bower/bower,2014-06-04,2.833213344056216,4.2626798770413155,4.890349128221754,1.0,1.4093055555555556,0.7391304347826086,27.0,0.13636363636363635,0
bower/bower,2014-09-02,3.091042453358316,4.499809670330265,5.075173815233827,1.0,4.5717592592592595,0.8,24.0,0.2578616352201258,0
bower/bower,2014-12-01,1.6094379124341003,4.248495242049359,5.0689042022202315,0.8846153846153846,1.1588425925925927,0.18292682926829268,14.0,0.3987341772151899,0
bower/bower,2015-03-01,1.9459101490553132,4.143134726391533,4.882801922586371,0.8076923076923077,0.2176736111111111,0.30656934306569344,11.0,0.5954198473282443,0
bower/bower,2015-05-30,1.791759469228055,3.8918202981106265,4.709530201312334,0.5384615384615384,9.00954861111111,0.3103448275862069,10.0,0.5727272727272728,0
bower/bower,2015-08-28,2.995732273553991,3.5553480614894135,4.418840607796598,0.6538461538461539,2.1488310185185187,1.3636363636363638,14.0,0.5365853658536586,0
bower/bower,2015-11-26,3.8501476017100584,4.875197323201151,5.10594547390058,0.7692307692307693,0.050833333333333335,1.6588235294117648,25.0,0.6402439024390244,0
bower/bower,2016-02-24,3.091042453358316,4.875197323201151,5.564520407322694,0.8461538461538461,0.004837962962962963,0.49624060150375937,29.0,0.6192307692307693,0
bower/bower,2016-05-24,2.302585092994046,4.276666119016055,5.308267697401205,0.8846153846153846,13.642766203703705,0.2898550724637681,12.0,0.6069651741293532,0
bower/bower,2016-08-22,0.0,3.332204510175204,4.59511985013459,0.5384615384615384,47.62171296296296,0.057692307692307696,4.0,0.7040816326530612,0
bower/bower,2016-11-20,2.772588722239781,2.772588722239781,3.7612001156935624,0.23076923076923078,11.66681712962963,2.0,8.0,0.7380952380952381,0
bower/bower,2017-05-19,0.0,1.0986122886681098,1.0986122886681098,0.07692307692307693,30.04104166666667,0.75,2.0,0.5,0
bower/bower,2017-08-17,1.0986122886681098,1.6094379124341003,1.9459101490553132,0.19230769230769232,2.561377314814815,1.5,4.0,0.16666666666666666,0
bower/bower,2017-11-15,0.0,2.4849066497880004,2.772588722239781,0.19230769230769232,49.458333333333336,0.2857142857142857,2.0,0.6666666666666666,0
bower/bower,2018-05-14,1.0986122886681098,3.5263605246161616,3.5263605246161616,0.07692307692307693,24.628229166666667,0.46153846153846156,7.0,0.8181818181818182,0
bower/bower,2018-08-12,0.0,0.6931471805599453,3.5553480614894135,0.11538461538461539,49.33664351851852,0.15,1.0,0.8235294117647058,0
bower/bower,2019-02-08,1.9459101490553132,1.9459101490553132,1.9459101490553132,0.07692307692307693,15.122361111111111,3.5,1.0,1.0,0
bower/bower,2019-08-07,0.0,1.3862943611198906,1.3862943611198906,0.038461538461538464,41.48704861111111,0.6666666666666666,1.0,1.0,0
bower/bower,2019-11-05,0.0,1.0986122886681098,1.791759469228055,0.07692307692307693,67.3696875,0.5454545454545454,1.0,1.0,0
bower/bower,2020-02-03,0.0,3.2188758248682006,3.295836866004329,0.11538461538461539,54.34916666666667,0.1875,1.0,1.0,0
bower/bower,2020-05-03,3.912023005428146,3.9318256327243257,4.31748811353631,0.19230769230769232,4.505150462962963,3.75,3.0,0.972972972972973,0
bower/bower,2020-08-01,0.0,1.0986122886681098,3.970291913552122,0.15384615384615385,73.67344907407407,0.10344827586206898,1.0,0.9615384615384616,0
bower/bower,2021-01-28,2.6390573296152584,2.6390573296152584,2.6390573296152584,0.07692307692307693,9.317615740740742,4.421052631578948,1.0,1.0,0
bower/bower,2021-07-27,0.0,0.6931471805599453,0.6931471805599453,0.038461538461538464,48.67079861111111,0.8571428571428571,1.0,1.0,0
bower/bower,2021-10-25,0.6931471805599453,0.6931471805599453,1.0986122886681098,0.07692307692307693,4.467476851851852,1.5,1.0,1.0,0
bower/bower,2022-01-23,0.0,1.791759469228055,1.9459101490553132,0.07692307692307693,68.87565972222222,0.5,1.0,0.8333333333333334,0
bower/bower,2022-04-23,0.0,1.791759469228055,2.3978952727983707,0.11538461538461539,39.346608796296294,0.37499999999999994,3.0,0.8,1
bower/bower,2025-01-07,0.0,0.6931471805599453,0.6931471805599453,0.038461538461538464,85.56016203703703,0.8571428571428571,1.0,1.0,1
browserify/browserify,2011-09-22,2.772588722239781,4.248495242049359,5.799092654460526,0.7692307692307693,12.475289351851853,0.28656716417910444,10.0,0.8723404255319149,0
browserify/browserify,2011-12-21,1.0986122886681098,3.8918202981106265,4.770684624465665,0.7307692307692307,25.56130787037037,0.14634146341463414,3.0,0.8376068376068376,0
browserify/browserify,2012-03-20,3.1354942159291497,4.1588830833596715,4.718498871295094,0.6538461538461539,14.7334375,1.1794871794871795,2.0,0.9279279279279279,0
browserify/browserify,2012-06-18,3.970291913552122,4.356708826689592,4.948759890378168,0.7692307692307693,4.911157407407408,2.178082191780822,11.0,0.7928571428571428,0
browserify/browserify,2012-09-16,2.70805020110221,4.290459441148391,5.0106352940962555,0.8076923076923077,8.962060185185186,0.5806451612903226,12.0,0.7248322147651006,0
browserify/browserify,2012-12-15,3.044522437723423,3.6109179126442243,4.6913478822291435,0.6538461538461539,6.523738425925926,1.105263157894737,7.0,0.7962962962962963,0
browserify/browserify,2013-03-15,4.955827057601261,5.056245805348308,5.262690188904886,0.6538461538461539,1.3659375,4.303030303030303,8.0,0.8854166666666666,0
browserify/browserify,2013-06-13,3.6888794541139363,4.844187086458591,5.645446897643238,0.8076923076923077,1.9541782407407406,0.8333333333333334,18.0,0.8156028368794326,0
browserify/browserify,2013-09-11,3.367295829986474,4.465908118654584,5.3612921657094255,0.8846153846153846,4.88519675925926,0.7981651376146789,13.0,0.7641509433962265,0
browserify/browserify,2013-12-10,3.4339872044851463,4.174387269895637,5.017279836814924,0.8846153846153846,0.5645601851851851,1.1923076923076923,14.0,0.78,0
browserify/browserify,2014-03-10,4.174387269895637,5.5134287461649825,5.7430031878094825,0.8461538461538461,0.42877314814814815,1.2302839116719242,27.0,0.8231511254019293,0
browserify/browserify,2014-06-08,3.6109179126442243,4.672828834461906,5.869296913133774,1.0,5.280347222222222,0.6183844011142061,20.0,0.8328611898016998,0
browserify/browserify,2014-09-06,2.995732273553991,5.332718793265369,5.746203190540153,0.8461538461538461,1.6472800925925926,0.37735849056603776,9.0,0.8974358974358975,0
browserify/browserify,2014-12-05,3.1354942159291497,4.276666119016055,5.627621113690637,0.8461538461538461,1.257824074074074,0.4876325088339223,20.0,0.8953068592057761,0
browserify/browserify,2015-03-05,3.332204510175204,4.31748811353631,4.983606621708336,0.9230769230769231,2.133425925925926,1.1125827814569536,20.0,0.6758620689655173,0
browserify/browserify,2015-06-03,3.295836866004329,4.07753744390572,4.890349128221754,0.9230769230769231,5.265266203703704,1.173913043478261,12.0,0.4772727272727273,0
browserify/browserify,2015-09-01,1.3862943611198906,3.091042453358316,4.382026634673881,0.7692307692307693,7.989143518518518,0.2823529411764706,10.0,0.379746835443038,0
browserify/browserify,2015-11-30,1.3862943611198906,3.1354942159291497,3.784189633918261,0.6153846153846154,8.422916666666667,0.48979591836734687,9.0,0.32558139534883723,0
browserify/browserify,2016-02-28,0.0,2.772588722239781,3.6375861597263857,0.38461538461538464,44.016226851851854,0.13953488372093023,5.0,0.32432432432432434,0
browserify/browserify,2016-05-28,1.6094379124341003,1.6094379124341003,2.995732273553991,0.23076923076923078,21.784328703703704,1.2000000000000002,2.0,0.3684210526315789,0
browserify/browserify,2016-08-26,0.6931471805599453,1.3862943611198906,2.0794415416798357,0.19230769230769232,16.056747685185186,0.9230769230769229,3.0,0.42857142857142855,0
browserify/browserify,2016-11-24,0.0,1.6094379124341003,2.0794415416798357,0.19230769230769232,32.88550925925926,0.46153846153846145,2.0,0.2857142857142857,0
browserify/browserify,2017-02-22,1.9459101490553132,2.4849066497880004,2.772588722239781,0.23076923076923078,7.0855902777777775,2.0,5.0,0.4,0
browserify/browserify,2017-05-23,1.0986122886681098,2.772588722239781,3.295836866004329,0.4230769230769231,6.519803240740741,0.5625,9.0,0.34615384615384615,0
browserify/browserify,2017-08-21,0.0,1.9459101490553132,3.091042453358316,0.3076923076923077,50.23104166666667,0.2222222222222222,4.0,0.38095238095238093,0
browserify/browserify,2017-11-19,1.0986122886681098,2.302585092994046,2.772588722239781,0.3076923076923077,16.99474537037037,0.8571428571428571,4.0,0.26666666666666666,0
browserify/browserify,2018-02-17,2.1972245773362196,3.4657359027997265,3.713572066704308,0.5384615384615384,1.0599074074074073,1.1739130434782608,4.0,0.575,0
browserify/browserify,2018-05-18,2.0794415416798357,3.044522437723423,3.9512437185814275,0.7307692307692307,0.09527777777777778,0.8421052631578947,3.0,0.6862745098039216,0
browserify/browserify,2018-08-16,0.6931471805599453,1.9459101490553132,3.295836866004329,0.5769230769230769,23.99287037037037,0.375,3.0,0.7692307692307693,0
browserify/browserify,2018-11-14,0.6931471805599453,1.3862943611198906,2.302585092994046,0.34615384615384615,14.1325,0.8,2.0,0.6666666666666666,1
browserify/browserify,2019-08-11,2.0794415416798357,2.3978952727983707,2.3978952727983707,0.15384615384615385,2.4453935185185185,2.9999999999999996,3.0,0.6,0
browserify/browserify,2019-11-09,0.6931471805599453,1.3862943611198906,2.6390573296152584,0.23076923076923078,11.155856481481482,0.6315789473684211,1.0,0.46153846153846156,0
browserify/browserify,2020-02-07,0.0,2.3978952727983707,2.6390573296152584,0.19230769230769232,41.517673611111114,0.31578947368421056,3.0,0.46153846153846156,0
browserify/browserify,2020-05-07,0.0,1.6094379124341003,2.70805020110221,0.15384615384615385,35.13302083333333,0.3,2.0,0.42857142857142855,0
browserify/browserify,2020-08-05,1.0986122886681098,1.6094379124341003,2.1972245773362196,0.19230769230769232,1.8299189814814816,1.2857142857142858,1.0,0.875,0
browserify/browserify,2020-11-03,1.3862943611198906,1.3862943611198906,2.0794415416798357,0.11538461538461539,24.276203703703704,1.8461538461538458,1.0,1.0,0
browserify/browserify,2021-02-01,0.0,0.6931471805599453,1.6094379124341003,0.07692307692307693,68.75171296296297,0.6000000000000001,1.0,0.75,0
browserify/browserify,2021-05-02,0.0,1.3862943611198906,1.6094379124341003,0.11538461538461539,38.08023148148148,0.6000000000000001,1.0,0.75,1
browserify/browserify,2022-04-27,0.0,0.6931471805599453,0.6931471805599453,0.038461538461538464,31.00611111111111,0.8571428571428571,1.0,1.0,1
browserify/browserify,2024-01-17,0.0,0.6931471805599453,0.6931471805599453,0.038461538461538464,88.37291666666667,0.8571428571428571,1.0,1.0,1
browserify/browserify,2024-10-13,1.0986122886681098,2.0794415416798357,2.0794415416798357,0.11538461538461539,9.849641203703703,1.3846153846153844,4.0,0.42857142857142855,1
chalk/chalk,2014-08-03,2.4849066497880004,3.332204510175204,3.4339872044851463,0.38461538461538464,21.984363425925928,2.0,4.0,0.6333333333333333,0
chalk/chalk,2014-11-01,0.0,2.5649493574615367,3.6888794541139363,0.4230769230769231,62.058877314814815,0.13333333333333333,2.0,0.46153846153846156,0
chalk/chalk,2015-01-30,1.3862943611198906,2.302585092994046,3.091042453358316,0.2692307692307692,7.62667824074074,0.8888888888888888,3.0,0.5714285714285714,0
chalk/chalk,2015-04-30,1.0986122886681098,2.70805020110221,3.1780538303479458,0.46153846153846156,3.6380208333333335,0.6206896551724137,5.0,0.6521739130434783,0
chalk/chalk,2015-07-29,2.6390573296152584,2.8903717578961645,3.4657359027997265,0.4230769230769231,12.154143518518518,2.27027027027027,6.0,0.5483870967741935,0
chalk/chalk,2015-10-27,1.0986122886681098,2.302585092994046,3.295836866004329,0.34615384615384615,18.255069444444445,0.5625,5.0,0.5,0
chalk/chalk,2016-01-25,2.302585092994046,2.4849066497880004,3.044522437723423,0.34615384615384615,7.52193287037037,2.3076923076923075,6.0,0.45,0
chalk/chalk,2016-04-24,1.3862943611198906,1.791759469228055,2.833213344056216,0.38461538461538464,17.341030092592593,1.090909090909091,4.0,0.3125,0
chalk/chalk,2016-07-23,0.0,1.6094379124341003,2.302585092994046,0.23076923076923078,36.486354166666665,0.4,1.0,0.5555555555555556,0
chalk/chalk,2016-10-21,0.6931471805599453,1.6094379124341003,2.1972245773362196,0.23076923076923078,6.613738425925926,0.8571428571428572,4.0,0.625,0
chalk/chalk,2017-01-19,0.0,1.0986122886681098,1.9459101490553132,0.19230769230769232,84.46019675925926,0.5,1.0,0.5,0
chalk/chalk,2017-04-19,0.0,0.6931471805599453,1.3862943611198906,0.07692307692307693,78.62944444444445,0.6666666666666666,1.0,0.6666666666666666,0
chalk/chalk,2017-07-18,3.091042453358316,3.1780538303479458,3.2188758248682006,0.23076923076923078,10.050578703703703,4.4,5.0,0.4166666666666667,0
chalk/chalk,2017-10-16,0.6931471805599453,2.833213344056216,3.6888794541139363,0.38461538461538464,25.342060185185186,0.26666666666666666,6.0,0.3076923076923077,0
chalk/chalk,2018-01-14,1.0986122886681098,2.772588722239781,3.4657359027997265,0.38461538461538464,11.682546296296296,0.48648648648648646,8.0,0.3548387096774194,0
chalk/chalk,2018-04-14,1.0986122886681098,2.6390573296152584,3.367295829986474,0.2692307692307692,9.272986111111111,0.5294117647058824,4.0,0.42857142857142855,0
chalk/chalk,2018-07-13,0.0,1.9459101490553132,2.995732273553991,0.23076923076923078,45.91645833333333,0.24000000000000005,3.0,0.631578947368421,0
chalk/chalk,2018-10-11,1.791759469228055,2.0794415416798357,2.6390573296152584,0.3076923076923077,11.232303240740741,1.8947368421052633,3.0,0.6923076923076923,0
chalk/chalk,2019-01-09,2.302585092994046,2.6390573296152584,3.044522437723423,0.38461538461538464,3.3548495370370373,2.3076923076923075,6.0,0.6,0
chalk/chalk,2019-04-09,1.791759469228055,1.9459101490553132,2.995732273553991,0.2692307692307692,25.307685185185186,1.4400000000000002,3.0,0.5789473684210527,0
chalk/chalk,2019-07-08,1.0986122886681098,2.0794415416798357,2.6390573296152584,0.34615384615384615,7.33650462962963,0.9473684210526316,5.0,0.5384615384615384,0
chalk/chalk,2019-10-06,1.9459101490553132,2.70805020110221,3.091042453358316,0.38461538461538464,4.960543981481481,1.5555555555555556,8.0,0.3333333333333333,0
chalk/chalk,2020-01-04,1.0986122886681098,2.1972245773362196,3.1354942159291497,0.38461538461538464,2.2574768518518518,0.6428571428571429,3.0,0.4090909090909091,0
chalk/chalk,2020-04-03,1.791759469228055,1.791759469228055,2.6390573296152584,0.23076923076923078,0.6662037037037037,1.8947368421052633,3.0,0.6153846153846154,0
chalk/chalk,2020-07-02,1.0986122886681098,1.3862943611198906,2.1972245773362196,0.11538461538461539,22.68957175925926,1.2857142857142858,3.0,0.5,0
chalk/chalk,2020-09-30,0.6931471805599453,0.6931471805599453,1.6094379124341003,0.11538461538461539,20.35275462962963,1.2000000000000002,1.0,0.5,0
chalk/chalk,2020-12-29,1.0986122886681098,1.9459101490553132,2.0794415416798357,0.19230769230769232,12.880069444444445,1.3846153846153844,3.0,0.42857142857142855,0
chalk/chalk,2021-03-29,0.6931471805599453,1.9459101490553132,2.5649493574615367,0.3076923076923077,16.267175925925926,0.6666666666666666,2.0,0.5833333333333334,0
chalk/chalk,2021-06-27,0.0,2.0794415416798357,2.6390573296152584,0.2692307692307692,52.399652777777774,0.31578947368421056,2.0,0.6153846153846154,0
chalk/chalk,2021-09-25,0.0,1.6094379124341003,2.4849066497880004,0.19230769230769232,44.46857638888889,0.35294117647058826,1.0,0.6363636363636364,0
chalk/chalk,2021-12-24,1.6094379124341003,2.1972245773362196,2.5649493574615367,0.23076923076923078,27.596527777777776,1.6666666666666667,3.0,0.6666666666666666,0
chalk/chalk,2022-03-24,1.0986122886681098,1.0986122886681098,2.3978952727983707,0.19230769230769232,15.231168981481481,1.1249999999999998,1.0,0.6,0
chalk/chalk,2022-06-22,0.0,1.0986122886681098,1.6094379124341003,0.11538461538461539,83.77394675925926,0.6000000000000001,2.0,0.5,0
chalk/chalk,2022-09-20,0.0,1.0986122886681098,1.6094379124341003,0.15384615384615385,79.06935185185185,0.6000000000000001,2.0,0.25,0
chalk/chalk,2022-12-19,1.0986122886681098,2.6390573296152584,2.772588722239781,0.34615384615384615,10.229398148148148,0.8571428571428571,5.0,0.4666666666666667,1
chalk/chalk,2023-09-15,0.6931471805599453,1.9459101490553132,1.9459101490553132,0.07692307692307693,29.584560185185186,1.0,2.0,0.8333333333333334,0
chalk/chalk,2023-12-14,0.0,0.6931471805599453,2.0794415416798357,0.11538461538461539,32.473564814814814,0.46153846153846145,1.0,0.8571428571428571,0
chalk/chalk,2024-03-13,0.0,1.0986122886681098,1.3862943611198906,0.11538461538461539,53.40295138888889,0.6666666666666666,2.0,0.3333333333333333,0
chalk/chalk,2024-09-09,0.6931471805599453,1.0986122886681098,1.0986122886681098,0.07692307692307693,26.47675925925926,1.5,2.0,0.5,0
chalk/chalk,2025-03-08,0.0,1.791759469228055,1.791759469228055,0.07692307692307693,76.30001157407408,0.5454545454545454,2.0,0.8,0
chalk/chalk,2025-09-04,1.0986122886681098,1.6094379124341003,1.6094379124341003,0.07692307692307693,17.701435185185186,1.8000000000000003,2.0,0.75,0
chalk/chalk,2025-12-03,0.0,0.6931471805599453,1.791759469228055,0.11538461538461539,85.3950462962963,0.5454545454545454,1.0,0.8,0
chalk/chalk,2026-03-03,0.0,0.6931471805599453,1.0986122886681098,0.07692307692307693,34.74016203703704,0.75,1.0,0.5,0
chartjs/Chart.js,2014-03-17,1.0986122886681098,1.0986122886681098,1.3862943611198906,0.07692307692307693,8.019016203703703,2.0,1.0,0.6666666666666666,0
chartjs/Chart.js,2014-09-13,2.4849066497880004,4.007333185232471,4.007333185232471,0.34615384615384615,5.297581018518518,1.2,14.0,0.6481481481481481,0
chartjs/Chart.js,2014-12-12,1.0986122886681098,2.995732273553991,4.30406509320417,0.6923076923076923,3.5736226851851853,0.2278481012658228,10.0,0.4794520547945205,0
chartjs/Chart.js,2015-03-12,2.0794415416798357,3.9512437185814275,4.2626798770413155,0.6923076923076923,2.537037037037037,0.6315789473684211,11.0,0.22857142857142856,0
chartjs/Chart.js,2015-06-10,4.770684624465665,5.0689042022202315,5.3471075307174685,0.8461538461538461,0.06421296296296296,3.2930232558139534,19.0,0.37320574162679426,0
chartjs/Chart.js,2015-09-08,3.784189633918261,5.220355825078324,5.8377304471659395,0.9230769230769231,3.2713425925925925,0.7586206896551724,19.0,0.5029239766081871,0
chartjs/Chart.js,2015-12-07,4.584967478670572,5.713732805509369,6.18826412308259,0.9615384615384616,0.023599537037037037,1.1951219512195121,22.0,0.5246913580246914,0
chartjs/Chart.js,2016-03-06,4.5217885770490405,5.43372200355424,6.274762021241939,1.0,0.41758101851851853,1.0298507462686568,23.0,0.5169811320754717,0
chartjs/Chart.js,2016-06-04,4.983606621708336,5.840641657373398,6.349138991379798,1.0,0.23858796296296297,1.5181975736568456,57.0,0.2574430823117338,0
chartjs/Chart.js,2016-09-02,3.6635616461296463,4.990432586778736,6.194405391104672,0.9615384615384616,0.06373842592592592,0.4727272727272727,46.0,0.38445807770961143,0
chartjs/Chart.js,2016-12-01,3.367295829986474,4.77912349311153,5.579729825986222,1.0,2.4410069444444447,0.6444444444444445,26.0,0.25,0
chartjs/Chart.js,2017-03-01,2.9444389791664403,4.0943445622221,5.181783550292085,1.0,4.286273148148148,0.6229508196721312,19.0,0.22033898305084745,0
chartjs/Chart.js,2017-05-30,3.1354942159291497,4.143134726391533,4.804021044733257,0.9230769230769231,1.0539351851851853,1.0866141732283463,27.0,0.2727272727272727,0
chartjs/Chart.js,2017-08-28,3.332204510175204,4.574710978503383,5.0689042022202315,0.9615384615384616,0.6417592592592593,1.024390243902439,24.0,0.33544303797468356,0
chartjs/Chart.js,2017-11-26,2.9444389791664403,3.828641396489095,4.955827057601261,0.9615384615384616,1.436724537037037,0.7755102040816326,18.0,0.2765957446808511,0
chartjs/Chart.js,2018-02-24,2.4849066497880004,3.713572066704308,4.454347296253507,0.9230769230769231,4.009594907407408,0.7912087912087913,17.0,0.2,0
chartjs/Chart.js,2018-05-25,1.3862943611198906,2.8903717578961645,4.060443010546419,0.8461538461538461,2.948865740740741,0.38095238095238093,13.0,0.22807017543859648,0
chartjs/Chart.js,2018-08-23,2.0794415416798357,3.295836866004329,3.784189633918261,0.6923076923076923,13.684201388888889,0.9795918367346937,17.0,0.13953488372093023,0
chartjs/Chart.js,2018-11-21,2.9444389791664403,3.4965075614664802,4.07753744390572,0.7307692307692307,0.6402893518518519,1.78125,19.0,0.1896551724137931,0
chartjs/Chart.js,2019-02-19,3.4657359027997265,4.499809670330265,4.804021044733257,0.8846153846153846,1.2168055555555555,1.5118110236220472,21.0,0.21487603305785125,0
chartjs/Chart.js,2019-05-20,3.091042453358316,4.1588830833596715,5.030437921392435,0.9615384615384616,0.35689814814814813,0.8354430379746836,13.0,0.2236842105263158,0
chartjs/Chart.js,2019-08-18,1.791759469228055,3.367295829986474,4.5217885770490405,0.8461538461538461,4.038680555555556,0.37113402061855677,7.0,0.3076923076923077,0
chartjs/Chart.js,2019-11-16,4.736198448394496,4.8283137373023015,5.030437921392435,0.7307692307692307,0.2140625,4.329113924050633,15.0,0.42105263157894735,0
chartjs/Chart.js,2020-02-14,4.356708826689592,5.220355825078324,5.733341276897746,0.8461538461538461,0.19822916666666668,1.4904458598726114,14.0,0.4448051948051948,0
chartjs/Chart.js,2020-05-14,3.367295829986474,4.74493212836325,5.700443573390687,0.9615384615384616,1.1278703703703703,0.5723684210526316,9.0,0.48322147651006714,0
chartjs/Chart.js,2020-08-12,4.174387269895637,5.631211781821365,5.973809611869261,0.9615384615384616,1.1151967592592593,0.9798994974874372,11.0,0.40561224489795916,0
chartjs/Chart.js,2020-11-10,4.48863636973214,5.135798437050262,6.104793232414985,1.0,0.23950231481481482,1.1788079470198676,23.0,0.4854586129753915,0
chartjs/Chart.js,2021-02-08,3.58351893845611,5.0689042022202315,5.793013608384144,1.0,0.21054398148148148,0.6486486486486487,15.0,0.4831804281345566,0
chartjs/Chart.js,2021-05-09,4.02535169073515,5.811140992976701,6.198478716492308,1.0,1.7819212962962963,0.676056338028169,20.0,0.5641547861507128,0
chartjs/Chart.js,2021-08-07,3.7612001156935624,4.8283137373023015,6.126869184114185,1.0,6.829930555555555,0.5572354211663066,19.0,0.5754923413566739,0
chartjs/Chart.js,2021-11-05,3.1354942159291497,4.189654742026425,5.247024072160486,0.9615384615384616,6.4406944444444445,0.7076923076923077,21.0,0.43915343915343913,0
chartjs/Chart.js,2022-02-03,1.9459101490553132,4.07753744390572,4.820281565605037,0.8846153846153846,2.463553240740741,0.32558139534883723,16.0,0.3821138211382114,0
chartjs/Chart.js,2022-05-04,1.791759469228055,3.5553480614894135,4.532599493153256,0.7307692307692307,1.4834143518518519,0.36734693877551017,12.0,0.2826086956521739,0
chartjs/Chart.js,2022-08-02,3.367295829986474,4.007333185232471,4.48863636973214,0.8076923076923077,0.46047453703703706,1.8510638297872342,20.0,0.2159090909090909,0
chartjs/Chart.js,2022-10-31,3.258096538021482,4.553876891600541,5.003946305945459,1.0,4.028298611111111,1.0129870129870129,30.0,0.32432432432432434,0
chartjs/Chart.js,2023-01-29,2.833213344056216,4.189654742026425,5.075173815233827,0.9615384615384616,1.4019444444444444,0.6181818181818182,19.0,0.3270440251572327,0
chartjs/Chart.js,2023-04-29,2.3978952727983707,3.5553480614894135,4.605170185988092,0.8461538461538461,1.7774305555555556,0.6285714285714286,14.0,0.24242424242424243,0
chartjs/Chart.js,2023-07-28,2.3978952727983707,3.258096538021482,4.0943445622221,0.7307692307692307,2.351875,1.0153846153846153,8.0,0.3050847457627119,0
chartjs/Chart.js,2023-10-26,0.0,2.5649493574615367,3.6375861597263857,0.5,42.42773148148148,0.13953488372093023,8.0,0.35135135135135137,0
chartjs/Chart.js,2024-01-24,1.0986122886681098,2.6390573296152584,3.258096538021482,0.5769230769230769,15.396597222222223,0.5806451612903225,7.0,0.44,0
chartjs/Chart.js,2024-04-23,0.0,1.9459101490553132,2.995732273553991,0.5,43.62549768518519,0.24000000000000005,5.0,0.42105263157894735,0
chartjs/Chart.js,2024-07-22,1.0986122886681098,2.5649493574615367,2.9444389791664403,0.4230769230769231,22.604664351851852,0.75,7.0,0.2777777777777778,0
chartjs/Chart.js,2024-10-20,1.9459101490553132,2.833213344056216,3.367295829986474,0.46153846153846156,5.19849537037037,1.2352941176470587,6.0,0.4642857142857143,0
chartjs/Chart.js,2025-01-18,1.6094379124341003,2.5649493574615367,3.367295829986474,0.5,4.5209375,0.8823529411764706,7.0,0.4642857142857143,0
chartjs/Chart.js,2025-04-18,1.9459101490553132,2.70805020110221,3.295836866004329,0.5,0.5286574074074074,1.3125,7.0,0.3076923076923077,0
chartjs/Chart.js,2025-07-17,1.6094379124341003,2.5649493574615367,3.295836866004329,0.4230769230769231,5.311099537037037,0.9375,8.0,0.3076923076923077,0
chartjs/Chart.js,2025-10-15,1.3862943611198906,1.3862943611198906,2.772588722239781,0.2692307692307692,2.764340277777778,1.1428571428571428,2.0,0.26666666666666666,0
chartjs/Chart.js,2026-01-13,0.0,1.6094379124341003,2.0794415416798357,0.19230769230769232,58.21886574074074,0.46153846153846145,4.0,0.2857142857142857,0
d3/d3,2011-09-27,4.499809670330265,5.921578419643816,6.566672429803241,1.0,0.056851851851851855,0.7541899441340782,14.0,0.5971830985915493,0
d3/d3,2011-12-26,3.1354942159291497,5.181783550292085,6.309918278226516,1.0,5.790775462962963,0.24864864864864866,6.0,0.6612021857923497,0
d3/d3,2012-03-25,3.6375861597263857,5.198497031265826,5.8805329864007,1.0,2.1657060185185184,0.628099173553719,18.0,0.5714285714285714,0
d3/d3,2012-06-23,2.1972245773362196,4.61512051684126,5.638354669333745,0.9230769230769231,1.6981597222222222,0.18881118881118883,9.0,0.44642857142857145,0
d3/d3,2012-09-21,3.4011973816621555,4.912654885736052,5.4638318050256105,0.8461538461538461,1.6431481481481482,0.7468879668049793,6.0,0.4340425531914894,0
d3/d3,2012-12-20,5.407171771460119,6.052089168924417,6.327936783729195,0.9230769230769231,0.04541666666666667,2.3681415929203538,2.0,0.6028622540250447,0
d3/d3,2013-03-20,4.919980925828125,5.303304908059076,6.437751649736401,1.0,0.3392939814814815,1.3047619047619048,11.0,0.6217948717948718,0
d3/d3,2013-06-18,4.465908118654584,5.081404364984463,5.8888779583328805,1.0,0.00038194444444444446,1.4262295081967213,15.0,0.5833333333333334,0
d3/d3,2013-09-16,3.4965075614664802,5.159055299214529,5.811140992976701,0.9615384615384616,10.867835648148148,0.584070796460177,9.0,0.6516516516516516,0
d3/d3,2013-12-15,3.713572066704308,5.0369526024136295,5.7899601708972535,0.9230769230769231,1.724699074074074,0.7409638554216867,6.0,0.7055214723926381,0
d3/d3,2014-03-15,2.772588722239781,3.8918202981106265,5.308267697401205,0.8461538461538461,2.160162037037037,0.463768115942029,9.0,0.6616915422885572,0
d3/d3,2014-06-13,2.8903717578961645,4.07753744390572,4.672828834461906,0.8076923076923077,5.302199074074074,0.9642857142857142,11.0,0.7075471698113207,0
d3/d3,2014-09-11,2.302585092994046,3.4339872044851463,4.48863636973214,0.8846153846153846,1.2637731481481482,0.6382978723404256,7.0,0.6022727272727273,0
d3/d3,2014-12-10,4.060443010546419,4.875197323201151,5.081404364984463,0.9615384615384616,0.7520833333333333,2.0963855421686746,12.0,0.69375,0
d3/d3,2015-03-10,2.4849066497880004,3.6888794541139363,5.135798437050262,0.8076923076923077,25.45125,0.4114285714285714,12.0,0.6982248520710059,0
d3/d3,2015-06-08,1.0986122886681098,2.3978952727983707,3.912023005428146,0.5384615384615384,20.28991898148148,0.32727272727272727,7.0,0.40816326530612246,0
d3/d3,2015-09-06,0.6931471805599453,1.6094379124341003,2.70805020110221,0.34615384615384615,16.006481481481483,0.6,3.0,0.21428571428571427,0
d3/d3,2015-12-05,2.302585092994046,3.5263605246161616,3.6375861597263857,0.38461538461538464,10.012893518518519,1.3953488372093024,4.0,0.8648648648648649,0
d3/d3,2016-03-04,4.007333185232471,5.081404364984463,5.267858159063328,0.7307692307692307,1.4659259259259259,1.6582914572864322,3.0,0.9740932642487047,0
d3/d3,2016-06-02,3.2188758248682006,3.8501476017100584,5.332718793265369,0.7692307692307693,1.758877314814815,0.7075471698113207,3.0,0.9757281553398058,0
d3/d3,2016-08-31,2.6390573296152584,5.720311776607412,5.860786223465865,0.8461538461538461,0.9125694444444444,0.23595505617977527,8.0,0.9657142857142857,0
d3/d3,2016-11-29,1.9459101490553132,3.367295829986474,5.808142489980444,0.8076923076923077,6.659016203703704,0.1242603550295858,4.0,0.9608433734939759,0
d3/d3,2017-02-27,2.302585092994046,3.1780538303479458,3.9512437185814275,0.5,8.008993055555555,1.0526315789473684,4.0,0.8627450980392157,0
d3/d3,2017-05-28,1.6094379124341003,2.8903717578961645,3.713572066704308,0.38461538461538464,12.104525462962963,0.6521739130434783,2.0,0.9,0
d3/d3,2017-08-26,0.0,1.791759469228055,3.1354942159291497,0.3076923076923077,42.845613425925926,0.2142857142857143,2.0,0.8181818181818182,0
d3/d3,2017-11-24,1.0986122886681098,2.302585092994046,2.70805020110221,0.19230769230769232,2.8034143518518517,0.8999999999999999,1.0,0.7857142857142857,0
d3/d3,2018-02-22,2.4849066497880004,2.8903717578961645,3.295836866004329,0.2692307692307692,14.933969907407407,2.25,2.0,0.9615384615384616,0
d3/d3,2018-05-23,2.1972245773362196,3.258096538021482,3.7612001156935624,0.38461538461538464,10.242476851851851,1.125,2.0,0.9285714285714286,0
d3/d3,2018-08-21,1.0986122886681098,1.6094379124341003,3.4011973816621555,0.34615384615384615,0.8434953703703704,0.5142857142857143,1.0,0.9310344827586207,0
d3/d3,2018-11-19,0.0,1.791759469228055,2.302585092994046,0.11538461538461539,82.03585648148149,0.4,2.0,0.8888888888888888,0
d3/d3,2019-02-17,2.3978952727983707,2.3978952727983707,2.772588722239781,0.15384615384615385,7.532094907407408,3.142857142857143,1.0,0.9333333333333333,0
d3/d3,2019-05-18,0.6931471805599453,1.3862943611198906,2.6390573296152584,0.19230769230769232,16.123368055555556,0.6315789473684211,1.0,1.0,0
d3/d3,2019-08-16,1.6094379124341003,2.70805020110221,2.8903717578961645,0.19230769230769232,1.1396875,1.3043478260869565,1.0,1.0,0
d3/d3,2019-11-14,0.0,2.772588722239781,3.4011973816621555,0.2692307692307692,50.503877314814815,0.17142857142857143,2.0,0.9310344827586207,0
d3/d3,2020-02-12,0.0,2.70805020110221,3.4011973816621555,0.19230769230769232,45.02076388888889,0.17142857142857143,1.0,0.9310344827586207,0
d3/d3,2020-05-12,1.0986122886681098,1.9459101490553132,3.044522437723423,0.23076923076923078,21.973472222222224,0.6923076923076922,1.0,1.0,0
d3/d3,2020-08-10,1.791759469228055,1.791759469228055,2.4849066497880004,0.19230769230769232,10.408356481481482,2.1176470588235294,1.0,0.5454545454545454,0
d3/d3,2020-11-08,0.0,4.04305126783455,4.127134385045092,0.19230769230769232,46.01649305555556,0.08955223880597016,2.0,0.6721311475409836,0
d3/d3,2021-02-06,1.6094379124341003,2.1972245773362196,4.174387269895637,0.2692307692307692,12.70355324074074,0.4285714285714286,1.0,0.5625,0
d3/d3,2021-05-07,1.0986122886681098,2.3978952727983707,2.9444389791664403,0.3076923076923077,21.71414351851852,0.75,3.0,0.8888888888888888,0
d3/d3,2021-08-05,0.0,2.5649493574615367,3.1354942159291497,0.3076923076923077,32.007476851851855,0.2142857142857143,3.0,0.8181818181818182,0
d3/d3,2021-11-03,0.0,2.5649493574615367,3.2188758248682006,0.2692307692307692,31.584583333333335,0.2,1.0,0.9166666666666666,0
d3/d3,2022-02-01,1.0986122886681098,1.9459101490553132,2.9444389791664403,0.2692307692307692,24.96125,0.75,1.0,1.0,0
d3/d3,2022-05-02,2.1972245773362196,2.4849066497880004,2.8903717578961645,0.23076923076923078,20.90684027777778,2.3478260869565215,2.0,0.9411764705882353,0
d3/d3,2022-07-31,1.6094379124341003,2.1972245773362196,2.995732273553991,0.19230769230769232,28.13630787037037,1.2000000000000002,1.0,0.9473684210526315,0
d3/d3,2023-01-27,1.6094379124341003,2.3978952727983707,2.3978952727983707,0.19230769230769232,8.949016203703703,1.8749999999999998,1.0,1.0,0
d3/d3,2023-04-27,1.0986122886681098,1.6094379124341003,2.70805020110221,0.2692307692307692,26.609537037037036,0.8999999999999999,1.0,1.0,0
d3/d3,2023-07-26,0.0,4.700480365792417,4.736198448394496,0.23076923076923078,31.096041666666668,0.05042016806722689,3.0,0.8141592920353983,0
d3/d3,2023-10-24,2.1972245773362196,2.833213344056216,4.836281906951478,0.4230769230769231,1.0326851851851853,0.4122137404580153,6.0,0.744,0
d3/d3,2024-01-22,0.0,2.1972245773362196,3.2188758248682006,0.46153846153846156,30.86974537037037,0.2,6.0,0.375,0
d3/d3,2024-04-21,0.6931471805599453,2.1972245773362196,2.833213344056216,0.3076923076923077,12.5725,0.5454545454545455,3.0,0.4375,0
d3/d3,2024-07-20,1.0986122886681098,2.833213344056216,3.2188758248682006,0.4230769230769231,12.320949074074074,0.6,6.0,0.4166666666666667,0
d3/d3,2024-10-18,2.70805020110221,2.70805020110221,3.4339872044851463,0.46153846153846156,0.0692013888888889,2.5,4.0,0.5666666666666667,0
d3/d3,2025-01-16,0.6931471805599453,1.6094379124341003,2.9444389791664403,0.23076923076923078,13.104155092592592,0.5,3.0,0.5,0
d3/d3,2025-04-16,0.0,1.0986122886681098,1.9459101490553132,0.15384615384615385,37.37388888888889,0.5,2.0,0.3333333333333333,0
d3/d3,2025-10-13,0.0,0.6931471805599453,0.6931471805599453,0.038461538461538464,78.24310185185185,0.8571428571428571,1.0,1.0,0
d3/d3,2026-01-11,0.0,0.6931471805599453,1.0986122886681098,0.07692307692307693,39.9809375,0.75,1.0,0.5,0
docopt/docopt,2013-04-07,2.833213344056216,3.9889840465642745,4.219507705176107,0.5384615384615384,4.431388888888889,1.3972602739726028,8.0,0.7164179104477612,0
docopt/docopt,2013-07-06,1.0986122886681098,2.1972245773362196,4.127134385045092,0.5384615384615384,13.165324074074075,0.26865671641791045,2.0,0.7540983606557377,0
docopt/docopt,2013-10-04,0.0,1.9459101490553132,2.70805020110221,0.2692307692307692,38.40289351851852,0.3,3.0,0.5714285714285714,0
docopt/docopt,2014-01-02,0.0,0.6931471805599453,2.0794415416798357,0.15384615384615385,70.31957175925926,0.46153846153846145,1.0,0.5714285714285714,0
docopt/docopt,2014-07-01,1.3862943611198906,1.6094379124341003,1.6094379124341003,0.07692307692307693,15.269050925925926,2.4000000000000004,3.0,0.5,0
docopt/docopt,2014-09-29,0.0,1.3862943611198906,2.0794415416798357,0.11538461538461539,53.90962962962963,0.46153846153846145,1.0,0.42857142857142855,1
docopt/docopt,2015-06-26,0.6931471805599453,1.0986122886681098,1.0986122886681098,0.07692307692307693,25.333333333333332,1.5,2.0,0.5,1
docopt/docopt,2016-06-20,0.0,0.6931471805599453,0.6931471805599453,0.038461538461538464,65.59471064814815,0.8571428571428571,1.0,1.0,1
docopt/docopt,2017-09-13,0.0,0.6931471805599453,0.6931471805599453,0.038461538461538464,85.10018518518518,0.8571428571428571,1.0,1.0,0
docopt/docopt,2018-03-12,0.0,1.791759469228055,1.791759469228055,0.07692307692307693,62.73857638888889,0.5454545454545454,3.0,0.6,0
docopt/docopt,2018-09-08,0.6931471805599453,0.6931471805599453,0.6931471805599453,0.038461538461538464,15.067916666666667,1.7142857142857142,1.0,1.0,1
docopt/docopt,2023-02-14,0.0,0.6931471805599453,0.6931471805599453,0.038461538461538464,56.14383101851852,0.8571428571428571,1.0,1.0,1
emberjs/ember.js,2012-04-29,4.812184355372417,5.8377304471659395,6.464588303689961,1.0,1.0337268518518519,1.1406491499227203,40.0,0.3541341653666147,0
emberjs/ember.js,2012-07-28,4.882801922586371,6.429719478039138,6.8690144506657065,1.0,0.95625,0.8190279214064117,48.0,0.259105098855359,0
emberjs/ember.js,2012-10-26,4.330733340286331,5.337538079701318,6.717804695023691,1.0,0.07898148148148149,0.5480769230769231,50.0,0.2179176755447942,0
emberjs/ember.js,2013-01-24,5.4638318050256105,6.025865973825314,6.431331081933479,1.0,0.09119212962962962,2.2619808306709266,56.0,0.24516129032258063,0
emberjs/ember.js,2013-04-24,5.176149732573829,6.20455776256869,6.811244378601294,1.0,0.006435185185185185,1.163198247535597,95.0,0.185226019845645,0
emberjs/ember.js,2013-07-23,4.74493212836325,5.948034989180646,6.776506992372183,1.0,1.7927546296296297,0.782312925170068,72.0,0.16210045662100456,0
emberjs/ember.js,2013-10-21,5.267858159063328,6.466144724237619,6.932447891572509,1.0,0.0052893518518518515,1.130097087378641,105.0,0.146484375,0
emberjs/ember.js,2014-01-19,5.814130531825066,6.601230118728877,7.228388451573604,1.0,0.01758101851851852,1.4533622559652928,79.0,0.1757443718228032,0
emberjs/ember.js,2014-04-19,5.209486152841421,6.415096959171596,7.204892510204673,1.0,0.5534259259259259,0.8127313101406366,96.0,0.2825278810408922,0
emberjs/ember.js,2014-07-18,5.117993812416755,6.129050210060545,6.974478911025045,1.0,0.023680555555555555,0.9329608938547486,79.0,0.2883895131086142,0
emberjs/ember.js,2014-10-16,5.087596335232384,6.376726947898627,6.952728644624869,1.0,0.1587962962962963,0.9248334919124643,89.0,0.25645933014354066,0
emberjs/ember.js,2015-01-14,5.8916442118257715,6.97354301952014,7.411556287811163,1.0,0.20804398148148148,1.308433734939759,101.0,0.31257557436517536,0
emberjs/ember.js,2015-04-14,5.805134968916488,6.812345094177479,7.588829878307813,1.0,0.04506944444444445,1.00555275113579,85.0,0.3240506329113924,0
emberjs/ember.js,2015-07-13,6.054439346269371,7.0431599159883405,7.627057417018934,1.0,0.005868055555555555,1.2419825072886297,92.0,0.27144249512670565,0
emberjs/ember.js,2015-10-11,5.3471075307174685,6.9975959829819265,7.71333788887187,1.0,0.6096296296296296,0.5617476593847526,92.0,0.2932498882431828,0
emberjs/ember.js,2016-01-09,4.8283137373023015,6.008813185442595,7.313220387090301,1.0,0.19778935185185184,0.4983388704318937,57.0,0.31020680453635757,0
emberjs/ember.js,2016-04-08,5.703782474656201,6.587550014824796,7.0317412587631285,1.0,0.871712962962963,1.5831134564643798,87.0,0.1909814323607427,0
emberjs/ember.js,2016-07-07,5.41610040220442,6.448889394146858,7.213031659834869,1.0,0.020104166666666666,0.9911894273127754,72.0,0.2028023598820059,0
emberjs/ember.js,2016-10-05,5.762051382780177,6.862757913051401,7.369600720526409,1.0,0.06346064814814815,1.1984924623115578,71.0,0.23959646910466584,0
emberjs/ember.js,2017-01-03,5.2574953720277815,6.246106765481563,7.293697720601438,1.0,0.07084490740740741,0.7804878048780488,59.0,0.2863945578231292,0
emberjs/ember.js,2017-04-03,5.43372200355424,6.349138991379798,6.99117688712121,1.0,0.1635763888888889,1.2582417582417582,72.0,0.1151012891344383,0
emberjs/ember.js,2017-07-02,4.990432586778736,6.326149473155099,7.029972911706386,1.0,1.169988425925926,0.7770925110132159,55.0,0.23029229406554472,0
emberjs/ember.js,2017-09-30,5.298317366548036,6.26530121273771,6.988413181999592,1.0,0.7509490740740741,1.1019283746556474,42.0,0.26038781163434904,0
emberjs/ember.js,2017-12-29,5.455321115357702,6.486160788944089,7.074116816197362,1.0,1.4575694444444445,1.1838111298482294,45.0,0.16440677966101694,0
emberjs/ember.js,2018-03-29,5.214935757608986,6.78105762593618,7.336936913707618,1.0,0.0894675925925926,0.716417910447761,69.0,0.24364820846905538,0
emberjs/ember.js,2018-06-27,5.123963979403259,6.461468176353717,7.326465613840322,1.0,0.9357060185185185,0.6609836065573771,62.0,0.34298880842659646,0
emberjs/ember.js,2018-09-25,5.0106352940962555,5.739792912179234,6.856461984594587,1.0,0.03142361111111111,0.9424083769633509,42.0,0.29610115911485774,0
emberjs/ember.js,2018-12-24,5.877735781779639,6.415096959171596,6.825460036255307,1.0,0.2958796296296296,2.3131749460043194,44.0,0.24456521739130435,0
emberjs/ember.js,2019-03-24,4.736198448394496,5.973809611869261,6.910750787961936,1.0,2.036064814814815,0.6785714285714286,57.0,0.22654690618762474,0
emberjs/ember.js,2019-06-22,4.51085950651685,5.846438775057725,6.6039438246004725,1.0,1.2808449074074073,0.7348586810228802,42.0,0.15332428765264586,0
emberjs/ember.js,2019-09-20,5.187385805840755,5.940171252720432,6.586171654854675,1.0,0.17938657407407407,1.4712328767123286,37.0,0.15883977900552487,0
emberjs/ember.js,2019-12-19,4.844187086458591,5.8998973535824915,6.612041034833092,1.0,0.7278472222222222,1.0173564753004005,33.0,0.2288021534320323,0
emberjs/ember.js,2020-03-18,4.795790545596741,5.905361848054571,6.594413459749778,1.0,2.0172685185185184,0.9864130434782609,29.0,0.2356164383561644,0
emberjs/ember.js,2020-06-16,3.7612001156935624,5.579729825986222,6.447305862541213,1.0,5.927974537037037,0.4056603773584906,28.0,0.29523809523809524,0
emberjs/ember.js,2020-09-14,4.477336814478207,5.683579767338681,6.324358962381311,1.0,3.193252314814815,0.9378330373001776,27.0,0.3859964093357271,0
emberjs/ember.js,2020-12-13,4.700480365792417,5.916202062607435,6.498282149476434,1.0,0.07565972222222223,0.9865470852017937,33.0,0.2790346907993967,0
emberjs/ember.js,2021-03-13,4.787491742782046,5.808142489980444,6.555356891810665,1.0,1.582337962962963,1.0169491525423728,33.0,0.2792022792022792,0
emberjs/ember.js,2021-06-11,4.795790545596741,5.616771097666572,6.408528791059498,1.0,0.5510300925925926,1.1862745098039216,30.0,0.2145214521452145,0
emberjs/ember.js,2021-09-09,3.912023005428146,4.9344739331306915,6.023447592961033,1.0,0.6009143518518518,0.7177033492822966,25.0,0.13349514563106796,0
emberjs/ember.js,2021-12-08,4.04305126783455,5.298317366548036,5.823045895483019,1.0,0.004085648148148148,0.9970845481049563,26.0,0.228486646884273,0
emberjs/ember.js,2022-03-08,4.442651256490317,5.278114659230517,5.978885764901122,1.0,0.11287037037037037,1.275,20.0,0.233502538071066,0
emberjs/ember.js,2022-06-06,3.8918202981106265,4.969813299576001,5.82600010738045,1.0,5.010925925925926,0.8546511627906976,18.0,0.4437869822485207,0
emberjs/ember.js,2022-09-04,4.605170185988092,5.075173815233827,5.713732805509369,1.0,3.2996412037037035,1.948051948051948,17.0,0.3211920529801324,0
emberjs/ember.js,2022-12-03,4.7535901911063645,5.6131281063880705,6.07073772800249,1.0,1.3363888888888888,1.5890410958904109,28.0,0.4537037037037037,0
emberjs/ember.js,2023-03-03,3.7376696182833684,5.087596335232384,6.075346031088684,1.0,0.041354166666666664,0.5727272727272728,12.0,0.43548387096774194,0
emberjs/ember.js,2023-06-01,4.0943445622221,5.3471075307174685,5.916202062607435,1.0,1.0110300925925926,0.9574468085106383,15.0,0.46756756756756757,0
emberjs/ember.js,2023-08-30,3.970291913552122,4.836281906951478,5.814130531825066,1.0,0.011979166666666667,0.9352941176470588,12.0,0.4341317365269461,0
emberjs/ember.js,2023-11-28,4.543294782270004,5.214935757608986,5.733341276897746,1.0,0.033796296296296297,1.7961783439490444,11.0,0.39285714285714285,0
emberjs/ember.js,2024-02-26,3.828641396489095,4.990432586778736,5.799092654460526,0.9615384615384616,1.013414351851852,0.8238805970149253,14.0,0.43465045592705165,0
emberjs/ember.js,2024-05-26,3.6635616461296463,5.049856007249537,5.71042701737487,1.0,1.9721527777777779,0.762214983713355,13.0,0.27906976744186046,0
emberjs/ember.js,2024-08-24,3.6109179126442243,4.51085950651685,5.5053315359323625,0.9230769230769231,1.04125,0.8844621513944223,10.0,0.3142857142857143,0
emberjs/ember.js,2024-11-22,4.110873864173311,5.342334251964811,5.700443573390687,0.9615384615384616,0.07013888888888889,1.2039473684210527,9.0,0.26174496644295303,0
emberjs/ember.js,2025-02-20,4.48863636973214,4.882801922586371,5.8289456176102075,0.9615384615384616,0.6711226851851851,1.5478260869565217,10.0,0.45132743362831856,0
emberjs/ember.js,2025-05-21,3.4011973816621555,5.187385805840755,5.736572297479192,0.8461538461538461,8.099814814814815,0.5714285714285714,6.0,0.4692556634304207,0
emberjs/ember.js,2025-08-19,3.5263605246161616,4.394449154672439,5.556828061699537,0.8461538461538461,0.10135416666666666,0.7727272727272727,6.0,0.29069767441860467,0
emberjs/ember.js,2025-11-17,3.367295829986474,4.836281906951478,5.327876168789581,0.8846153846153846,5.763055555555556,0.8246445497630333,7.0,0.35609756097560974,0
emberjs/ember.js,2026-02-15,4.110873864173311,5.030437921392435,5.627621113690637,0.9615384615384616,0.3198958333333333,1.2932862190812722,8.0,0.35379061371841153,0
encode/httpx,2020-04-03,2.8903717578961645,4.219507705176107,5.442417710521793,1.0,4.939386574074074,0.45762711864406774,23.0,0.5130434782608696,0
encode/httpx,2020-07-02,1.791759469228055,4.174387269895637,4.882801922586371,0.9615384615384616,2.6337152777777777,0.26277372262773724,13.0,0.4351145038167939,0
encode/httpx,2020-09-30,4.143134726391533,5.123963979403259,5.44673737166631,0.9230769230769231,2.675590277777778,1.5949367088607596,25.0,0.5411255411255411,0
encode/httpx,2020-12-29,2.1972245773362196,3.6375861597263857,5.3230099791384085,0.9615384615384616,3.8546412037037037,0.2571428571428571,16.0,0.553921568627451,0
encode/httpx,2021-03-29,2.772588722239781,3.4657359027997265,4.23410650459726,0.8076923076923077,2.88931712962963,1.2972972972972971,15.0,0.45588235294117646,0
encode/httpx,2021-06-27,2.5649493574615367,3.871201010907891,4.3694478524670215,0.7307692307692307,3.09162037037037,0.9285714285714286,17.0,0.5128205128205128,0
encode/httpx,2021-09-25,2.833213344056216,3.58351893845611,4.418840607796598,0.8076923076923077,10.994131944444444,1.1590909090909092,14.0,0.5365853658536586,0
encode/httpx,2021-12-24,1.0986122886681098,2.833213344056216,3.9512437185814275,0.7307692307692307,2.8002430555555557,0.3157894736842105,8.0,0.5098039215686274,0
encode/httpx,2022-03-24,1.3862943611198906,3.4657359027997265,3.871201010907891,0.7307692307692307,9.816851851851851,0.45283018867924535,15.0,0.48936170212765956,0
encode/httpx,2022-06-22,1.791759469228055,3.1780538303479458,4.007333185232471,0.6923076923076923,6.039305555555556,0.6,15.0,0.4074074074074074,0
encode/httpx,2022-09-20,2.302585092994046,2.995732273553991,3.7612001156935624,0.6538461538461539,6.919375,1.25,9.0,0.21428571428571427,0
encode/httpx,2022-12-19,3.295836866004329,3.713572066704308,4.0943445622221,0.7692307692307693,6.830856481481481,2.4923076923076923,15.0,0.3220338983050847,0
encode/httpx,2023-03-19,1.6094379124341003,3.295836866004329,4.204692619390966,0.6923076923076923,2.9157407407407407,0.4166666666666667,11.0,0.4090909090909091,0
encode/httpx,2023-06-17,2.0794415416798357,3.2188758248682006,3.9318256327243257,0.6923076923076923,2.130173611111111,0.8571428571428571,16.0,0.32,0
encode/httpx,2023-09-15,1.9459101490553132,2.772588722239781,3.6888794541139363,0.6923076923076923,0.10814814814814815,0.9333333333333333,9.0,0.15384615384615385,0
encode/httpx,2023-12-14,2.5649493574615367,3.713572066704308,4.02535169073515,0.8076923076923077,1.0397685185185186,1.278688524590164,15.0,0.38181818181818183,0
encode/httpx,2024-03-13,2.772588722239781,3.828641396489095,4.454347296253507,0.8846153846153846,11.693425925925926,1.054945054945055,13.0,0.38823529411764707,0
encode/httpx,2024-06-11,1.0986122886681098,2.3978952727983707,4.02535169073515,0.6538461538461539,4.869305555555556,0.29508196721311475,7.0,0.2727272727272727,0
encode/httpx,2024-09-09,1.3862943611198906,2.1972245773362196,2.9444389791664403,0.4230769230769231,12.983217592592593,1.0,3.0,0.5,0
encode/httpx,2024-12-08,3.5263605246161616,4.110873864173311,4.23410650459726,0.5,1.8696064814814815,2.7567567567567566,13.0,0.75,0
encode/httpx,2025-03-08,2.995732273553991,3.091042453358316,4.406719247264253,0.5384615384615384,2.9826041666666665,1.3793103448275863,7.0,0.6049382716049383,0
encode/httpx,2025-06-06,0.6931471805599453,1.0986122886681098,3.1780538303479458,0.2692307692307692,3.7069791666666667,0.4137931034482758,2.0,0.5217391304347826,0
encode/httpx,2025-09-04,1.6094379124341003,2.0794415416798357,2.302585092994046,0.23076923076923078,0.03885416666666667,2.0,6.0,0.2222222222222222,0
encode/httpx,2025-12-03,0.0,2.9444389791664403,3.258096538021482,0.34615384615384615,48.141168981481485,0.1935483870967742,7.0,0.36,0
encode/httpx,2026-03-03,0.6931471805599453,2.5649493574615367,3.4339872044851463,0.3076923076923077,8.074456018518518,0.3333333333333333,5.0,0.3,1
encode/starlette,2019-06-25,3.367295829986474,4.1588830833596715,5.198497031265826,0.8846153846153846,0.6331365740740741,0.9354838709677419,25.0,0.48333333333333334,0
encode/starlette,2019-09-23,1.791759469228055,3.58351893845611,4.59511985013459,0.8076923076923077,19.471597222222222,0.3461538461538462,11.0,0.3469387755102041,0
encode/starlette,2019-12-22,1.9459101490553132,3.8066624897703196,4.382026634673881,0.7307692307692307,0.6431134259259259,0.49411764705882355,23.0,0.4430379746835443,0
encode/starlette,2020-03-21,2.4849066497880004,3.4965075614664802,4.343805421853684,0.8846153846153846,3.1958564814814814,0.8780487804878049,24.0,0.3026315789473684,0
encode/starlette,2020-06-19,1.791759469228055,3.5263605246161616,4.189654742026425,0.8461538461538461,9.225925925925926,0.5070422535211268,20.0,0.2923076923076923,0
encode/starlette,2020-09-17,2.1972245773362196,3.332204510175204,4.110873864173311,0.7307692307692307,5.992094907407408,0.8181818181818182,14.0,0.2833333333333333,0
encode/starlette,2020-12-16,1.0986122886681098,2.772588722239781,3.7612001156935624,0.5769230769230769,22.881319444444443,0.375,11.0,0.23809523809523808,0
encode/starlette,2021-03-16,0.6931471805599453,2.3978952727983707,3.258096538021482,0.4230769230769231,4.017824074074074,0.3870967741935484,7.0,0.32,0
encode/starlette,2021-06-14,2.1972245773362196,3.091042453358316,3.4657359027997265,0.46153846153846156,0.8862847222222222,1.4594594594594594,15.0,0.16129032258064516,0
encode/starlette,2021-09-12,1.3862943611198906,2.995732273553991,3.713572066704308,0.6153846153846154,23.94076388888889,0.5217391304347826,9.0,0.15,0
encode/starlette,2021-12-11,2.302585092994046,3.6109179126442243,4.02535169073515,0.6923076923076923,4.1740509259259255,0.9836065573770493,23.0,0.14545454545454545,0
encode/starlette,2022-03-11,3.4011973816621555,4.499809670330265,4.836281906951478,0.8846153846153846,1.7724652777777778,1.3740458015267176,29.0,0.272,0
encode/starlette,2022-06-09,2.772588722239781,3.6109179126442243,4.836281906951478,0.8461538461538461,1.7091087962962963,0.732824427480916,9.0,0.304,0
encode/starlette,2022-09-07,2.302585092994046,3.8918202981106265,4.442651256490317,0.7692307692307693,1.3138888888888889,0.6666666666666666,15.0,0.47619047619047616,0
encode/starlette,2022-12-06,2.0794415416798357,3.5263605246161616,4.406719247264253,0.8076923076923077,1.0277199074074075,0.5517241379310345,14.0,0.3950617283950617,0
encode/starlette,2023-03-06,3.091042453358316,3.4339872044851463,4.1588830833596715,0.7692307692307693,0.1774537037037037,1.9130434782608696,15.0,0.42857142857142855,0
encode/starlette,2023-06-04,2.302585092994046,3.367295829986474,4.07753744390572,0.8076923076923077,2.7625462962962963,0.9375,13.0,0.3275862068965517,0
encode/starlette,2023-09-02,2.1972245773362196,3.4657359027997265,4.0943445622221,0.7307692307692307,0.9310300925925926,0.8307692307692307,14.0,0.3220338983050847,0
encode/starlette,2023-12-01,2.70805020110221,2.995732273553991,3.9318256327243257,0.5384615384615384,0.011828703703703704,1.607142857142857,11.0,0.38,0
encode/starlette,2024-02-29,3.7612001156935624,4.330733340286331,4.553876891600541,0.6153846153846154,0.014212962962962964,2.5800000000000005,20.0,0.32978723404255317,0
encode/starlette,2024-05-29,0.0,2.4849066497880004,4.465908118654584,0.6538461538461539,34.267986111111114,0.06521739130434782,9.0,0.3488372093023256,0
encode/starlette,2024-08-27,1.791759469228055,3.1354942159291497,3.5263605246161616,0.5,16.82726851851852,0.9230769230769231,14.0,0.3333333333333333,0
encode/starlette,2024-11-25,2.3978952727983707,3.713572066704308,4.143134726391533,0.6153846153846154,0.9270833333333334,0.9705882352941176,11.0,0.5483870967741935,0
encode/starlette,2025-02-23,2.6390573296152584,4.04305126783455,4.574710978503383,0.6923076923076923,0.8230208333333333,0.8235294117647058,15.0,0.6041666666666666,0
encode/starlette,2025-05-24,1.0986122886681098,2.772588722239781,4.276666119016055,0.6538461538461539,3.2045833333333333,0.23376623376623376,10.0,0.5352112676056338,0
encode/starlette,2025-08-22,0.0,2.5649493574615367,3.332204510175204,0.46153846153846156,32.823877314814816,0.18181818181818182,5.0,0.48148148148148145,0
encode/starlette,2025-11-20,2.70805020110221,3.8501476017100584,4.07753744390572,0.5769230769230769,16.240381944444444,1.40625,10.0,0.7413793103448276,0
encode/starlette,2026-02-18,2.833213344056216,3.4339872044851463,4.343805421853684,0.6538461538461539,2.9846296296296297,1.2439024390243902,4.0,0.8289473684210527,0
eslint/eslint,2014-06-29,3.295836866004329,4.859812404361672,5.8805329864007,1.0,1.0631018518518518,0.4462809917355372,25.0,0.4341736694677871,0
eslint/eslint,2014-09-27,4.07753744390572,4.867534450455582,5.552959584921617,1.0,0.18246527777777777,1.3460076045627376,36.0,0.3151750972762646,0
eslint/eslint,2014-12-26,3.8066624897703196,4.927253685157205,5.58724865840025,1.0,4.245069444444445,0.9926470588235293,38.0,0.2744360902255639,0
eslint/eslint,2015-03-26,4.634728988229636,5.4510384535657,5.91350300563827,1.0,0.11131944444444444,1.648,60.0,0.3983739837398374,0
eslint/eslint,2015-06-24,4.343805421853684,5.480638923341991,6.156978985585555,1.0,0.010474537037037037,0.9685534591194969,64.0,0.31210191082802546,0
eslint/eslint,2015-09-22,5.043425116919247,6.045005314036012,6.493753839851686,1.0,0.07868055555555556,1.3963963963963963,83.0,0.17272727272727273,0
eslint/eslint,2015-12-21,4.5217885770490405,5.655991810819852,6.561030665896573,1.0,0.008287037037037037,0.7752808988764045,71.0,0.17422096317280453,0
eslint/eslint,2016-03-20,4.700480365792417,5.82600010738045,6.436150368369428,1.0,0.3142476851851852,1.0492845786963434,89.0,0.15248796147672553,0
eslint/eslint,2016-06-18,4.418840607796598,5.723585101952381,6.467698726104354,1.0,1.2786921296296296,0.7673343605546995,70.0,0.16485225505443235,0
eslint/eslint,2016-09-16,4.465908118654584,5.62040086571715,6.364750756851911,1.0,0.37939814814814815,0.8907849829351535,85.0,0.1482758620689655,0
eslint/eslint,2016-12-15,4.127134385045092,5.521460917862246,6.263398262591624,1.0,0.06405092592592593,0.7018867924528303,62.0,0.16793893129770993,0
eslint/eslint,2017-03-15,4.248495242049359,5.159055299214529,6.0473721790462776,1.0,0.9772916666666667,0.9813084112149534,47.0,0.2014218009478673,0
eslint/eslint,2017-06-13,3.7612001156935624,5.170483995038151,5.855071922202427,1.0,0.8896990740740741,0.7288135593220338,35.0,0.39655172413793105,0
eslint/eslint,2017-09-11,4.465908118654584,5.407171771460119,5.986452005284438,1.0,0.14989583333333334,1.2952853598014888,47.0,0.47858942065491183,0
eslint/eslint,2017-12-10,3.295836866004329,5.14166355650266,5.973809611869261,1.0,1.8354745370370371,0.407035175879397,53.0,0.38010204081632654,0
eslint/eslint,2018-03-10,3.5553480614894135,4.68213122712422,5.627621113690637,1.0,1.7305324074074073,0.7420494699646644,45.0,0.22021660649819494,0
eslint/eslint,2018-06-08,3.7612001156935624,4.9344739331306915,5.5053315359323625,1.0,2.396145833333333,1.0278884462151394,36.0,0.2,0
eslint/eslint,2018-09-06,3.1780538303479458,4.804021044733257,5.560681631015528,1.0,1.9277777777777778,0.5433962264150943,39.0,0.14671814671814673,0
eslint/eslint,2018-12-05,3.332204510175204,4.276666119016055,5.262690188904886,0.9615384615384616,2.423622685185185,0.8484848484848485,34.0,0.11458333333333333,0
eslint/eslint,2019-03-05,4.04305126783455,4.672828834461906,5.181783550292085,0.9615384615384616,0.8879282407407407,1.8688524590163935,44.0,0.1864406779661017,0
eslint/eslint,2019-06-03,3.8501476017100584,4.736198448394496,5.393627546352362,1.0,1.051875,1.2533333333333334,42.0,0.1689497716894977,0
eslint/eslint,2019-09-01,3.970291913552122,4.718498871295094,5.41610040220442,0.9615384615384616,1.0000810185185185,1.382608695652174,32.0,0.16071428571428573,0
eslint/eslint,2019-11-30,3.8918202981106265,5.099866427824199,5.616771097666572,1.0,0.29538194444444443,1.05,45.0,0.33211678832116787,0
eslint/eslint,2020-02-28,3.784189633918261,4.804021044733257,5.652489180268651,0.9615384615384616,0.12296296296296297,0.9103448275862068,47.0,0.3204225352112676,0
eslint/eslint,2020-05-28,3.4657359027997265,4.663439094112067,5.424950017481403,0.9615384615384616,1.352800925925926,0.8275862068965518,27.0,0.3008849557522124,0
eslint/eslint,2020-08-26,2.9444389791664403,4.442651256490317,5.247024072160486,0.8461538461538461,0.09945601851851851,0.5846153846153846,28.0,0.3386243386243386,0
eslint/eslint,2020-11-24,2.772588722239781,4.330733340286331,5.075173815233827,0.9230769230769231,0.7197685185185185,0.5818181818181818,35.0,0.3584905660377358,0
eslint/eslint,2021-02-22,3.1780538303479458,4.143134726391533,4.927253685157205,0.8461538461538461,0.5040277777777777,1.006993006993007,25.0,0.3795620437956204,0
eslint/eslint,2021-05-23,2.70805020110221,4.0943445622221,4.804021044733257,0.9230769230769231,1.9514351851851852,0.7086614173228346,35.0,0.2892561983471074,0
eslint/eslint,2021-08-21,4.127134385045092,4.6443908991413725,5.093750200806762,1.0,0.49416666666666664,2.2142857142857144,26.0,0.16049382716049382,0
eslint/eslint,2021-11-19,3.8501476017100584,4.787491742782046,5.407171771460119,1.0,0.5125347222222222,1.236842105263158,32.0,0.3153153153153153,0
eslint/eslint,2022-02-17,3.367295829986474,4.61512051684126,5.393627546352362,1.0,0.9443634259259259,0.7733333333333333,33.0,0.3835616438356164,0
eslint/eslint,2022-05-18,3.5553480614894135,4.465908118654584,5.231108616854587,1.0,0.14787037037037037,1.09375,29.0,0.3225806451612903,0
eslint/eslint,2022-08-16,3.1354942159291497,4.770684624465665,5.318119993844216,1.0,2.9417939814814815,0.6602870813397129,24.0,0.27586206896551724,0
eslint/eslint,2022-11-14,3.828641396489095,4.653960350157523,5.402677381872279,1.0,0.18630787037037036,1.2158590308370043,36.0,0.22624434389140272,0
eslint/eslint,2023-02-12,3.367295829986474,4.634728988229636,5.332718793265369,1.0,0.191875,0.820754716981132,36.0,0.1650485436893204,0
eslint/eslint,2023-05-13,3.828641396489095,4.804021044733257,5.4116460518550396,1.0,0.6542476851851852,1.2052401746724892,32.0,0.17937219730941703,0
eslint/eslint,2023-08-11,3.9318256327243257,4.875197323201151,5.529429087511423,1.0,0.3571064814814815,1.1906614785992218,30.0,0.23904382470119523,0
eslint/eslint,2023-11-09,3.5553480614894135,4.553876891600541,5.41610040220442,1.0,2.3074074074074074,0.9130434782608695,21.0,0.22767857142857142,0
eslint/eslint,2024-02-07,4.110873864173311,5.438079308923196,5.780743515792329,1.0,0.1330787037037037,1.1124620060790273,29.0,0.2755417956656347,0
eslint/eslint,2024-05-07,4.007333185232471,5.099866427824199,5.973809611869261,1.0,0.7186342592592593,0.8291457286432161,33.0,0.26785714285714285,0
eslint/eslint,2024-08-05,3.8066624897703196,5.062595033026967,5.771441123130016,1.0,0.35930555555555554,0.8282208588957055,29.0,0.215625,0
eslint/eslint,2024-11-03,3.8501476017100584,5.3471075307174685,5.905361848054571,1.0,2.2057060185185184,0.7580645161290323,29.0,0.26229508196721313,0
eslint/eslint,2025-02-01,3.970291913552122,5.111987788356544,5.926926025970411,1.0,0.07787037037037037,0.8368421052631578,32.0,0.15775401069518716,0
eslint/eslint,2025-05-02,4.189654742026425,5.241747015059643,5.869296913133774,1.0,0.09453703703703703,1.1030640668523677,30.0,0.11614730878186968,0
eslint/eslint,2025-07-31,4.07753744390572,5.2574953720277815,5.940171252720432,1.0,0.303287037037037,0.9194805194805196,34.0,0.12401055408970976,0
eslint/eslint,2025-10-29,3.9318256327243257,5.049856007249537,5.849324779946859,1.0,0.3650462962962963,0.8693181818181819,29.0,0.1416184971098266,0
eslint/eslint,2026-01-27,3.5553480614894135,5.247024072160486,5.84354441703136,1.0,0.38855324074074077,0.6,29.0,0.19767441860465115,0
expressjs/express,2010-06-26,3.8918202981106265,5.424950017481403,6.516193076042964,0.9615384615384616,6.563287037037037,0.43171806167400884,10.0,0.8948148148148148,0
expressjs/express,2010-09-24,4.3694478524670215,6.327936783729195,6.666956792429207,1.0,1.1051157407407408,0.5992414664981036,8.0,0.9490445859872612,0
expressjs/express,2010-12-23,4.553876891600541,5.634789603169249,6.732210706467206,1.0,0.060127314814814814,0.6753554502369669,4.0,0.9821002386634845,0
expressjs/express,2011-03-23,5.37989735354046,5.808142489980444,6.416732282512326,1.0,0.037314814814814815,2.1102106969205834,7.0,0.9787234042553191,0
expressjs/express,2011-06-21,4.110873864173311,5.4638318050256105,6.342121418721152,1.0,0.04703703703703704,0.6387434554973822,9.0,0.9647266313932981,0
expressjs/express,2011-09-19,3.044522437723423,5.393627546352362,6.12029741895095,0.9615384615384616,6.122326388888889,0.27391304347826084,6.0,0.9559471365638766,0
expressjs/express,2011-12-18,4.68213122712422,5.883322388488279,6.359573868672378,0.9615384615384616,0.014560185185185185,1.1114922813036021,5.0,0.951473136915078,0
expressjs/express,2012-03-17,3.9889840465642745,4.812184355372417,6.175867270105761,0.8846153846153846,11.88962962962963,0.6666666666666666,15.0,0.91875,0
expressjs/express,2012-06-15,3.6109179126442243,5.365976015021851,5.817111159963204,0.8846153846153846,0.010752314814814815,0.6510263929618768,17.0,0.8865671641791045,0
expressjs/express,2012-09-13,3.1354942159291497,4.77912349311153,5.805134968916488,0.9615384615384616,0.08591435185185185,0.40949554896142437,13.0,0.8912386706948641,0
expressjs/express,2012-12-12,2.4849066497880004,4.0943445622221,5.181783550292085,0.8846153846153846,5.819780092592593,0.39344262295081966,12.0,0.8248587570621468,0
expressjs/express,2013-03-12,2.995732273553991,3.8501476017100584,4.663439094112067,0.9230769230769231,0.24568287037037037,1.0810810810810811,18.0,0.5904761904761905,0
expressjs/express,2013-06-10,2.833213344056216,4.219507705176107,4.736198448394496,0.9230769230769231,3.9229166666666666,0.8571428571428572,21.0,0.5663716814159292,0
expressjs/express,2013-09-08,3.2188758248682006,3.9512437185814275,4.77912349311153,0.9230769230769231,0.10091435185185185,1.2096774193548387,16.0,0.6610169491525424,0
expressjs/express,2013-12-07,2.5649493574615367,3.912023005428146,4.61512051684126,0.7692307692307693,5.941087962962963,0.7358490566037735,12.0,0.43,0
expressjs/express,2014-03-07,3.58351893845611,4.382026634673881,4.859812404361672,0.8461538461538461,0.8310416666666667,1.6119402985074627,13.0,0.421875,0
expressjs/express,2014-06-05,4.700480365792417,5.236441962829949,5.58724865840025,1.0,1.7227314814814816,2.426470588235294,16.0,0.5112781954887218,0
expressjs/express,2014-09-03,4.3694478524670215,5.5093883366279774,6.073044534100405,1.0,0.7516435185185185,1.0797266514806378,17.0,0.8429561200923787,0
expressjs/express,2014-12-02,3.5263605246161616,5.043425116919247,5.993961427306569,0.9615384615384616,3.073472222222222,0.5024630541871921,9.0,0.9325,0
expressjs/express,2015-03-02,3.9318256327243257,4.718498871295094,5.583496308781699,0.8461538461538461,0.031099537037037037,1.1291512915129152,11.0,0.9245283018867925,0
expressjs/express,2015-05-31,3.2188758248682006,4.02535169073515,5.117993812416755,0.7692307692307693,1.9048958333333332,0.872093023255814,13.0,0.8614457831325302,0
expressjs/express,2015-08-29,2.70805020110221,4.343805421853684,4.882801922586371,0.6538461538461539,4.036956018518518,0.6569343065693432,5.0,0.8549618320610687,0
expressjs/express,2015-11-27,2.5649493574615367,2.6390573296152584,4.499809670330265,0.34615384615384615,13.8896875,0.8210526315789474,6.0,0.8764044943820225,0
expressjs/express,2016-02-25,1.9459101490553132,3.4339872044851463,3.784189633918261,0.46153846153846156,0.6736574074074074,0.857142857142857,9.0,0.6976744186046512,0
expressjs/express,2016-05-25,2.6390573296152584,2.995732273553991,3.912023005428146,0.5,1.6511226851851852,1.5272727272727273,5.0,0.673469387755102,0
expressjs/express,2016-08-23,0.6931471805599453,3.2188758248682006,3.784189633918261,0.38461538461538464,23.27931712962963,0.24489795918367344,3.0,0.7674418604651163,0
expressjs/express,2016-11-21,0.6931471805599453,1.0986122886681098,3.295836866004329,0.2692307692307692,4.488240740740741,0.375,2.0,0.8461538461538461,0
expressjs/express,2017-02-19,3.5263605246161616,3.7376696182833684,3.784189633918261,0.34615384615384615,0.6300231481481482,4.163265306122448,8.0,0.7441860465116279,0
expressjs/express,2017-05-20,3.044522437723423,4.343805421853684,4.770684624465665,0.6538461538461539,2.0360069444444444,1.024390243902439,13.0,0.6923076923076923,0
expressjs/express,2017-08-18,2.8903717578961645,3.1780538303479458,4.605170185988092,0.6923076923076923,0.7032175925925926,1.0285714285714285,5.0,0.6868686868686869,0
expressjs/express,2017-11-16,1.0986122886681098,3.970291913552122,4.330733340286331,0.6153846153846154,15.400219907407408,0.2222222222222222,7.0,0.84,0
expressjs/express,2018-02-14,2.70805020110221,3.091042453358316,4.30406509320417,0.46153846153846156,0.6908796296296297,1.139240506329114,6.0,0.821917808219178,0
expressjs/express,2018-05-15,0.0,2.4849066497880004,3.4965075614664802,0.4230769230769231,30.435590277777777,0.15789473684210528,6.0,0.6875,0
expressjs/express,2018-08-13,1.3862943611198906,2.3978952727983707,3.091042453358316,0.38461538461538464,3.9970949074074076,0.8888888888888888,6.0,0.47619047619047616,0
expressjs/express,2018-11-11,1.9459101490553132,2.995732273553991,3.4011973816621555,0.46153846153846156,15.587037037037037,1.2,2.0,0.7586206896551724,0
expressjs/express,2019-02-09,1.9459101490553132,2.3978952727983707,3.4011973816621555,0.5,4.386481481481481,1.2,10.0,0.6206896551724138,0
expressjs/express,2019-05-10,3.258096538021482,3.258096538021482,3.58351893845611,0.4230769230769231,0.6988657407407407,3.804878048780488,3.0,0.6571428571428571,0
expressjs/express,2019-08-08,1.6094379124341003,2.9444389791664403,3.784189633918261,0.34615384615384615,3.6896875,0.6122448979591836,3.0,0.9069767441860465,0
expressjs/express,2020-02-04,1.791759469228055,2.772588722239781,2.772588722239781,0.19230769230769232,25.78988425925926,1.7142857142857142,6.0,0.5333333333333333,0
expressjs/express,2020-05-04,0.6931471805599453,2.6390573296152584,3.367295829986474,0.46153846153846156,19.73866898148148,0.3529411764705882,6.0,0.5714285714285714,0
expressjs/express,2020-08-02,1.3862943611198906,2.6390573296152584,3.295836866004329,0.5,2.4541666666666666,0.75,6.0,0.3076923076923077,0
expressjs/express,2020-10-31,1.0986122886681098,1.3862943611198906,2.833213344056216,0.3076923076923077,9.79675925925926,0.8181818181818182,2.0,0.25,0
expressjs/express,2021-01-29,1.0986122886681098,1.9459101490553132,2.302585092994046,0.2692307692307692,0.734988425925926,1.2,3.0,0.6666666666666666,0
expressjs/express,2021-04-29,1.9459101490553132,2.0794415416798357,2.6390573296152584,0.3076923076923077,6.939479166666667,2.210526315789474,3.0,0.3076923076923077,0
expressjs/express,2021-07-28,1.3862943611198906,1.791759469228055,2.5649493574615367,0.2692307692307692,17.093310185185185,1.3333333333333333,5.0,0.4166666666666667,0
expressjs/express,2021-10-26,1.0986122886681098,2.1972245773362196,2.6390573296152584,0.38461538461538464,20.70923611111111,0.9473684210526316,4.0,0.46153846153846156,0
expressjs/express,2022-01-24,0.0,3.1354942159291497,3.4339872044851463,0.46153846153846156,37.62060185185185,0.16666666666666666,4.0,0.7666666666666667,0
expressjs/express,2022-04-24,2.995732273553991,4.394449154672439,4.634728988229636,0.7307692307692307,3.5327546296296295,1.1111111111111112,12.0,0.7941176470588235,0
expressjs/express,2022-07-23,0.0,2.772588722239781,4.564348191467836,0.6153846153846154,41.937592592592594,0.059405940594059396,4.0,0.7894736842105263,0
expressjs/express,2022-10-21,2.1972245773362196,2.5649493574615367,3.332204510175204,0.3076923076923077,2.243888888888889,1.6363636363636365,3.0,0.8148148148148148,0
expressjs/express,2023-01-19,0.0,1.3862943611198906,2.772588722239781,0.19230769230769232,78.8903587962963,0.2857142857142857,2.0,0.6666666666666666,0
expressjs/express,2023-04-19,1.3862943611198906,3.1780538303479458,3.295836866004329,0.3076923076923077,8.267025462962962,0.75,4.0,0.5384615384615384,0
expressjs/express,2023-07-18,0.0,0.6931471805599453,3.2188758248682006,0.2692307692307692,61.22883101851852,0.2,1.0,0.5833333333333334,0
expressjs/express,2023-10-16,0.0,1.6094379124341003,1.791759469228055,0.11538461538461539,53.78365740740741,0.5454545454545454,2.0,0.6,0
expressjs/express,2024-01-14,0.6931471805599453,1.3862943611198906,2.0794415416798357,0.19230769230769232,3.305636574074074,0.9230769230769229,3.0,0.5714285714285714,0
expressjs/express,2024-04-13,3.5263605246161616,3.871201010907891,3.9318256327243257,0.5,2.0670254629629627,3.642857142857143,9.0,0.34,0
expressjs/express,2024-07-12,0.6931471805599453,2.833213344056216,4.1588830833596715,0.6153846153846154,15.856238425925927,0.17391304347826086,5.0,0.2698412698412698,0
expressjs/express,2024-10-10,2.6390573296152584,3.9889840465642745,4.248495242049359,0.6923076923076923,0.9695949074074074,1.12,13.0,0.21739130434782608,0
expressjs/express,2025-01-08,1.791759469228055,3.367295829986474,4.406719247264253,0.8846153846153846,0.12502314814814816,0.41379310344827586,11.0,0.18518518518518517,0
expressjs/express,2025-04-08,2.772588722239781,3.8066624897703196,4.290459441148391,0.8076923076923077,11.738090277777777,1.2307692307692308,15.0,0.20833333333333334,0
expressjs/express,2025-07-07,1.9459101490553132,2.9444389791664403,4.143134726391533,0.6923076923076923,3.172766203703704,0.6176470588235293,12.0,0.20967741935483872,0
expressjs/express,2025-10-05,0.6931471805599453,2.4849066497880004,3.4011973816621555,0.5384615384615384,10.566354166666667,0.34285714285714286,5.0,0.20689655172413793,0
expressjs/express,2026-01-03,1.3862943611198906,3.1354942159291497,3.5263605246161616,0.4230769230769231,15.382974537037038,0.6153846153846154,8.0,0.24242424242424243,0
fabric/fabric,2009-01-03,1.6094379124341003,4.890349128221754,5.214935757608986,0.5769230769230769,2.6611226851851852,0.15873015873015872,6.0,0.639344262295082,0
fabric/fabric,2009-04-03,3.4011973816621555,4.406719247264253,5.365976015021851,0.7692307692307693,0.6347222222222222,0.821917808219178,7.0,0.5539906103286385,0
fabric/fabric,2009-07-02,3.367295829986474,5.459585514144159,5.755742213586912,0.8461538461538461,10.494363425925926,0.5420560747663551,9.0,0.8253968253968254,0
fabric/fabric,2009-09-30,3.58351893845611,4.787491742782046,5.869296913133774,0.9230769230769231,2.5725925925925925,0.6016713091922006,2.0,0.9206798866855525,0
fabric/fabric,2009-12-29,2.5649493574615367,4.770684624465665,5.4680601411351315,0.9230769230769231,10.54994212962963,0.32231404958677684,2.0,0.961864406779661,0
fabric/fabric,2010-03-29,1.9459101490553132,3.332204510175204,4.976733742420574,0.8076923076923077,2.715266203703704,0.28,4.0,0.9097222222222222,0
fabric/fabric,2010-06-27,4.248495242049359,4.663439094112067,4.890349128221754,0.6538461538461539,2.9027546296296296,3.0434782608695654,5.0,0.8787878787878788,0
fabric/fabric,2010-09-25,4.248495242049359,5.030437921392435,5.552959584921617,0.7307692307692307,13.923900462962964,1.5969581749049429,6.0,0.9182879377431906,0
fabric/fabric,2010-12-24,0.0,4.48863636973214,5.484796933490655,0.6923076923076923,35.349780092592596,0.024390243902439025,2.0,0.9208333333333333,0
fabric/fabric,2011-03-24,4.68213122712422,5.030437921392435,5.484796933490655,0.6923076923076923,1.4858449074074074,2.6341463414634148,6.0,0.9291666666666667,0
fabric/fabric,2011-06-22,3.784189633918261,4.499809670330265,5.488937726156687,0.8076923076923077,0.3083796296296296,1.0688259109311742,3.0,0.8962655601659751,0
fabric/fabric,2011-09-20,3.8918202981106265,4.941642422609304,5.43372200355424,0.6923076923076923,0.4690625,1.2564102564102564,3.0,0.8728070175438597,0
fabric/fabric,2011-12-19,3.871201010907891,5.043425116919247,5.683579767338681,0.7307692307692307,0.2933912037037037,0.963210702341137,4.0,0.9078498293515358,0
fabric/fabric,2012-03-18,3.4011973816621555,4.912654885736052,5.66988092298052,0.8846153846153846,5.530347222222222,0.6101694915254238,6.0,0.9377162629757786,0
fabric/fabric,2012-06-16,3.367295829986474,4.204692619390966,5.308267697401205,0.8461538461538461,1.9099074074074074,0.8405797101449275,7.0,0.8955223880597015,0
fabric/fabric,2012-09-14,3.5263605246161616,4.127134385045092,4.852030263919617,0.8076923076923077,0.4860300925925926,1.5338345864661653,15.0,0.6929133858267716,0
fabric/fabric,2012-12-13,3.258096538021482,4.852030263919617,5.241747015059643,0.8846153846153846,0.8270023148148148,0.8041237113402063,12.0,0.675531914893617,0
fabric/fabric,2013-03-13,3.1354942159291497,4.418840607796598,5.3471075307174685,0.9230769230769231,11.478831018518518,0.641860465116279,9.0,0.7464114832535885,0
fabric/fabric,2013-06-11,3.4657359027997265,4.465908118654584,5.1298987149230735,0.8461538461538461,5.628784722222222,1.103448275862069,11.0,0.7023809523809523,0
fabric/fabric,2013-09-09,3.58351893845611,4.454347296253507,5.147494476813453,0.8846153846153846,1.8276388888888888,1.2203389830508475,11.0,0.6842105263157895,0
fabric/fabric,2013-12-08,2.302585092994046,3.871201010907891,4.890349128221754,0.7307692307692307,9.876643518518518,0.43478260869565216,4.0,0.7575757575757576,0
fabric/fabric,2014-03-08,3.1354942159291497,3.784189633918261,4.51085950651685,0.6153846153846154,2.8236805555555557,1.4375,5.0,0.8555555555555555,0
fabric/fabric,2014-06-06,1.9459101490553132,4.219507705176107,4.709530201312334,0.7692307692307693,14.541180555555556,0.3620689655172414,12.0,0.7727272727272727,0
fabric/fabric,2014-09-04,4.04305126783455,4.442651256490317,5.0238805208462765,0.9230769230769231,0.47563657407407406,2.178343949044586,11.0,0.7483443708609272,0
fabric/fabric,2014-12-03,1.9459101490553132,2.995732273553991,4.6443908991413725,0.6153846153846154,11.71662037037037,0.38532110091743116,2.0,0.8252427184466019,0
fabric/fabric,2015-03-03,2.4849066497880004,3.9318256327243257,4.248495242049359,0.6153846153846154,6.828807870370371,0.96,14.0,0.7101449275362319,0
fabric/fabric,2015-06-01,3.784189633918261,4.962844630259907,5.262690188904886,0.8846153846153846,2.6990625,1.3333333333333333,8.0,0.8385416666666666,0
fabric/fabric,2015-08-30,3.4657359027997265,4.6443908991413725,5.5053315359323625,0.7307692307692307,5.726631944444445,0.7649402390438247,3.0,0.9387755102040817,0
fabric/fabric,2015-11-28,1.6094379124341003,5.003946305945459,5.529429087511423,0.6153846153846154,15.175416666666667,0.11673151750972761,7.0,0.6414342629482072,0
fabric/fabric,2016-02-26,3.1354942159291497,4.248495242049359,5.384495062789089,0.6538461538461539,18.450648148148147,0.6188340807174888,8.0,0.5161290322580645,0
fabric/fabric,2016-05-26,2.5649493574615367,4.110873864173311,4.867534450455582,0.5769230769230769,17.63228009259259,0.5777777777777777,4.0,0.6124031007751938,0
fabric/fabric,2016-08-24,4.330733340286331,4.700480365792417,5.135798437050262,0.5769230769230769,1.5437268518518519,2.6057142857142854,7.0,0.8461538461538461,0
fabric/fabric,2016-11-22,0.6931471805599453,3.091042453358316,4.875197323201151,0.6153846153846154,14.014722222222222,0.08823529411764705,4.0,0.8153846153846154,0
fabric/fabric,2017-02-20,4.31748811353631,4.941642422609304,5.081404364984463,0.6923076923076923,5.704918981481481,2.710843373493976,7.0,0.88125,0
fabric/fabric,2017-05-21,3.258096538021482,5.537334267018537,5.973809611869261,0.8846153846153846,18.78699074074074,0.3919597989949749,8.0,0.9362244897959183,0
fabric/fabric,2017-08-19,2.772588722239781,3.6375861597263857,5.673323267171493,0.7692307692307693,4.5355439814814815,0.3243243243243243,5.0,0.9379310344827586,0
fabric/fabric,2017-11-17,3.8066624897703196,3.9318256327243257,4.477336814478207,0.5384615384615384,2.607800925925926,2.903225806451613,2.0,0.9310344827586207,0
fabric/fabric,2018-02-15,1.9459101490553132,2.5649493574615367,4.143134726391533,0.38461538461538464,4.025671296296296,0.6176470588235293,3.0,0.9032258064516129,0
fabric/fabric,2018-05-16,4.6913478822291435,4.709530201312334,4.812184355372417,0.38461538461538464,1.6287384259259259,5.109375,5.0,0.9016393442622951,0
fabric/fabric,2018-08-14,4.276666119016055,5.375278407684165,5.786897381366708,0.6538461538461539,5.425,1.3051359516616314,4.0,0.963076923076923,0
fabric/fabric,2018-11-12,1.791759469228055,4.2626798770413155,5.655991810819852,0.7692307692307693,3.624178240740741,0.12371134020618557,2.0,0.9754385964912281,0
fabric/fabric,2019-02-10,0.0,2.70805020110221,4.442651256490317,0.4230769230769231,33.81892361111111,0.06666666666666667,2.0,0.9642857142857143,0
fabric/fabric,2019-05-11,1.0986122886681098,1.0986122886681098,2.833213344056216,0.15384615384615385,14.683738425925926,0.8181818181818182,1.0,0.9375,0
fabric/fabric,2019-08-09,3.332204510175204,3.4011973816621555,3.4657359027997265,0.23076923076923078,2.5603935185185187,4.54054054054054,3.0,0.9032258064516129,0
fabric/fabric,2019-11-07,1.0986122886681098,1.0986122886681098,3.4657359027997265,0.23076923076923078,10.493460648148147,0.48648648648648646,1.0,0.8387096774193549,0
fabric/fabric,2020-02-05,0.6931471805599453,1.6094379124341003,1.9459101490553132,0.11538461538461539,25.627407407407407,1.0,1.0,0.6666666666666666,1
fabric/fabric,2020-11-01,0.6931471805599453,0.6931471805599453,0.6931471805599453,0.038461538461538464,4.270671296296296,1.7142857142857142,1.0,1.0,0
fabric/fabric,2021-01-30,3.044522437723423,3.091042453358316,3.1354942159291497,0.23076923076923078,11.468518518518518,4.500000000000001,1.0,0.9545454545454546,0
fabric/fabric,2021-04-30,0.0,2.302585092994046,3.4339872044851463,0.34615384615384615,41.66990740740741,0.16666666666666666,2.0,0.8333333333333334,0
fabric/fabric,2021-07-29,0.0,1.9459101490553132,2.772588722239781,0.3076923076923077,48.64659722222222,0.2857142857142857,2.0,0.6,0
fabric/fabric,2021-10-27,0.6931471805599453,1.0986122886681098,2.1972245773362196,0.23076923076923078,11.539895833333333,0.8571428571428572,1.0,0.875,0
fabric/fabric,2022-04-25,2.4849066497880004,3.5553480614894135,3.5553480614894135,0.19230769230769232,17.808043981481482,1.7999999999999998,2.0,0.9705882352941176,0
fabric/fabric,2022-07-24,1.791759469228055,1.791759469228055,3.6888794541139363,0.19230769230769232,9.574699074074074,0.8,1.0,0.9743589743589743,0
fabric/fabric,2023-01-20,3.258096538021482,3.258096538021482,3.258096538021482,0.07692307692307693,2.609814814814815,5.032258064516129,1.0,1.0,0
fabric/fabric,2023-04-20,2.4849066497880004,2.833213344056216,3.7376696182833684,0.3076923076923077,5.607951388888889,1.5319148936170213,1.0,1.0,0
fabric/fabric,2023-07-19,0.0,2.9444389791664403,3.5553480614894135,0.4230769230769231,54.757719907407406,0.15,1.0,1.0,0
fabric/fabric,2023-10-17,1.9459101490553132,3.367295829986474,3.8501476017100584,0.3076923076923077,23.556030092592593,0.8076923076923076,1.0,1.0,0
fabric/fabric,2024-04-14,0.0,0.6931471805599453,0.6931471805599453,0.038461538461538464,78.59450231481482,0.8571428571428571,1.0,1.0,1
fabric/fabric,2025-10-06,0.0,0.6931471805599453,0.6931471805599453,0.038461538461538464,77.78746527777778,0.8571428571428571,1.0,1.0,0
facebook/flux,2015-07-24,1.6094379124341003,3.5263605246161616,4.343805421853684,0.6923076923076923,3.2924074074074072,0.36585365853658536,17.0,0.18421052631578946,0
facebook/flux,2015-10-22,0.0,3.091042453358316,4.007333185232471,0.4230769230769231,41.157094907407405,0.1,6.0,0.2777777777777778,0
facebook/flux,2016-01-20,1.3862943611198906,1.791759469228055,3.295836866004329,0.38461538461538464,1.9952777777777777,0.75,5.0,0.5384615384615384,0
facebook/flux,2016-04-19,2.833213344056216,3.091042453358316,3.295836866004329,0.3076923076923077,3.0436111111111113,3.1875,7.0,0.46153846153846156,0
facebook/flux,2016-07-18,1.0986122886681098,2.6390573296152584,3.5553480614894135,0.2692307692307692,12.222523148148149,0.44999999999999996,6.0,0.4411764705882353,0
facebook/flux,2016-10-16,0.6931471805599453,1.6094379124341003,2.8903717578961645,0.3076923076923077,16.376539351851854,0.5217391304347826,4.0,0.35294117647058826,0
facebook/flux,2017-01-14,2.5649493574615367,2.833213344056216,3.044522437723423,0.2692307692307692,28.900219907407408,2.9999999999999996,4.0,0.65,0
facebook/flux,2017-04-14,0.6931471805599453,2.1972245773362196,3.2188758248682006,0.34615384615384615,20.216377314814814,0.4,7.0,0.5416666666666666,0
facebook/flux,2017-07-13,0.6931471805599453,1.0986122886681098,2.3978952727983707,0.2692307692307692,16.002280092592592,0.7499999999999999,2.0,0.2,0
facebook/flux,2017-10-11,0.0,1.6094379124341003,1.9459101490553132,0.11538461538461539,74.06342592592593,0.5,2.0,0.3333333333333333,0
facebook/flux,2018-01-09,0.0,1.6094379124341003,2.1972245773362196,0.15384615384615385,45.27755787037037,0.4285714285714286,3.0,0.25,0
facebook/flux,2018-04-09,0.6931471805599453,0.6931471805599453,1.791759469228055,0.11538461538461539,16.68076388888889,1.0909090909090908,1.0,0.4,0
facebook/flux,2018-07-08,0.6931471805599453,1.0986122886681098,1.3862943611198906,0.11538461538461539,8.188043981481481,1.3333333333333333,2.0,0.3333333333333333,0
facebook/flux,2018-10-06,0.0,0.6931471805599453,1.3862943611198906,0.11538461538461539,70.3172800925926,0.6666666666666666,1.0,0.3333333333333333,0
facebook/flux,2019-01-04,0.0,0.6931471805599453,1.0986122886681098,0.07692307692307693,51.24414351851852,0.75,1.0,0.5,0
facebook/flux,2019-04-04,0.0,1.3862943611198906,1.6094379124341003,0.11538461538461539,55.11300925925926,0.6000000000000001,3.0,0.25,0
facebook/flux,2019-07-03,0.0,0.6931471805599453,1.6094379124341003,0.11538461538461539,67.27225694444445,0.6000000000000001,1.0,0.25,0
facebook/flux,2019-10-01,0.0,1.6094379124341003,1.791759469228055,0.11538461538461539,65.2699537037037,0.5454545454545454,2.0,0.6,0
facebook/flux,2019-12-30,0.0,1.6094379124341003,2.1972245773362196,0.15384615384615385,74.13190972222222,0.4285714285714286,2.0,0.75,0
facebook/flux,2020-03-29,0.0,1.6094379124341003,2.1972245773362196,0.15384615384615385,37.565115740740744,0.4285714285714286,3.0,0.625,0
facebook/flux,2020-06-27,0.6931471805599453,0.6931471805599453,1.791759469228055,0.11538461538461539,2.213553240740741,1.0909090909090908,1.0,0.4,0
facebook/flux,2020-09-25,0.6931471805599453,1.791759469228055,1.9459101490553132,0.19230769230769232,6.895347222222222,1.0,5.0,0.16666666666666666,0
facebook/flux,2020-12-24,2.0794415416798357,2.3978952727983707,2.772588722239781,0.3076923076923077,9.413333333333334,2.2857142857142856,5.0,0.3333333333333333,0
facebook/flux,2021-03-24,1.791759469228055,2.1972245773362196,2.9444389791664403,0.2692307692307692,2.4668171296296295,1.5,1.0,0.7222222222222222,0
facebook/flux,2021-06-22,1.9459101490553132,1.9459101490553132,2.70805020110221,0.19230769230769232,17.955613425925925,2.1,1.0,1.0,0
facebook/flux,2021-09-20,0.6931471805599453,1.3862943611198906,2.302585092994046,0.19230769230769232,18.90391203703704,0.8,2.0,0.8888888888888888,0
facebook/flux,2021-12-19,1.3862943611198906,1.791759469228055,2.1972245773362196,0.23076923076923078,8.062233796296296,1.7142857142857144,3.0,0.625,0
facebook/flux,2022-03-19,1.791759469228055,1.791759469228055,2.3978952727983707,0.19230769230769232,14.377141203703705,2.2499999999999996,2.0,0.3,0
facebook/flux,2022-06-17,2.70805020110221,2.8903717578961645,3.1354942159291497,0.3076923076923077,13.810011574074075,3.214285714285715,4.0,0.6363636363636364,1
facebook/flux,2023-03-14,0.0,1.3862943611198906,1.3862943611198906,0.038461538461538464,34.86986111111111,0.6666666666666666,1.0,1.0,0
facebook/flux,2023-06-12,0.0,1.6094379124341003,2.0794415416798357,0.07692307692307693,82.05873842592592,0.46153846153846145,1.0,1.0,1
falconry/falcon,2013-12-06,0.6931471805599453,2.6390573296152584,3.828641396489095,0.6153846153846154,21.800231481481482,0.23529411764705882,5.0,0.5777777777777777,0
falconry/falcon,2014-03-06,2.0794415416798357,4.110873864173311,4.30406509320417,0.7307692307692307,13.889664351851852,0.6075949367088608,7.0,0.8493150684931506,0
falconry/falcon,2014-06-04,1.6094379124341003,4.356708826689592,4.927253685157205,0.8076923076923077,5.971886574074074,0.2097902097902098,5.0,0.8905109489051095,0
falconry/falcon,2014-09-02,1.0986122886681098,3.4965075614664802,4.700480365792417,0.7307692307692307,20.903761574074075,0.15652173913043477,6.0,0.8256880733944955,0
falconry/falcon,2014-12-01,2.9444389791664403,4.0943445622221,4.5217885770490405,0.7692307692307693,0.023668981481481482,1.1752577319587632,10.0,0.7802197802197802,0
falconry/falcon,2015-03-01,3.58351893845611,4.04305126783455,4.7535901911063645,0.8461538461538461,8.934340277777778,1.7851239669421486,14.0,0.7652173913043478,0
falconry/falcon,2015-05-30,3.295836866004329,4.31748811353631,4.875197323201151,0.7307692307692307,7.99650462962963,1.1911764705882353,14.0,0.6076923076923076,0
falconry/falcon,2015-08-28,2.0794415416798357,3.1354942159291497,4.574710978503383,0.8076923076923077,0.30637731481481484,0.47058823529411764,13.0,0.4166666666666667,0
falconry/falcon,2015-11-26,2.5649493574615367,3.5263605246161616,4.02535169073515,0.8846153846153846,3.051273148148148,1.278688524590164,11.0,0.23636363636363636,0
falconry/falcon,2016-02-24,2.3978952727983707,3.295836866004329,4.0943445622221,0.9230769230769231,0.13413194444444446,1.0153846153846153,7.0,0.5084745762711864,0
falconry/falcon,2016-05-24,2.3978952727983707,3.4339872044851463,4.04305126783455,0.7692307692307693,0.572974537037037,1.064516129032258,7.0,0.5535714285714286,0
falconry/falcon,2016-08-22,2.4849066497880004,3.4339872044851463,4.110873864173311,0.7307692307692307,4.621944444444445,1.0909090909090908,7.0,0.5333333333333333,0
falconry/falcon,2016-11-20,2.4849066497880004,4.23410650459726,4.59511985013459,0.9230769230769231,1.684849537037037,0.6923076923076924,8.0,0.6938775510204082,0
falconry/falcon,2017-02-18,3.4657359027997265,3.6635616461296463,4.672828834461906,0.8076923076923077,5.09,1.7142857142857142,14.0,0.660377358490566,0
falconry/falcon,2017-05-19,2.8903717578961645,3.295836866004329,4.174387269895637,0.6153846153846154,2.1046412037037037,1.542857142857143,6.0,0.65625,0
falconry/falcon,2017-08-17,2.9444389791664403,3.784189633918261,4.248495242049359,0.6538461538461539,8.063611111111111,1.52,8.0,0.6956521739130435,0
falconry/falcon,2017-11-15,1.3862943611198906,3.4011973816621555,4.290459441148391,0.7692307692307693,5.065324074074074,0.3076923076923077,9.0,0.5972222222222222,0
falconry/falcon,2018-02-13,2.8903717578961645,4.2626798770413155,4.605170185988092,0.6923076923076923,25.749363425925925,1.0285714285714285,8.0,0.5656565656565656,0
falconry/falcon,2018-05-14,2.4849066497880004,2.833213344056216,4.465908118654584,0.46153846153846156,0.011516203703703704,0.7826086956521738,8.0,0.5116279069767442,0
falconry/falcon,2018-08-12,2.8903717578961645,3.871201010907891,4.1588830833596715,0.4230769230769231,3.798090277777778,1.565217391304348,13.0,0.36507936507936506,0
falconry/falcon,2018-11-10,2.0794415416798357,2.6390573296152584,4.110873864173311,0.5,0.9354282407407407,0.7272727272727273,6.0,0.45,0
falconry/falcon,2019-02-08,2.302585092994046,3.332204510175204,3.713572066704308,0.5769230769230769,1.0218865740740741,1.3043478260869565,13.0,0.25,0
falconry/falcon,2019-05-09,3.4339872044851463,4.406719247264253,4.6913478822291435,0.8846153846153846,0.6832060185185185,1.631578947368421,17.0,0.4537037037037037,0
falconry/falcon,2019-08-07,0.0,1.3862943611198906,4.442651256490317,0.6153846153846154,69.37358796296296,0.06666666666666667,3.0,0.5119047619047619,0
falconry/falcon,2019-11-05,3.044522437723423,3.044522437723423,3.1780538303479458,0.2692307692307692,2.9608680555555558,4.344827586206896,7.0,0.5652173913043478,0
falconry/falcon,2020-02-03,2.70805020110221,3.6375861597263857,4.060443010546419,0.5384615384615384,5.910127314814815,1.4285714285714286,11.0,0.49122807017543857,0
falconry/falcon,2020-05-03,2.1972245773362196,3.713572066704308,4.356708826689592,0.7692307692307693,13.426863425925927,0.6506024096385542,11.0,0.42857142857142855,0
falconry/falcon,2020-08-01,1.9459101490553132,2.5649493574615367,3.970291913552122,0.6538461538461539,0.3575,0.7241379310344828,3.0,0.40384615384615385,0
falconry/falcon,2020-10-30,0.6931471805599453,3.2188758248682006,3.6109179126442243,0.5384615384615384,14.001064814814814,0.2857142857142857,6.0,0.4722222222222222,0
falconry/falcon,2021-01-28,2.0794415416798357,4.007333185232471,4.3694478524670215,0.6538461538461539,10.910115740740741,0.5714285714285714,7.0,0.41025641025641024,0
falconry/falcon,2021-04-28,2.1972245773362196,3.6109179126442243,4.51085950651685,0.7307692307692307,2.0848263888888887,0.5625,4.0,0.4888888888888889,0
falconry/falcon,2021-07-27,1.0986122886681098,2.5649493574615367,3.8918202981106265,0.5769230769230769,0.44806712962962963,0.3333333333333333,5.0,0.4375,0
falconry/falcon,2021-10-25,2.70805020110221,2.9444389791664403,3.4339872044851463,0.4230769230769231,6.06605324074074,2.5,7.0,0.3,0
falconry/falcon,2022-01-23,1.791759469228055,3.091042453358316,3.6888794541139363,0.5769230769230769,7.033993055555555,0.8,8.0,0.48717948717948717,0
falconry/falcon,2022-04-23,2.0794415416798357,3.367295829986474,3.912023005428146,0.7307692307692307,14.306215277777778,0.8727272727272728,8.0,0.5102040816326531,0
falconry/falcon,2022-07-22,1.0986122886681098,2.3978952727983707,3.6635616461296463,0.5769230769230769,24.913055555555555,0.4090909090909091,5.0,0.3684210526315789,0
falconry/falcon,2022-10-20,1.6094379124341003,3.1354942159291497,3.4965075614664802,0.5,9.958958333333333,0.7894736842105263,6.0,0.375,0
falconry/falcon,2023-01-18,1.6094379124341003,3.1780538303479458,3.828641396489095,0.6923076923076923,1.1823611111111112,0.5882352941176471,6.0,0.5777777777777777,0
falconry/falcon,2023-04-18,0.0,0.6931471805599453,3.2188758248682006,0.34615384615384615,89.8995949074074,0.2,1.0,0.75,0
falconry/falcon,2023-07-17,1.0986122886681098,2.302585092994046,2.3978952727983707,0.19230769230769232,5.417395833333333,1.1249999999999998,5.0,0.4,0
falconry/falcon,2023-10-15,0.6931471805599453,2.302585092994046,2.9444389791664403,0.38461538461538464,1.0080555555555555,0.5,4.0,0.4444444444444444,0
falconry/falcon,2024-01-13,1.6094379124341003,3.258096538021482,3.5553480614894135,0.5,18.0603125,0.75,1.0,0.8529411764705882,0
falconry/falcon,2024-04-12,1.791759469228055,2.0794415416798357,3.4965075614664802,0.5,2.2315162037037037,0.9473684210526316,2.0,0.96875,0
falconry/falcon,2024-07-11,0.6931471805599453,1.791759469228055,2.5649493574615367,0.3076923076923077,11.221851851851852,0.6666666666666666,2.0,0.8333333333333334,0
falconry/falcon,2024-10-09,3.332204510175204,4.418840607796598,4.477336814478207,0.6153846153846154,0.06136574074074074,1.8064516129032258,12.0,0.5517241379310345,0
falconry/falcon,2025-01-07,1.6094379124341003,3.4011973816621555,4.718498871295094,0.9230769230769231,5.04962962962963,0.2564102564102564,8.0,0.5855855855855856,0
falconry/falcon,2025-04-07,2.302585092994046,2.8903717578961645,3.8501476017100584,0.7307692307692307,6.020358796296296,1.1538461538461537,3.0,0.6956521739130435,0
falconry/falcon,2025-07-06,2.4849066497880004,2.995732273553991,3.6109179126442243,0.5769230769230769,3.444189814814815,1.7142857142857142,6.0,0.6944444444444444,0
falconry/falcon,2025-10-04,2.0794415416798357,3.7376696182833684,4.110873864173311,0.7307692307692307,13.939363425925926,0.7272727272727273,7.0,0.8,0
falconry/falcon,2026-01-02,1.0986122886681098,3.1354942159291497,4.1588830833596715,0.8461538461538461,4.104027777777778,0.2608695652173913,8.0,0.7619047619047619,0
gruntjs/grunt,2012-09-20,4.276666119016055,5.030437921392435,5.8805329864007,0.9230769230769231,1.0064236111111111,1.1900826446280992,12.0,0.8263305322128851,0
gruntjs/grunt,2012-12-19,3.6635616461296463,4.948759890378168,5.680172609017068,1.0,1.7061689814814816,0.7852348993288591,12.0,0.8116438356164384,0
gruntjs/grunt,2013-03-19,3.295836866004329,4.060443010546419,5.288267030694535,0.7307692307692307,2.214710648148148,0.7980295566502462,12.0,0.8071065989847716,0
gruntjs/grunt,2013-06-17,0.0,1.0986122886681098,4.0943445622221,0.4230769230769231,64.03707175925926,0.0923076923076923,1.0,0.711864406779661,0
gruntjs/grunt,2013-12-14,2.1972245773362196,3.4657359027997265,3.4657359027997265,0.2692307692307692,3.4896875,1.4594594594594594,11.0,0.5806451612903226,0
gruntjs/grunt,2014-03-14,2.772588722239781,3.295836866004329,4.060443010546419,0.5,1.782511574074074,1.5238095238095237,10.0,0.5614035087719298,0
gruntjs/grunt,2014-06-12,1.0986122886681098,3.1780538303479458,3.912023005428146,0.5,12.310185185185185,0.32727272727272727,8.0,0.5510204081632653,0
gruntjs/grunt,2014-09-10,0.6931471805599453,2.302585092994046,3.4965075614664802,0.34615384615384615,6.777858796296297,0.31578947368421056,3.0,0.5625,0
gruntjs/grunt,2014-12-09,0.0,1.0986122886681098,2.4849066497880004,0.15384615384615385,36.68825231481482,0.35294117647058826,2.0,0.45454545454545453,0
gruntjs/grunt,2015-03-09,2.70805020110221,2.833213344056216,2.9444389791664403,0.2692307692307692,5.193530092592592,3.75,6.0,0.5,0
gruntjs/grunt,2015-06-07,2.1972245773362196,2.3978952727983707,3.295836866004329,0.34615384615384615,1.8499305555555556,1.6875,3.0,0.34615384615384615,0
gruntjs/grunt,2015-12-04,1.0986122886681098,1.9459101490553132,1.9459101490553132,0.07692307692307693,8.930590277777778,1.5,2.0,0.8333333333333334,0
gruntjs/grunt,2016-03-03,2.5649493574615367,3.5263605246161616,3.6888794541139363,0.34615384615384615,1.916423611111111,1.7333333333333334,5.0,0.6410256410256411,0
gruntjs/grunt,2016-06-01,0.0,2.70805020110221,3.871201010907891,0.5,35.708194444444445,0.11320754716981134,3.0,0.6595744680851063,0
gruntjs/grunt,2016-08-30,0.0,1.3862943611198906,2.8903717578961645,0.3076923076923077,41.799791666666664,0.2608695652173913,2.0,0.47058823529411764,0
gruntjs/grunt,2017-02-26,0.0,1.0986122886681098,1.0986122886681098,0.07692307692307693,33.63872685185185,0.75,2.0,0.5,0
gruntjs/grunt,2017-05-27,0.0,1.0986122886681098,1.6094379124341003,0.11538461538461539,35.577395833333334,0.6000000000000001,2.0,0.25,0
gruntjs/grunt,2017-08-25,0.0,2.5649493574615367,2.70805020110221,0.11538461538461539,46.687835648148145,0.3,2.0,0.7857142857142857,0
gruntjs/grunt,2018-02-21,2.0794415416798357,2.1972245773362196,2.1972245773362196,0.07692307692307693,8.942025462962963,3.428571428571429,4.0,0.375,0
gruntjs/grunt,2018-05-22,1.0986122886681098,1.791759469228055,2.6390573296152584,0.23076923076923078,0.7648842592592593,0.9473684210526316,3.0,0.38461538461538464,0
gruntjs/grunt,2018-08-20,0.0,1.791759469228055,2.3978952727983707,0.2692307692307692,61.98355324074074,0.37499999999999994,3.0,0.5,0
gruntjs/grunt,2018-11-18,0.0,0.6931471805599453,1.9459101490553132,0.15384615384615385,84.68711805555556,0.5,1.0,0.5,0
gruntjs/grunt,2019-05-17,1.791759469228055,2.0794415416798357,2.0794415416798357,0.15384615384615385,3.8957407407407407,2.7692307692307687,5.0,0.42857142857142855,0
gruntjs/grunt,2019-08-15,0.0,1.0986122886681098,2.302585092994046,0.23076923076923078,48.03650462962963,0.4,2.0,0.4444444444444444,0
gruntjs/grunt,2019-11-13,0.0,0.6931471805599453,1.3862943611198906,0.11538461538461539,40.92951388888889,0.6666666666666666,1.0,0.3333333333333333,0
gruntjs/grunt,2020-05-11,0.6931471805599453,1.791759469228055,1.791759469228055,0.11538461538461539,5.732743055555556,1.0909090909090908,2.0,0.8,0
gruntjs/grunt,2020-08-09,0.6931471805599453,2.1972245773362196,2.6390573296152584,0.2692307692307692,12.929050925925926,0.6315789473684211,3.0,0.7692307692307693,0
gruntjs/grunt,2020-11-07,0.0,1.6094379124341003,2.5649493574615367,0.2692307692307692,36.82011574074074,0.3333333333333333,1.0,0.8333333333333334,0
gruntjs/grunt,2021-05-06,1.3862943611198906,1.3862943611198906,1.3862943611198906,0.07692307692307693,13.989560185185185,2.6666666666666665,1.0,1.0,0
gruntjs/grunt,2021-08-04,0.0,1.9459101490553132,2.302585092994046,0.07692307692307693,72.035,0.4,1.0,1.0,0
gruntjs/grunt,2021-11-02,0.6931471805599453,0.6931471805599453,2.0794415416798357,0.07692307692307693,18.070185185185185,0.9230769230769229,1.0,0.8571428571428571,0
gruntjs/grunt,2022-05-01,2.5649493574615367,2.5649493574615367,2.5649493574615367,0.07692307692307693,7.782800925925926,4.333333333333333,1.0,1.0,0
gruntjs/grunt,2022-07-30,0.0,1.0986122886681098,2.70805020110221,0.15384615384615385,81.13143518518518,0.3,2.0,0.9285714285714286,1
gruntjs/grunt,2023-04-26,0.0,2.5649493574615367,2.5649493574615367,0.038461538461538464,85.00315972222222,0.3333333333333333,2.0,0.8333333333333334,0
gruntjs/grunt,2023-07-25,0.0,1.0986122886681098,2.70805020110221,0.07692307692307693,58.62733796296296,0.3,1.0,0.8571428571428571,0
gruntjs/grunt,2023-10-23,0.6931471805599453,0.6931471805599453,1.3862943611198906,0.07692307692307693,29.88605324074074,1.3333333333333333,1.0,0.6666666666666666,0
gruntjs/grunt,2024-01-21,0.0,0.6931471805599453,1.0986122886681098,0.07692307692307693,46.573368055555555,0.75,1.0,0.5,1
gruntjs/grunt,2024-10-17,1.0986122886681098,1.3862943611198906,1.3862943611198906,0.07692307692307693,12.24337962962963,2.0,2.0,0.6666666666666666,0
gruntjs/grunt,2025-01-15,0.0,0.6931471805599453,1.6094379124341003,0.11538461538461539,73.60131944444444,0.6000000000000001,1.0,0.5,1
gruntjs/grunt,2025-10-12,0.6931471805599453,0.6931471805599453,0.6931471805599453,0.038461538461538464,27.103796296296295,1.7142857142857142,1.0,1.0,0
gruntjs/grunt,2026-01-10,0.0,0.6931471805599453,1.0986122886681098,0.07692307692307693,65.95320601851851,0.75,1.0,0.5,0
gulpjs/gulp,2014-07-04,3.58351893845611,4.465908118654584,5.62040086571715,0.9615384615384616,1.1499421296296297,0.7686832740213523,30.0,0.28363636363636363,0
gulpjs/gulp,2014-10-02,2.6390573296152584,4.127134385045092,4.997212273764115,1.0,2.3183101851851853,0.5490196078431373,34.0,0.21768707482993196,0
gulpjs/gulp,2014-12-31,2.4849066497880004,3.4657359027997265,4.532599493153256,1.0,2.990497685185185,0.7346938775510203,20.0,0.16304347826086957,0
gulpjs/gulp,2015-03-31,3.091042453358316,3.9318256327243257,4.406719247264253,0.9615384615384616,0.06185185185185185,1.5172413793103448,25.0,0.12345679012345678,0
gulpjs/gulp,2015-06-29,2.3978952727983707,3.912023005428146,4.605170185988092,0.8846153846153846,8.199479166666666,0.6285714285714286,24.0,0.21212121212121213,0
gulpjs/gulp,2015-09-27,2.6390573296152584,3.4657359027997265,4.394449154672439,0.8846153846153846,0.9457060185185185,0.9767441860465116,21.0,0.2125,0
gulpjs/gulp,2015-12-26,2.302585092994046,3.258096538021482,4.04305126783455,0.8076923076923077,0.06357638888888889,0.9677419354838709,17.0,0.08928571428571429,0
gulpjs/gulp,2016-03-25,1.3862943611198906,3.332204510175204,3.970291913552122,0.7692307692307693,7.264907407407407,0.4137931034482759,14.0,0.09615384615384616,0
gulpjs/gulp,2016-06-23,1.3862943611198906,3.1780538303479458,3.9318256327243257,0.6538461538461539,1.4641782407407407,0.42857142857142855,21.0,0.14,0
gulpjs/gulp,2016-09-21,1.0986122886681098,1.791759469228055,3.367295829986474,0.46153846153846156,4.84837962962963,0.5294117647058824,5.0,0.10714285714285714,0
gulpjs/gulp,2016-12-20,1.0986122886681098,2.0794415416798357,2.5649493574615367,0.34615384615384615,5.340381944444444,1.0,7.0,0.16666666666666666,0
gulpjs/gulp,2017-03-20,0.6931471805599453,1.9459101490553132,2.6390573296152584,0.34615384615384615,24.32054398148148,0.6315789473684211,3.0,0.38461538461538464,0
gulpjs/gulp,2017-06-18,1.3862943611198906,1.791759469228055,2.4849066497880004,0.3076923076923077,0.33503472222222225,1.411764705882353,4.0,0.36363636363636365,0
gulpjs/gulp,2017-09-16,0.0,2.0794415416798357,2.5649493574615367,0.3076923076923077,53.49425925925926,0.3333333333333333,6.0,0.16666666666666666,0
gulpjs/gulp,2017-12-15,0.6931471805599453,1.3862943611198906,2.3978952727983707,0.2692307692307692,9.402800925925925,0.7499999999999999,3.0,0.2,0
gulpjs/gulp,2018-03-15,0.6931471805599453,3.2188758248682006,3.332204510175204,0.34615384615384615,28.426666666666666,0.36363636363636365,7.0,0.6296296296296297,0
gulpjs/gulp,2018-06-13,2.1972245773362196,2.6390573296152584,3.6375861597263857,0.4230769230769231,12.382546296296296,1.255813953488372,3.0,0.5135135135135135,0
gulpjs/gulp,2018-09-11,3.1780538303479458,3.367295829986474,3.7376696182833684,0.3076923076923077,20.240879629629628,3.0638297872340425,2.0,0.7317073170731707,0
gulpjs/gulp,2018-12-10,1.791759469228055,3.6375861597263857,4.189654742026425,0.34615384615384615,3.297824074074074,0.5070422535211268,3.0,0.5846153846153846,0
gulpjs/gulp,2019-03-10,0.0,1.0986122886681098,3.6888794541139363,0.3076923076923077,89.52902777777778,0.13333333333333333,1.0,0.5128205128205128,0
gulpjs/gulp,2019-06-08,1.3862943611198906,2.995732273553991,3.091042453358316,0.38461538461538464,4.941458333333333,0.8888888888888888,7.0,0.6666666666666666,0
gulpjs/gulp,2019-09-06,1.0986122886681098,1.6094379124341003,3.1780538303479458,0.46153846153846156,1.5766203703703703,0.6206896551724137,2.0,0.6521739130434783,0
gulpjs/gulp,2019-12-05,0.6931471805599453,1.0986122886681098,1.9459101490553132,0.19230769230769232,12.06179398148148,1.0,2.0,0.5,0
gulpjs/gulp,2020-03-04,0.0,0.6931471805599453,1.3862943611198906,0.11538461538461539,43.478101851851854,0.6666666666666666,1.0,0.3333333333333333,0
gulpjs/gulp,2020-06-02,1.3862943611198906,2.0794415416798357,2.1972245773362196,0.19230769230769232,16.216203703703705,1.7142857142857144,2.0,0.75,0
gulpjs/gulp,2020-08-31,1.3862943611198906,2.0794415416798357,2.70805020110221,0.2692307692307692,7.241793981481481,1.2,7.0,0.5,0
gulpjs/gulp,2020-11-29,0.0,2.4849066497880004,2.9444389791664403,0.19230769230769232,38.44612268518519,0.25,3.0,0.4444444444444444,0
gulpjs/gulp,2021-02-27,0.6931471805599453,1.3862943611198906,2.70805020110221,0.15384615384615385,18.406886574074075,0.6,3.0,0.5714285714285714,0
gulpjs/gulp,2021-05-28,0.6931471805599453,1.0986122886681098,1.791759469228055,0.15384615384615385,24.438020833333333,1.0909090909090908,2.0,0.2,0
gulpjs/gulp,2021-08-26,0.0,0.6931471805599453,1.3862943611198906,0.11538461538461539,64.4930787037037,0.6666666666666666,1.0,0.3333333333333333,1
gulpjs/gulp,2023-02-17,0.0,0.6931471805599453,0.6931471805599453,0.038461538461538464,59.50429398148148,0.8571428571428571,1.0,1.0,1
gulpjs/gulp,2024-05-12,0.0,2.0794415416798357,2.0794415416798357,0.11538461538461539,34.078599537037036,0.46153846153846145,2.0,0.8571428571428571,1
gulpjs/gulp,2025-08-05,0.0,1.791759469228055,1.791759469228055,0.038461538461538464,64.34601851851852,0.5454545454545454,2.0,0.8,1
h5bp/html5-boilerplate,2011-01-24,3.4965075614664802,4.663439094112067,5.771441123130016,1.0,0.20640046296296297,0.607361963190184,22.0,0.578125,0
h5bp/html5-boilerplate,2011-04-24,3.784189633918261,4.962844630259907,5.5134287461649825,1.0,2.962384259259259,1.0434782608695652,35.0,0.3319838056680162,0
h5bp/html5-boilerplate,2011-07-23,3.970291913552122,4.927253685157205,5.634789603169249,1.0,0.027546296296296298,1.1157894736842104,40.0,0.1935483870967742,0
h5bp/html5-boilerplate,2011-10-21,2.70805020110221,4.844187086458591,5.575949103146316,1.0,2.0380208333333334,0.33457249070631967,33.0,0.17870722433460076,0
h5bp/html5-boilerplate,2012-01-19,2.5649493574615367,3.912023005428146,5.170483995038151,0.9615384615384616,1.626226851851852,0.430939226519337,20.0,0.24,0
h5bp/html5-boilerplate,2012-04-18,2.70805020110221,4.276666119016055,4.795790545596741,1.0,4.206122685185186,0.7142857142857143,19.0,0.20833333333333334,0
h5bp/html5-boilerplate,2012-07-17,1.0986122886681098,3.1780538303479458,4.553876891600541,0.8076923076923077,9.829606481481482,0.18000000000000002,11.0,0.2553191489361702,0
h5bp/html5-boilerplate,2012-10-15,2.833213344056216,4.007333185232471,4.356708826689592,0.7692307692307693,1.2004166666666667,1.2289156626506024,15.0,0.5324675324675324,0
h5bp/html5-boilerplate,2013-01-13,2.1972245773362196,2.995732273553991,4.30406509320417,0.8076923076923077,0.0715162037037037,0.6835443037974683,11.0,0.6027397260273972,0
h5bp/html5-boilerplate,2013-04-13,2.1972245773362196,3.091042453358316,3.713572066704308,0.7692307692307693,1.2971643518518519,1.1739130434782608,11.0,0.45,0
h5bp/html5-boilerplate,2013-07-12,1.9459101490553132,2.4849066497880004,3.4965075614664802,0.6153846153846154,9.01662037037037,1.105263157894737,8.0,0.28125,0
h5bp/html5-boilerplate,2013-10-10,2.4849066497880004,3.2188758248682006,3.58351893845611,0.6923076923076923,5.3738773148148145,1.7560975609756098,10.0,0.34285714285714286,0
h5bp/html5-boilerplate,2014-01-08,2.70805020110221,3.295836866004329,3.9318256327243257,0.8076923076923077,8.005277777777778,1.607142857142857,11.0,0.46,0
h5bp/html5-boilerplate,2014-04-08,1.3862943611198906,2.995732273553991,3.828641396489095,0.7307692307692307,6.473298611111111,0.47058823529411764,8.0,0.5333333333333333,0
h5bp/html5-boilerplate,2014-07-07,2.3978952727983707,3.1354942159291497,3.7376696182833684,0.7307692307692307,2.164212962962963,1.4042553191489362,5.0,0.7073170731707317,0
h5bp/html5-boilerplate,2014-10-05,3.1354942159291497,3.9318256327243257,4.290459441148391,0.8846153846153846,0.17326388888888888,1.7692307692307692,20.0,0.5277777777777778,0
h5bp/html5-boilerplate,2015-01-03,1.9459101490553132,3.871201010907891,4.584967478670572,0.9615384615384616,11.509212962962962,0.4077669902912621,11.0,0.4845360824742268,0
h5bp/html5-boilerplate,2015-04-03,2.833213344056216,3.4339872044851463,4.356708826689592,0.7307692307692307,1.9966203703703704,1.2289156626506024,9.0,0.5844155844155844,0
h5bp/html5-boilerplate,2015-07-02,0.6931471805599453,2.70805020110221,3.8066624897703196,0.5,9.88394675925926,0.24000000000000005,6.0,0.6136363636363636,0
h5bp/html5-boilerplate,2015-09-30,1.0986122886681098,1.3862943611198906,2.8903717578961645,0.3076923076923077,20.359641203703703,0.7826086956521738,3.0,0.47058823529411764,0
h5bp/html5-boilerplate,2015-12-29,1.0986122886681098,2.5649493574615367,2.772588722239781,0.38461538461538464,7.536134259259259,0.8571428571428571,5.0,0.3333333333333333,0
h5bp/html5-boilerplate,2016-03-28,2.1972245773362196,3.258096538021482,3.6375861597263857,0.8076923076923077,0.7323032407407407,1.255813953488372,7.0,0.32432432432432434,0
h5bp/html5-boilerplate,2016-06-26,0.6931471805599453,1.3862943611198906,3.367295829986474,0.5,26.048229166666665,0.3529411764705882,3.0,0.2857142857142857,0
h5bp/html5-boilerplate,2016-09-24,1.6094379124341003,2.995732273553991,3.1354942159291497,0.23076923076923078,11.644212962962962,1.0714285714285716,10.0,0.2727272727272727,0
h5bp/html5-boilerplate,2016-12-23,1.791759469228055,2.4849066497880004,3.4339872044851463,0.3076923076923077,13.764120370370371,1.0,8.0,0.3333333333333333,0
h5bp/html5-boilerplate,2017-03-23,1.6094379124341003,1.9459101490553132,2.8903717578961645,0.34615384615384615,4.033483796296296,1.3043478260869565,5.0,0.23529411764705882,0
h5bp/html5-boilerplate,2017-06-21,1.6094379124341003,2.302585092994046,2.772588722239781,0.38461538461538464,10.083240740740742,1.4285714285714286,5.0,0.26666666666666666,0
h5bp/html5-boilerplate,2017-09-19,0.6931471805599453,3.6635616461296463,3.871201010907891,0.5384615384615384,8.17693287037037,0.22641509433962267,7.0,0.3829787234042553,0
h5bp/html5-boilerplate,2017-12-18,1.3862943611198906,2.3978952727983707,3.8918202981106265,0.5384615384615384,19.657037037037036,0.4444444444444444,10.0,0.3958333333333333,0
h5bp/html5-boilerplate,2018-03-18,1.3862943611198906,2.3978952727983707,3.044522437723423,0.4230769230769231,4.034733796296297,0.9230769230769229,3.0,0.45,0
h5bp/html5-boilerplate,2018-06-16,1.0986122886681098,2.833213344056216,3.295836866004329,0.5,17.075011574074075,0.5625,6.0,0.6153846153846154,0
h5bp/html5-boilerplate,2018-09-14,1.9459101490553132,2.302585092994046,3.258096538021482,0.5,14.520810185185185,1.3548387096774193,4.0,0.36,0
h5bp/html5-boilerplate,2018-12-13,0.0,2.833213344056216,3.258096538021482,0.4230769230769231,40.68611111111111,0.1935483870967742,4.0,0.4,0
h5bp/html5-boilerplate,2019-03-13,2.302585092994046,2.995732273553991,3.58351893845611,0.34615384615384615,2.1422569444444446,1.4634146341463414,7.0,0.5142857142857142,0
h5bp/html5-boilerplate,2019-06-11,2.6390573296152584,3.044522437723423,3.6888794541139363,0.4230769230769231,3.557916666666667,1.8666666666666667,3.0,0.6410256410256411,0
h5bp/html5-boilerplate,2019-09-09,2.3978952727983707,2.3978952727983707,3.4339872044851463,0.38461538461538464,0.5820023148148148,1.8333333333333333,4.0,0.6666666666666666,0
h5bp/html5-boilerplate,2019-12-08,1.0986122886681098,3.1354942159291497,3.4965075614664802,0.3076923076923077,18.97539351851852,0.4736842105263158,3.0,0.46875,0
h5bp/html5-boilerplate,2020-03-07,1.3862943611198906,1.6094379124341003,3.295836866004329,0.2692307692307692,16.581863425925928,0.75,2.0,0.5384615384615384,0
h5bp/html5-boilerplate,2020-06-05,3.4011973816621555,3.6888794541139363,3.784189633918261,0.3076923076923077,0.4708333333333333,3.6734693877551017,7.0,0.32558139534883723,0
h5bp/html5-boilerplate,2020-09-03,1.9459101490553132,2.3978952727983707,3.912023005428146,0.46153846153846156,13.275682870370371,0.7636363636363637,4.0,0.2857142857142857,0
h5bp/html5-boilerplate,2020-12-02,1.0986122886681098,2.3978952727983707,3.044522437723423,0.3076923076923077,5.436631944444445,0.6923076923076922,5.0,0.45,0
h5bp/html5-boilerplate,2021-03-02,0.6931471805599453,1.6094379124341003,2.70805020110221,0.2692307692307692,28.60878472222222,0.6,3.0,0.2857142857142857,0
h5bp/html5-boilerplate,2021-05-31,0.0,2.0794415416798357,2.4849066497880004,0.34615384615384615,33.21825231481481,0.35294117647058826,4.0,0.5454545454545454,0
h5bp/html5-boilerplate,2021-08-29,1.6094379124341003,1.9459101490553132,2.6390573296152584,0.38461538461538464,11.131331018518518,1.5789473684210527,3.0,0.6153846153846154,0
h5bp/html5-boilerplate,2021-11-27,2.5649493574615367,3.1354942159291497,3.367295829986474,0.38461538461538464,5.048194444444444,2.2941176470588234,5.0,0.39285714285714285,0
h5bp/html5-boilerplate,2022-02-25,1.3862943611198906,2.9444389791664403,3.713572066704308,0.5384615384615384,4.242835648148148,0.5217391304347826,4.0,0.45,0
h5bp/html5-boilerplate,2022-05-26,0.0,2.3978952727983707,3.367295829986474,0.4230769230769231,38.283125,0.1764705882352941,6.0,0.39285714285714285,0
h5bp/html5-boilerplate,2022-08-24,1.791759469228055,2.8903717578961645,3.332204510175204,0.4230769230769231,19.692511574074075,1.0909090909090908,4.0,0.4074074074074074,0
h5bp/html5-boilerplate,2022-11-22,0.0,1.3862943611198906,3.044522437723423,0.3076923076923077,49.28427083333333,0.23076923076923073,3.0,0.5,0
h5bp/html5-boilerplate,2023-02-20,0.6931471805599453,1.3862943611198906,1.9459101490553132,0.19230769230769232,24.00900462962963,1.0,3.0,0.3333333333333333,0
h5bp/html5-boilerplate,2023-05-21,0.0,2.0794415416798357,2.3978952727983707,0.2692307692307692,52.16217592592593,0.37499999999999994,2.0,0.7,0
h5bp/html5-boilerplate,2023-08-19,0.0,1.3862943611198906,2.3978952727983707,0.23076923076923078,44.67327546296296,0.37499999999999994,2.0,0.6,0
h5bp/html5-boilerplate,2023-11-17,0.0,2.833213344056216,2.995732273553991,0.2692307692307692,32.13950231481481,0.24000000000000005,4.0,0.5263157894736842,0
h5bp/html5-boilerplate,2024-02-15,1.0986122886681098,2.302585092994046,3.258096538021482,0.4230769230769231,23.669502314814814,0.5806451612903225,7.0,0.52,0
h5bp/html5-boilerplate,2024-05-15,1.0986122886681098,1.9459101490553132,2.772588722239781,0.34615384615384615,22.032766203703705,0.8571428571428571,2.0,0.5333333333333333,0
h5bp/html5-boilerplate,2024-08-13,0.0,0.6931471805599453,2.0794415416798357,0.15384615384615385,85.07618055555555,0.46153846153846145,1.0,0.7142857142857143,0
h5bp/html5-boilerplate,2024-11-11,0.0,0.6931471805599453,1.0986122886681098,0.07692307692307693,68.03611111111111,0.75,1.0,1.0,0
h5bp/html5-boilerplate,2025-05-10,0.6931471805599453,1.0986122886681098,1.0986122886681098,0.07692307692307693,24.113356481481482,1.5,2.0,0.5,0
h5bp/html5-boilerplate,2025-08-08,0.0,1.0986122886681098,1.6094379124341003,0.15384615384615385,46.648726851851855,0.6000000000000001,1.0,0.5,0
h5bp/html5-boilerplate,2025-11-06,0.0,1.791759469228055,2.0794415416798357,0.15384615384615385,50.18653935185185,0.46153846153846145,3.0,0.5714285714285714,0
hapijs/hapi,2012-08-05,3.4965075614664802,4.6913478822291435,5.293304824724492,0.8076923076923077,2.6605555555555553,0.9705882352941176,4.0,0.6919191919191919,0
hapijs/hapi,2012-11-03,5.056245805348308,6.021023349349527,6.253828811575473,0.8076923076923077,0.10608796296296297,1.7942857142857143,5.0,0.4720616570327553,0
hapijs/hapi,2013-02-01,5.209486152841421,6.0063531596017325,6.705639094860003,0.9615384615384616,0.03158564814814815,1.3357664233576643,7.0,0.43504901960784315,0
hapijs/hapi,2013-05-02,5.075173815233827,6.317164686747284,6.8658910748834385,1.0,0.41608796296296297,0.995850622406639,12.0,0.5052192066805845,0
hapijs/hapi,2013-07-31,4.02535169073515,5.4638318050256105,6.670766320845874,0.9615384615384616,8.093136574074075,0.42317380352644834,18.0,0.6015228426395939,0
hapijs/hapi,2013-10-29,3.970291913552122,4.61512051684126,5.817111159963204,0.9615384615384616,0.20770833333333333,0.9325513196480938,10.0,0.6119402985074627,0
hapijs/hapi,2014-01-27,4.2626798770413155,5.4638318050256105,5.817111159963204,1.0,1.1264467592592593,1.249266862170088,15.0,0.8626865671641791,0
hapijs/hapi,2014-04-27,4.174387269895637,5.298317366548036,6.075346031088684,1.0,0.29920138888888886,0.8863636363636365,25.0,0.7534562211981567,0
hapijs/hapi,2014-07-26,3.9318256327243257,5.159055299214529,5.921578419643816,1.0,0.3057986111111111,0.8095238095238095,31.0,0.6236559139784946,0
hapijs/hapi,2014-10-24,4.007333185232471,5.0689042022202315,5.805134968916488,1.0,1.2019212962962964,0.9792284866468843,26.0,0.6555891238670695,0
hapijs/hapi,2015-01-22,2.995732273553991,5.638354669333745,6.0844994130751715,0.9615384615384616,0.10856481481481481,0.2702702702702703,21.0,0.7077625570776256,0
hapijs/hapi,2015-04-22,2.1972245773362196,4.276666119016055,5.863631175598097,0.8461538461538461,1.2002199074074074,0.15126050420168066,19.0,0.7150997150997151,0
hapijs/hapi,2015-07-21,2.995732273553991,4.3694478524670215,5.0106352940962555,0.8461538461538461,5.010150462962963,0.7741935483870969,17.0,0.3087248322147651,0
hapijs/hapi,2015-10-19,4.5217885770490405,5.236441962829949,5.583496308781699,0.9230769230769231,1.686273148148148,2.03690036900369,27.0,0.5660377358490566,0
hapijs/hapi,2016-01-17,3.4965075614664802,4.48863636973214,5.62040086571715,1.0,6.284328703703704,0.7046263345195729,18.0,0.6181818181818182,0
hapijs/hapi,2016-04-16,2.4849066497880004,3.7612001156935624,4.875197323201151,0.8076923076923077,2.3375925925925927,0.5294117647058824,14.0,0.5538461538461539,0
hapijs/hapi,2016-07-15,2.70805020110221,3.4965075614664802,4.31748811353631,0.7307692307692307,9.351840277777777,1.125,14.0,0.3918918918918919,0
hapijs/hapi,2016-10-13,2.0794415416798357,4.290459441148391,4.653960350157523,0.7307692307692307,2.4762962962962964,0.4363636363636364,13.0,0.6634615384615384,0
hapijs/hapi,2017-01-11,2.1972245773362196,3.7376696182833684,4.736198448394496,0.8076923076923077,2.6875578703703704,0.45378151260504207,9.0,0.7345132743362832,0
hapijs/hapi,2017-04-11,2.0794415416798357,2.5649493574615367,3.9889840465642745,0.5769230769230769,0.5447106481481482,0.8135593220338982,5.0,0.6037735849056604,0
hapijs/hapi,2017-07-10,1.9459101490553132,3.970291913552122,4.174387269895637,0.5769230769230769,7.222905092592592,0.6,12.0,0.5,0
hapijs/hapi,2017-10-08,4.174387269895637,4.6913478822291435,5.081404364984463,0.8461538461538461,0.6212615740740741,2.3493975903614457,8.0,0.7375,0
hapijs/hapi,2018-01-06,2.9444389791664403,4.890349128221754,5.484796933490655,0.8076923076923077,16.130925925925926,0.4634146341463415,20.0,0.8375,0
hapijs/hapi,2018-04-06,3.2188758248682006,3.7376696182833684,5.159055299214529,0.7692307692307693,0.15487268518518518,0.8379888268156425,12.0,0.7745664739884393,0
hapijs/hapi,2018-07-05,1.3862943611198906,3.091042453358316,4.143134726391533,0.6923076923076923,10.846886574074073,0.3529411764705882,8.0,0.6129032258064516,0
hapijs/hapi,2018-10-03,2.6390573296152584,3.9318256327243257,4.276666119016055,0.5769230769230769,7.687974537037037,1.0909090909090908,6.0,0.7605633802816901,0
hapijs/hapi,2019-01-01,1.0986122886681098,3.713572066704308,4.51085950651685,0.6153846153846154,14.409965277777777,0.1875,6.0,0.8111111111111111,0
hapijs/hapi,2019-04-01,2.302585092994046,4.007333185232471,4.553876891600541,0.5769230769230769,5.029976851851852,0.6000000000000001,5.0,0.8829787234042553,0
hapijs/hapi,2019-06-30,0.0,3.258096538021482,4.382026634673881,0.5384615384615384,30.038541666666667,0.07058823529411765,4.0,0.8987341772151899,0
hapijs/hapi,2019-09-28,3.4011973816621555,3.8066624897703196,4.248495242049359,0.5384615384615384,0.6759490740740741,2.4,3.0,0.8695652173913043,0
hapijs/hapi,2019-12-27,0.0,3.5263605246161616,4.356708826689592,0.5,41.21652777777778,0.07228915662650602,5.0,0.8831168831168831,0
hapijs/hapi,2020-03-26,2.3978952727983707,3.9889840465642745,4.465908118654584,0.6538461538461539,4.7120601851851855,0.717391304347826,5.0,0.872093023255814,0
hapijs/hapi,2020-06-24,0.6931471805599453,2.1972245773362196,4.127134385045092,0.6538461538461539,23.067268518518517,0.17910447761194032,4.0,0.8032786885245902,0
hapijs/hapi,2020-09-22,0.6931471805599453,3.044522437723423,3.367295829986474,0.4230769230769231,11.39318287037037,0.3529411764705882,6.0,0.4642857142857143,0
hapijs/hapi,2020-12-21,1.791759469228055,2.9444389791664403,3.6635616461296463,0.5,18.173680555555556,0.8181818181818182,9.0,0.3157894736842105,0
hapijs/hapi,2021-03-21,2.1972245773362196,2.995732273553991,3.6375861597263857,0.5384615384615384,0.0780787037037037,1.255813953488372,8.0,0.35135135135135137,0
hapijs/hapi,2021-06-19,1.3862943611198906,2.1972245773362196,3.332204510175204,0.46153846153846156,8.83894675925926,0.7272727272727273,4.0,0.5185185185185185,0
hapijs/hapi,2021-09-17,1.3862943611198906,1.9459101490553132,2.70805020110221,0.3076923076923077,2.9555555555555557,1.2,4.0,0.5714285714285714,0
hapijs/hapi,2021-12-16,0.0,2.302585092994046,2.772588722239781,0.38461538461538464,32.13200231481481,0.2857142857142857,4.0,0.3333333333333333,0
hapijs/hapi,2022-03-16,0.6931471805599453,1.791759469228055,2.70805020110221,0.34615384615384615,13.419583333333334,0.6,3.0,0.35714285714285715,0
hapijs/hapi,2022-06-14,1.3862943611198906,2.6390573296152584,2.9444389791664403,0.38461538461538464,0.28652777777777777,1.0,4.0,0.4444444444444444,0
hapijs/hapi,2022-09-12,0.6931471805599453,1.9459101490553132,2.995732273553991,0.38461538461538464,18.754710648148148,0.4800000000000001,2.0,0.6842105263157895,0
hapijs/hapi,2022-12-11,2.70805020110221,2.8903717578961645,3.1780538303479458,0.38461538461538464,9.390983796296297,3.1034482758620685,7.0,0.34782608695652173,0
hapijs/hapi,2023-03-11,2.302585092994046,3.044522437723423,3.6375861597263857,0.5384615384615384,1.6707407407407406,1.3953488372093024,9.0,0.2702702702702703,0
hapijs/hapi,2023-06-09,0.0,1.9459101490553132,3.295836866004329,0.5,45.10232638888889,0.1875,4.0,0.34615384615384615,0
hapijs/hapi,2023-12-06,2.0794415416798357,2.3978952727983707,2.3978952727983707,0.23076923076923078,20.552847222222223,2.9999999999999996,5.0,0.5,0
hapijs/hapi,2024-03-05,0.0,1.6094379124341003,2.70805020110221,0.2692307692307692,35.11178240740741,0.3,3.0,0.42857142857142855,0
hapijs/hapi,2024-06-03,0.0,2.70805020110221,2.9444389791664403,0.23076923076923078,54.41885416666667,0.25,3.0,0.5555555555555556,0
hapijs/hapi,2024-09-01,1.0986122886681098,2.1972245773362196,3.1354942159291497,0.3076923076923077,4.529085648148148,0.6428571428571429,6.0,0.5,0
hapijs/hapi,2024-11-30,0.0,2.0794415416798357,2.772588722239781,0.23076923076923078,36.101226851851855,0.2857142857142857,2.0,0.5333333333333333,0
hapijs/hapi,2025-02-28,0.6931471805599453,0.6931471805599453,2.1972245773362196,0.11538461538461539,22.386886574074072,0.8571428571428572,1.0,0.75,0
hapijs/hapi,2025-05-29,0.0,1.9459101490553132,2.0794415416798357,0.07692307692307693,84.40371527777778,0.46153846153846145,2.0,0.5714285714285714,0
hapijs/hapi,2025-08-27,1.9459101490553132,1.9459101490553132,2.5649493574615367,0.15384615384615385,13.084537037037038,2.3333333333333335,3.0,0.5,0
hapijs/hapi,2025-11-25,1.0986122886681098,1.0986122886681098,2.1972245773362196,0.11538461538461539,18.622233796296296,1.2857142857142858,1.0,0.75,0
hapijs/hapi,2026-02-23,1.6094379124341003,1.6094379124341003,1.9459101490553132,0.07692307692307693,3.3824537037037037,2.5,3.0,0.6666666666666666,0
hubotio/hubot,2012-08-26,2.70805020110221,3.6109179126442243,4.406719247264253,0.8461538461538461,2.115810185185185,1.0344827586206897,13.0,0.5432098765432098,0
hubotio/hubot,2012-11-24,0.0,2.995732273553991,4.02535169073515,0.7307692307692307,30.57224537037037,0.09836065573770493,4.0,0.3090909090909091,0
hubotio/hubot,2013-02-22,2.302585092994046,4.406719247264253,4.61512051684126,0.6923076923076923,0.4981597222222222,0.5660377358490566,16.0,0.5,0
hubotio/hubot,2013-05-23,3.58351893845611,4.852030263919617,5.342334251964811,0.9230769230769231,0.7476388888888889,1.0093457943925235,32.0,0.44711538461538464,0
hubotio/hubot,2013-08-21,3.4965075614664802,4.6913478822291435,5.4638318050256105,0.9230769230769231,4.5637384259259255,0.8215767634854773,22.0,0.28936170212765955,0
hubotio/hubot,2013-11-19,1.3862943611198906,2.772588722239781,4.820281565605037,0.7692307692307693,20.44278935185185,0.18604651162790697,11.0,0.3333333333333333,0
hubotio/hubot,2014-02-17,1.6094379124341003,3.7376696182833684,4.04305126783455,0.8076923076923077,6.657569444444444,0.48387096774193544,15.0,0.39285714285714285,0
hubotio/hubot,2014-05-18,2.4849066497880004,3.258096538021482,4.204692619390966,0.8846153846153846,1.120324074074074,1.0,13.0,0.45454545454545453,0
hubotio/hubot,2014-08-16,2.302585092994046,3.1354942159291497,3.871201010907891,0.7692307692307693,4.27119212962963,1.1320754716981134,7.0,0.3829787234042553,0
hubotio/hubot,2014-11-14,4.110873864173311,4.5217885770490405,4.736198448394496,0.8076923076923077,1.0349652777777778,3.0756302521008405,19.0,0.504424778761062,0
hubotio/hubot,2015-02-12,2.70805020110221,3.912023005428146,4.948759890378168,0.8076923076923077,0.4759375,0.6164383561643836,12.0,0.45714285714285713,0
hubotio/hubot,2015-05-13,2.0794415416798357,4.663439094112067,5.043425116919247,0.7307692307692307,3.7591666666666668,0.3,17.0,0.4090909090909091,0
hubotio/hubot,2015-08-11,2.5649493574615367,4.553876891600541,5.298317366548036,0.8846153846153846,4.56099537037037,0.3804878048780488,23.0,0.2562814070351759,0
hubotio/hubot,2015-11-09,2.1972245773362196,3.8066624897703196,4.9344739331306915,0.8461538461538461,6.302627314814814,0.375,14.0,0.16666666666666666,0
hubotio/hubot,2016-02-07,2.833213344056216,3.58351893845611,4.382026634673881,0.7692307692307693,1.7770833333333333,1.2,16.0,0.31645569620253167,0
hubotio/hubot,2016-05-07,1.6094379124341003,2.6390573296152584,3.8918202981106265,0.6923076923076923,0.39328703703703705,0.5555555555555556,9.0,0.25,0
hubotio/hubot,2016-08-05,1.3862943611198906,1.9459101490553132,2.995732273553991,0.4230769230769231,8.649942129629629,0.9600000000000002,4.0,0.21052631578947367,0
hubotio/hubot,2016-11-03,1.0986122886681098,1.3862943611198906,2.302585092994046,0.2692307692307692,5.773148148148148,1.2,2.0,0.3333333333333333,0
hubotio/hubot,2017-02-01,1.6094379124341003,1.791759469228055,2.1972245773362196,0.19230769230769232,4.4065625,2.1428571428571432,4.0,0.25,0
hubotio/hubot,2017-05-02,1.9459101490553132,1.9459101490553132,2.4849066497880004,0.15384615384615385,1.364837962962963,2.4705882352941178,2.0,0.36363636363636365,0
hubotio/hubot,2017-07-31,1.0986122886681098,4.248495242049359,4.330733340286331,0.38461538461538464,11.971944444444444,0.2222222222222222,11.0,0.4,0
hubotio/hubot,2017-10-29,1.0986122886681098,1.791759469228055,4.31748811353631,0.5384615384615384,15.409976851851852,0.22499999999999998,5.0,0.40540540540540543,0
hubotio/hubot,2018-01-27,0.0,1.0986122886681098,2.0794415416798357,0.2692307692307692,47.12579861111111,0.46153846153846145,2.0,0.14285714285714285,0
hubotio/hubot,2018-04-27,0.0,0.6931471805599453,1.3862943611198906,0.11538461538461539,69.97497685185185,0.6666666666666666,1.0,0.3333333333333333,0
hubotio/hubot,2018-07-26,0.0,0.6931471805599453,1.0986122886681098,0.07692307692307693,83.81785879629629,0.75,1.0,0.5,0
hubotio/hubot,2018-10-24,1.6094379124341003,2.6390573296152584,2.70805020110221,0.3076923076923077,4.750416666666666,1.5,6.0,0.42857142857142855,0
hubotio/hubot,2019-01-22,1.0986122886681098,2.1972245773362196,3.091042453358316,0.5,11.42068287037037,0.6666666666666666,3.0,0.38095238095238093,0
hubotio/hubot,2019-04-22,0.6931471805599453,1.3862943611198906,2.4849066497880004,0.34615384615384615,20.35903935185185,0.7058823529411765,2.0,0.6363636363636364,0
hubotio/hubot,2019-10-19,0.0,1.3862943611198906,1.3862943611198906,0.07692307692307693,59.265590277777775,0.6666666666666666,3.0,0.3333333333333333,1
hubotio/hubot,2021-01-11,0.0,0.6931471805599453,0.6931471805599453,0.038461538461538464,39.362604166666664,0.8571428571428571,1.0,1.0,1
hubotio/hubot,2022-04-06,0.6931471805599453,0.6931471805599453,0.6931471805599453,0.038461538461538464,21.78068287037037,1.7142857142857142,1.0,1.0,1
hubotio/hubot,2023-06-30,3.1780538303479458,4.356708826689592,4.356708826689592,0.38461538461538464,16.187037037037037,1.7349397590361446,6.0,0.8441558441558441,0
hubotio/hubot,2023-09-28,1.791759469228055,2.6390573296152584,4.51085950651685,0.5769230769230769,3.236203703703704,0.375,1.0,0.8666666666666667,0
hubotio/hubot,2023-12-27,1.0986122886681098,3.4011973816621555,3.7612001156935624,0.5384615384615384,12.449085648148149,0.375,3.0,0.9047619047619048,0
hubotio/hubot,2024-03-26,1.0986122886681098,2.0794415416798357,3.6109179126442243,0.5,21.689351851851853,0.42857142857142855,2.0,0.8611111111111112,0
hubotio/hubot,2024-06-24,0.6931471805599453,2.4849066497880004,2.9444389791664403,0.4230769230769231,24.65016203703704,0.5,1.0,0.9444444444444444,0
hubotio/hubot,2024-09-22,1.0986122886681098,1.9459101490553132,2.8903717578961645,0.34615384615384615,21.562349537037036,0.7826086956521738,2.0,0.9411764705882353,0
hubotio/hubot,2024-12-21,0.6931471805599453,1.791759469228055,2.4849066497880004,0.23076923076923078,29.85550925925926,0.7058823529411765,3.0,0.6363636363636364,0
hubotio/hubot,2025-03-21,2.0794415416798357,2.1972245773362196,2.6390573296152584,0.23076923076923078,0.38773148148148145,2.5263157894736845,3.0,0.6153846153846154,0
hubotio/hubot,2025-06-19,1.791759469228055,2.3978952727983707,2.9444389791664403,0.3076923076923077,3.2262962962962964,1.5,2.0,0.8333333333333334,0
hubotio/hubot,2025-09-17,1.791759469228055,1.791759469228055,2.772588722239781,0.3076923076923077,17.6190625,1.7142857142857142,1.0,0.9333333333333333,0
hubotio/hubot,2025-12-16,0.6931471805599453,1.9459101490553132,2.4849066497880004,0.19230769230769232,22.572372685185186,0.7058823529411765,2.0,0.9090909090909091,0
hubotio/hubot,2026-03-16,0.6931471805599453,2.4849066497880004,2.8903717578961645,0.38461538461538464,19.659224537037037,0.5217391304347826,1.0,0.9411764705882353,0
immutable-js/immutable-js,2015-05-29,2.1972245773362196,3.9318256327243257,4.844187086458591,0.8846153846153846,8.999976851851851,0.4090909090909091,15.0,0.746031746031746,0
immutable-js/immutable-js,2015-08-27,1.6094379124341003,3.295836866004329,4.343805421853684,0.8461538461538461,5.1650578703703705,0.36585365853658536,16.0,0.42105263157894735,0
immutable-js/immutable-js,2015-11-25,0.0,3.367295829986474,4.007333185232471,0.6153846153846154,33.585601851851855,0.1,10.0,0.25925925925925924,0
immutable-js/immutable-js,2016-02-23,2.0794415416798357,3.6888794541139363,4.219507705176107,0.46153846153846156,0.012199074074074074,0.6575342465753425,13.0,0.47761194029850745,0
immutable-js/immutable-js,2016-05-23,2.1972245773362196,4.189654742026425,4.653960350157523,0.6153846153846154,4.469618055555555,0.49090909090909096,16.0,0.5865384615384616,0
immutable-js/immutable-js,2016-08-21,1.3862943611198906,2.772588722239781,4.394449154672439,0.5384615384615384,3.5598032407407407,0.27906976744186046,11.0,0.4875,0
immutable-js/immutable-js,2016-11-19,0.0,1.3862943611198906,2.9444389791664403,0.3076923076923077,36.210914351851855,0.25,3.0,0.16666666666666666,0
immutable-js/immutable-js,2017-02-17,2.995732273553991,3.713572066704308,3.784189633918261,0.38461538461538464,2.485474537037037,2.4489795918367343,18.0,0.18604651162790697,0
immutable-js/immutable-js,2017-05-18,1.0986122886681098,4.812184355372417,5.093750200806762,0.5,3.900335648148148,0.10714285714285714,15.0,0.6851851851851852,0
immutable-js/immutable-js,2017-08-16,0.6931471805599453,2.1972245773362196,4.875197323201151,0.38461538461538464,3.637673611111111,0.08823529411764705,7.0,0.7923076923076923,0
immutable-js/immutable-js,2017-11-14,4.110873864173311,5.472270673671475,5.5053315359323625,0.34615384615384615,24.960069444444443,1.4581673306772907,26.0,0.4204081632653061,0
immutable-js/immutable-js,2018-02-12,0.0,1.6094379124341003,5.488937726156687,0.23076923076923078,82.05577546296297,0.024291497975708502,1.0,0.42738589211618255,0
immutable-js/immutable-js,2018-08-11,0.0,4.143134726391533,4.143134726391533,0.038461538461538464,84.70885416666667,0.08823529411764705,19.0,0.41935483870967744,0
immutable-js/immutable-js,2018-11-09,3.4657359027997265,4.30406509320417,4.912654885736052,0.15384615384615385,9.14755787037037,1.3617021276595744,16.0,0.42962962962962964,0
immutable-js/immutable-js,2019-02-07,0.0,1.6094379124341003,4.356708826689592,0.11538461538461539,32.24787037037037,0.07228915662650602,4.0,0.42857142857142855,0
immutable-js/immutable-js,2019-05-08,0.0,1.791759469228055,2.302585092994046,0.07692307692307693,82.13800925925926,0.4,4.0,0.3333333333333333,0
immutable-js/immutable-js,2019-08-06,0.6931471805599453,0.6931471805599453,1.9459101490553132,0.07692307692307693,22.46170138888889,1.0,1.0,0.3333333333333333,0
immutable-js/immutable-js,2020-02-02,0.6931471805599453,0.6931471805599453,0.6931471805599453,0.038461538461538464,16.06978009259259,1.7142857142857142,1.0,1.0,0
immutable-js/immutable-js,2020-07-31,0.0,1.0986122886681098,1.0986122886681098,0.038461538461538464,88.5778125,0.75,1.0,1.0,0
immutable-js/immutable-js,2020-10-29,0.0,2.8903717578961645,2.995732273553991,0.19230769230769232,32.12834490740741,0.24000000000000005,4.0,0.47368421052631576,0
immutable-js/immutable-js,2021-01-27,1.0986122886681098,3.1354942159291497,3.6888794541139363,0.5,4.356354166666667,0.4,6.0,0.38461538461538464,0
immutable-js/immutable-js,2021-04-27,0.0,1.0986122886681098,3.2188758248682006,0.38461538461538464,59.418252314814815,0.2,1.0,0.4166666666666667,0
immutable-js/immutable-js,2021-07-26,3.6635616461296463,4.143134726391533,4.174387269895637,0.3076923076923077,2.406111111111111,3.342857142857143,6.0,0.5625,0
immutable-js/immutable-js,2021-10-24,1.6094379124341003,2.5649493574615367,4.31748811353631,0.46153846153846156,0.583599537037037,0.375,5.0,0.5135135135135135,0
immutable-js/immutable-js,2022-01-22,0.0,2.0794415416798357,2.995732273553991,0.38461538461538464,39.508969907407405,0.24000000000000005,3.0,0.42105263157894735,0
immutable-js/immutable-js,2022-04-22,0.0,0.6931471805599453,2.1972245773362196,0.19230769230769232,32.69587962962963,0.4285714285714286,1.0,0.5,0
immutable-js/immutable-js,2022-07-21,0.6931471805599453,1.9459101490553132,2.0794415416798357,0.19230769230769232,26.61045138888889,0.9230769230769229,4.0,0.42857142857142855,0
immutable-js/immutable-js,2023-01-17,2.3978952727983707,2.6390573296152584,2.6390573296152584,0.19230769230769232,7.489212962962963,3.473684210526316,4.0,0.7692307692307693,0
immutable-js/immutable-js,2023-04-17,0.0,2.6390573296152584,3.295836866004329,0.34615384615384615,37.47091435185185,0.1875,3.0,0.8076923076923077,0
immutable-js/immutable-js,2023-07-16,1.6094379124341003,1.6094379124341003,2.8903717578961645,0.19230769230769232,4.239074074074074,1.3043478260869565,2.0,0.8235294117647058,0
immutable-js/immutable-js,2023-10-14,1.0986122886681098,3.5263605246161616,3.6375861597263857,0.23076923076923078,18.31540509259259,0.41860465116279066,5.0,0.8648648648648649,0
immutable-js/immutable-js,2024-01-12,0.0,0.6931471805599453,3.5553480614894135,0.23076923076923078,43.80456018518519,0.15,1.0,0.8529411764705882,0
immutable-js/immutable-js,2024-04-11,0.0,3.6109179126442243,3.6375861597263857,0.23076923076923078,41.62763888888889,0.13953488372093023,3.0,0.4594594594594595,0
immutable-js/immutable-js,2024-07-10,1.3862943611198906,2.302585092994046,3.828641396489095,0.3076923076923077,18.852581018518517,0.47058823529411764,4.0,0.4444444444444444,0
immutable-js/immutable-js,2024-10-08,1.791759469228055,3.1354942159291497,3.4657359027997265,0.4230769230769231,13.172743055555555,0.9729729729729729,4.0,0.41935483870967744,0
immutable-js/immutable-js,2025-01-06,1.3862943611198906,2.9444389791664403,3.713572066704308,0.5,1.356400462962963,0.5217391304347826,4.0,0.575,0
immutable-js/immutable-js,2025-04-06,3.7376696182833684,4.406719247264253,4.605170185988092,0.5769230769230769,3.3516319444444442,2.4,5.0,0.7070707070707071,0
immutable-js/immutable-js,2025-07-05,3.713572066704308,4.330733340286331,5.056245805348308,0.7692307692307693,2.3989699074074076,1.5185185185185186,7.0,0.7692307692307693,0
immutable-js/immutable-js,2025-10-03,1.6094379124341003,2.6390573296152584,4.48863636973214,0.6923076923076923,0.7669212962962964,0.3191489361702128,5.0,0.75,0
immutable-js/immutable-js,2026-01-01,1.3862943611198906,3.1354942159291497,3.58351893845611,0.38461538461538464,20.72167824074074,0.5853658536585367,2.0,0.6571428571428571,0
jashkenas/backbone,2011-09-30,2.3978952727983707,4.04305126783455,4.976733742420574,0.8076923076923077,11.09537037037037,0.44,19.0,0.6180555555555556,0
jashkenas/backbone,2011-12-29,3.1780538303479458,4.430816798843313,4.941642422609304,0.8461538461538461,2.9868402777777776,0.993103448275862,23.0,0.48201438848920863,0
jashkenas/backbone,2012-03-28,3.6635616461296463,5.4116460518550396,5.726847747587197,0.8846153846153846,2.2205902777777777,0.75,36.0,0.5065359477124183,0
jashkenas/backbone,2012-06-26,4.0943445622221,5.0106352940962555,5.921578419643816,1.0,0.9119444444444444,0.9523809523809523,34.0,0.41935483870967744,0
jashkenas/backbone,2012-09-24,3.9889840465642745,4.465908118654584,5.4638318050256105,1.0,0.04915509259259259,1.3443983402489628,23.0,0.39574468085106385,0
jashkenas/backbone,2012-12-23,5.288267030694535,5.631211781821365,5.8998973535824915,1.0,0.15057870370370371,3.210810810810811,27.0,0.36538461538461536,0
jashkenas/backbone,2013-03-23,4.532599493153256,5.493061443340548,6.255750041753367,1.0,0.09280092592592593,1.0608365019011405,41.0,0.32884615384615384,0
jashkenas/backbone,2013-06-21,2.6390573296152584,3.8501476017100584,5.666426688112432,0.9230769230769231,8.184583333333334,0.2857142857142857,16.0,0.1701388888888889,0
jashkenas/backbone,2013-09-19,3.2188758248682006,4.07753744390572,4.653960350157523,0.9615384615384616,0.04920138888888889,1.3636363636363638,17.0,0.25961538461538464,0
jashkenas/backbone,2013-12-18,2.995732273553991,4.356708826689592,4.912654885736052,1.0,0.1121412037037037,0.851063829787234,22.0,0.31851851851851853,0
jashkenas/backbone,2014-03-18,4.836281906951478,4.969813299576001,5.3981627015177525,0.9230769230769231,3.9285300925925926,3.345132743362832,21.0,0.2863636363636364,0
jashkenas/backbone,2014-06-16,2.1972245773362196,3.6375861597263857,5.198497031265826,0.8076923076923077,5.710416666666666,0.2903225806451613,15.0,0.3388888888888889,0
jashkenas/backbone,2014-09-14,2.4849066497880004,3.367295829986474,4.189654742026425,0.8076923076923077,3.1094328703703704,1.0140845070422535,14.0,0.26153846153846155,0
jashkenas/backbone,2014-12-13,2.70805020110221,4.663439094112067,4.897839799950911,0.8076923076923077,1.9515162037037037,0.6474820143884892,21.0,0.2631578947368421,0
jashkenas/backbone,2015-03-13,3.4011973816621555,4.382026634673881,5.220355825078324,0.9230769230769231,10.289976851851852,0.9473684210526315,17.0,0.2717391304347826,0
jashkenas/backbone,2015-06-11,4.605170185988092,4.787491742782046,5.293304824724492,0.8461538461538461,0.19164351851851852,2.9411764705882355,20.0,0.4444444444444444,0
jashkenas/backbone,2015-09-09,2.6390573296152584,3.6635616461296463,5.062595033026967,0.8846153846153846,3.9834722222222223,0.5153374233128835,14.0,0.37579617834394907,0
jashkenas/backbone,2015-12-08,2.4849066497880004,3.6109179126442243,4.31748811353631,0.8846153846153846,1.140949074074074,0.8999999999999999,19.0,0.20270270270270271,0
jashkenas/backbone,2016-03-07,2.6390573296152584,4.127134385045092,4.584967478670572,0.8461538461538461,0.09199074074074073,0.8155339805825242,18.0,0.24742268041237114,0
jashkenas/backbone,2016-06-05,1.0986122886681098,2.833213344056216,4.356708826689592,0.7692307692307693,8.754097222222223,0.21686746987951808,11.0,0.2727272727272727,0
jashkenas/backbone,2016-09-03,0.0,1.791759469228055,3.091042453358316,0.46153846153846156,44.88369212962963,0.2222222222222222,4.0,0.3333333333333333,0
jashkenas/backbone,2016-12-02,1.0986122886681098,1.9459101490553132,2.4849066497880004,0.3076923076923077,0.9486805555555555,1.0588235294117647,5.0,0.18181818181818182,0
jashkenas/backbone,2017-03-02,0.6931471805599453,1.791759469228055,2.4849066497880004,0.3076923076923077,16.920185185185186,0.7058823529411765,4.0,0.18181818181818182,0
jashkenas/backbone,2017-05-31,1.6094379124341003,2.6390573296152584,2.9444389791664403,0.3076923076923077,14.952465277777778,1.25,5.0,0.2777777777777778,0
jashkenas/backbone,2017-08-29,0.6931471805599453,1.0986122886681098,2.772588722239781,0.2692307692307692,28.098819444444445,0.5714285714285714,1.0,0.3333333333333333,0
jashkenas/backbone,2017-11-27,0.0,0.6931471805599453,1.3862943611198906,0.11538461538461539,58.11410879629629,0.6666666666666666,1.0,0.6666666666666666,0
jashkenas/backbone,2018-02-25,0.0,1.3862943611198906,1.6094379124341003,0.11538461538461539,74.2025925925926,0.6000000000000001,3.0,0.25,0
jashkenas/backbone,2018-05-26,1.0986122886681098,1.3862943611198906,1.9459101490553132,0.15384615384615385,19.088159722222223,1.5,2.0,0.5,1
jashkenas/backbone,2019-02-20,1.3862943611198906,1.3862943611198906,1.3862943611198906,0.038461538461538464,1.050138888888889,2.6666666666666665,1.0,1.0,1
jashkenas/backbone,2020-05-15,0.0,1.3862943611198906,1.3862943611198906,0.11538461538461539,43.707997685185184,0.6666666666666666,3.0,0.3333333333333333,1
jashkenas/backbone,2022-02-04,3.6888794541139363,3.6888794541139363,3.6888794541139363,0.11538461538461539,12.084097222222223,5.333333333333333,3.0,0.5128205128205128,0
jashkenas/backbone,2022-05-05,0.6931471805599453,2.9444389791664403,4.060443010546419,0.2692307692307692,9.638460648148149,0.19047619047619047,2.0,0.6140350877192983,0
jashkenas/backbone,2022-11-01,0.0,0.6931471805599453,0.6931471805599453,0.038461538461538464,70.47037037037038,0.8571428571428571,1.0,1.0,0
jashkenas/backbone,2023-01-30,0.0,1.0986122886681098,1.3862943611198906,0.11538461538461539,36.75158564814815,0.6666666666666666,2.0,0.6666666666666666,0
jashkenas/backbone,2023-07-29,3.4657359027997265,3.4657359027997265,3.4657359027997265,0.07692307692307693,1.0173958333333333,5.189189189189189,1.0,1.0,0
jashkenas/backbone,2023-10-27,0.0,2.8903717578961645,3.8918202981106265,0.19230769230769232,38.19701388888889,0.1111111111111111,2.0,0.9375,0
jashkenas/backbone,2024-01-25,1.791759469228055,1.791759469228055,3.1354942159291497,0.19230769230769232,1.8446296296296296,1.2857142857142858,2.0,0.8181818181818182,0
jashkenas/backbone,2024-04-24,0.0,1.6094379124341003,2.302585092994046,0.15384615384615385,49.04820601851852,0.4,3.0,0.6666666666666666,0
jashkenas/backbone,2024-10-21,0.0,1.3862943611198906,1.3862943611198906,0.038461538461538464,49.31553240740741,0.6666666666666666,1.0,1.0,0
jashkenas/backbone,2025-04-19,2.0794415416798357,2.0794415416798357,2.0794415416798357,0.07692307692307693,18.351666666666667,3.6923076923076916,1.0,1.0,1
jashkenas/coffeescript,2010-12-13,4.859812404361672,6.26530121273771,6.664409020350408,1.0,0.4392824074074074,0.9809885931558935,16.0,0.6257982120051085,0
jashkenas/coffeescript,2011-03-13,2.833213344056216,5.293304824724492,6.584791392385716,0.9615384615384616,1.4313541666666667,0.13991769547325103,16.0,0.5408022130013831,0
jashkenas/coffeescript,2011-06-11,3.6635616461296463,4.897839799950911,5.805134968916488,1.0,2.936851851851852,0.6943620178041543,15.0,0.56797583081571,0
jashkenas/coffeescript,2011-09-09,3.9512437185814275,4.962844630259907,5.62040086571715,1.0,0.07106481481481482,1.1103202846975089,20.0,0.3090909090909091,0
jashkenas/coffeescript,2011-12-08,3.7376696182833684,4.727387818712341,5.541263545158426,1.0,1.2454282407407407,0.9692307692307692,16.0,0.2559055118110236,0
jashkenas/coffeescript,2012-03-07,2.70805020110221,5.056245805348308,5.594711379601839,1.0,2.0881481481481483,0.3284671532846716,15.0,0.291044776119403,0
jashkenas/coffeescript,2012-06-05,3.5263605246161616,4.290459441148391,5.43372200355424,0.8461538461538461,15.179351851851852,0.8717948717948718,9.0,0.32456140350877194,0
jashkenas/coffeescript,2012-09-03,1.6094379124341003,2.772588722239781,4.477336814478207,0.6538461538461539,5.175300925925926,0.3225806451612903,7.0,0.5057471264367817,0
jashkenas/coffeescript,2012-12-02,2.772588722239781,3.6375861597263857,3.970291913552122,0.6153846153846154,3.183310185185185,1.6551724137931036,9.0,0.28846153846153844,0
jashkenas/coffeescript,2013-03-02,4.31748811353631,4.736198448394496,5.017279836814924,0.7692307692307693,0.8505787037037037,2.8846153846153846,15.0,0.4066666666666667,0
jashkenas/coffeescript,2013-05-31,2.833213344056216,5.117993812416755,5.634789603169249,0.8461538461538461,0.015891203703703703,0.35789473684210527,25.0,0.33691756272401435,0
jashkenas/coffeescript,2013-08-29,2.8903717578961645,3.8066624897703196,5.351858133476067,0.7692307692307693,6.341342592592593,0.5,17.0,0.2714285714285714,0
jashkenas/coffeescript,2013-11-27,3.6888794541139363,4.290459441148391,4.762173934797756,0.7692307692307693,0.059537037037037034,1.9672131147540985,12.0,0.23275862068965517,0
jashkenas/coffeescript,2014-02-25,3.7612001156935624,4.454347296253507,5.062595033026967,0.9230769230769231,2.701238425925926,1.5828220858895705,18.0,0.24203821656050956,0
jashkenas/coffeescript,2014-05-26,2.0794415416798357,2.995732273553991,4.653960350157523,0.6923076923076923,2.6561226851851854,0.4363636363636364,16.0,0.21153846153846154,0
jashkenas/coffeescript,2014-08-24,1.6094379124341003,3.1354942159291497,3.7376696182833684,0.6923076923076923,1.331539351851852,0.6382978723404256,12.0,0.0975609756097561,0
jashkenas/coffeescript,2014-11-22,1.9459101490553132,3.091042453358316,3.784189633918261,0.5769230769230769,0.9947106481481481,0.857142857142857,9.0,0.18604651162790697,0
jashkenas/coffeescript,2015-02-20,3.713572066704308,4.1588830833596715,4.442651256490317,0.6538461538461539,0.0031134259259259257,2.7333333333333334,16.0,0.34523809523809523,0
jashkenas/coffeescript,2015-05-21,2.8903717578961645,3.6888794541139363,4.634728988229636,0.6923076923076923,0.8480902777777778,1.0,15.0,0.4019607843137255,0
jashkenas/coffeescript,2015-08-19,1.791759469228055,2.6390573296152584,3.970291913552122,0.5,3.064513888888889,0.6206896551724138,5.0,0.23076923076923078,0
jashkenas/coffeescript,2015-11-17,1.0986122886681098,3.1780538303479458,3.6109179126442243,0.5,15.62616898148148,0.42857142857142855,5.0,0.4722222222222222,0
jashkenas/coffeescript,2016-02-15,1.6094379124341003,2.302585092994046,3.4965075614664802,0.5,12.69792824074074,0.7894736842105263,5.0,0.65625,0
jashkenas/coffeescript,2016-05-15,0.0,2.1972245773362196,2.8903717578961645,0.3076923076923077,31.238136574074073,0.2608695652173913,5.0,0.47058823529411764,0
jashkenas/coffeescript,2016-08-13,1.6094379124341003,1.9459101490553132,2.70805020110221,0.3076923076923077,2.360405092592593,1.5,3.0,0.42857142857142855,0
jashkenas/coffeescript,2016-11-11,3.258096538021482,3.9318256327243257,4.04305126783455,0.5384615384615384,3.6022569444444446,2.5161290322580645,11.0,0.2857142857142857,0
jashkenas/coffeescript,2017-02-09,3.367295829986474,5.135798437050262,5.393627546352362,0.8076923076923077,0.026145833333333333,0.7733333333333333,18.0,0.593607305936073,0
jashkenas/coffeescript,2017-05-10,3.295836866004329,4.418840607796598,5.529429087511423,0.8076923076923077,1.6472800925925926,0.6303501945525292,11.0,0.6414342629482072,0
jashkenas/coffeescript,2017-08-08,2.4849066497880004,3.828641396489095,4.852030263919617,0.8461538461538461,4.8671875,0.5413533834586466,11.0,0.36220472440944884,0
jashkenas/coffeescript,2017-11-06,1.9459101490553132,4.290459441148391,4.770684624465665,0.8846153846153846,10.859386574074074,0.34146341463414637,14.0,0.36752136752136755,0
jashkenas/coffeescript,2018-02-04,3.2188758248682006,3.9318256327243257,4.812184355372417,0.8461538461538461,0.023703703703703703,1.171875,4.0,0.4426229508196721,0
jashkenas/coffeescript,2018-05-05,2.4849066497880004,3.4965075614664802,4.418840607796598,0.8076923076923077,1.9695949074074075,0.8181818181818182,7.0,0.4146341463414634,0
jashkenas/coffeescript,2018-08-03,0.6931471805599453,2.70805020110221,3.8501476017100584,0.6538461538461539,22.687627314814815,0.23076923076923073,4.0,0.391304347826087,0
jashkenas/coffeescript,2018-11-01,2.1972245773362196,3.7612001156935624,4.04305126783455,0.6153846153846154,1.972974537037037,0.8709677419354839,3.0,0.5,0
jashkenas/coffeescript,2019-01-30,1.3862943611198906,2.0794415416798357,3.912023005428146,0.6153846153846154,8.107233796296295,0.4363636363636364,2.0,0.5510204081632653,0
jashkenas/coffeescript,2019-04-30,2.70805020110221,3.7612001156935624,3.912023005428146,0.5384615384615384,1.0587962962962962,1.6363636363636365,7.0,0.7551020408163265,0
jashkenas/coffeescript,2019-07-29,1.9459101490553132,2.302585092994046,3.9512437185814275,0.5769230769230769,0.008553240740740741,0.7368421052631579,3.0,0.7450980392156863,0
jashkenas/coffeescript,2019-10-27,0.6931471805599453,1.791759469228055,2.70805020110221,0.23076923076923078,9.169444444444444,0.6,2.0,0.7857142857142857,0
jashkenas/coffeescript,2020-01-25,2.6390573296152584,3.58351893845611,3.713572066704308,0.38461538461538464,9.175740740740741,1.826086956521739,6.0,0.725,0
jashkenas/coffeescript,2020-04-24,0.0,1.9459101490553132,3.7376696182833684,0.34615384615384615,45.19324074074074,0.12765957446808512,2.0,0.7073170731707317,0
jashkenas/coffeescript,2020-07-23,0.0,1.3862943611198906,2.302585092994046,0.19230769230769232,50.754583333333336,0.4,2.0,0.4444444444444444,1
jashkenas/coffeescript,2021-10-16,1.791759469228055,2.302585092994046,2.302585092994046,0.11538461538461539,11.76679398148148,2.4,2.0,0.5555555555555556,0
jashkenas/coffeescript,2022-01-14,0.0,1.0986122886681098,2.4849066497880004,0.15384615384615385,46.126724537037035,0.35294117647058826,2.0,0.45454545454545453,0
jashkenas/coffeescript,2022-04-14,1.6094379124341003,2.1972245773362196,2.3978952727983707,0.15384615384615385,8.94085648148148,1.8749999999999998,4.0,0.3,0
jashkenas/coffeescript,2022-07-13,0.0,2.1972245773362196,2.833213344056216,0.19230769230769232,78.64313657407408,0.27272727272727276,4.0,0.3125,0
jashkenas/coffeescript,2022-10-11,0.0,0.6931471805599453,2.302585092994046,0.11538461538461539,70.23871527777777,0.4,1.0,0.4444444444444444,0
jashkenas/coffeescript,2023-01-09,0.0,1.0986122886681098,1.3862943611198906,0.11538461538461539,76.23862268518519,0.6666666666666666,1.0,0.6666666666666666,0
jashkenas/coffeescript,2023-07-08,0.0,0.6931471805599453,0.6931471805599453,0.038461538461538464,58.20538194444445,0.8571428571428571,1.0,1.0,0
jashkenas/coffeescript,2023-10-06,1.0986122886681098,1.3862943611198906,1.6094379124341003,0.15384615384615385,17.255416666666665,1.8000000000000003,3.0,0.25,1
jashkenas/underscore,2010-10-25,3.332204510175204,3.6635616461296463,3.8918202981106265,0.5769230769230769,6.743680555555556,3.111111111111111,4.0,0.5416666666666666,0
jashkenas/underscore,2011-01-23,2.0794415416798357,4.219507705176107,4.663439094112067,0.6923076923076923,4.867997685185185,0.43243243243243246,9.0,0.44761904761904764,0
jashkenas/underscore,2011-04-23,2.772588722239781,3.6888794541139363,4.672828834461906,0.6923076923076923,5.22693287037037,0.8571428571428571,9.0,0.4811320754716981,0
jashkenas/underscore,2011-07-22,3.367295829986474,3.871201010907891,4.465908118654584,0.7307692307692307,2.3296875,1.891304347826087,13.0,0.5232558139534884,0
jashkenas/underscore,2011-10-20,3.4011973816621555,3.784189633918261,4.51085950651685,0.6153846153846154,0.6133333333333333,1.875,11.0,0.4777777777777778,0
jashkenas/underscore,2012-01-18,3.044522437723423,4.31748811353631,4.770684624465665,0.7692307692307693,5.268310185185185,1.024390243902439,20.0,0.5555555555555556,0
jashkenas/underscore,2012-04-17,3.7612001156935624,4.31748811353631,5.003946305945459,0.9230769230769231,7.1616435185185185,1.6753246753246753,18.0,0.46621621621621623,0
jashkenas/underscore,2012-07-16,1.9459101490553132,4.04305126783455,4.875197323201151,0.8846153846153846,4.283206018518518,0.30882352941176466,20.0,0.38461538461538464,0
jashkenas/underscore,2012-10-14,3.912023005428146,4.653960350157523,5.081404364984463,0.9230769230769231,4.146307870370371,1.8072289156626504,10.0,0.64375,0
jashkenas/underscore,2013-01-12,2.4849066497880004,4.007333185232471,5.0689042022202315,0.8846153846153846,9.18275462962963,0.43902439024390244,17.0,0.6075949367088608,0
jashkenas/underscore,2013-04-12,2.995732273553991,3.9318256327243257,4.653960350157523,0.8461538461538461,1.9104050925925926,1.090909090909091,25.0,0.3076923076923077,0
jashkenas/underscore,2013-07-11,3.2188758248682006,3.8501476017100584,4.574710978503383,0.8846153846153846,2.515601851851852,1.4705882352941178,12.0,0.4166666666666667,0
jashkenas/underscore,2013-10-09,1.3862943611198906,3.871201010907891,4.543294782270004,0.8461538461538461,15.053506944444445,0.24242424242424243,19.0,0.40860215053763443,0
jashkenas/underscore,2014-01-07,2.0794415416798357,3.4965075614664802,4.382026634673881,0.6923076923076923,4.596203703703703,0.5647058823529412,16.0,0.17721518987341772,0
jashkenas/underscore,2014-04-07,3.367295829986474,4.8283137373023015,5.056245805348308,0.8076923076923077,0.04461805555555556,1.0740740740740742,25.0,0.1987179487179487,0
jashkenas/underscore,2014-07-06,4.04305126783455,4.74493212836325,5.476463551931511,0.9230769230769231,5.128009259259259,1.4016393442622952,22.0,0.18487394957983194,0
jashkenas/underscore,2014-10-04,2.833213344056216,4.672828834461906,5.3981627015177525,0.9615384615384616,1.1159953703703704,0.4513274336283186,21.0,0.2,0
jashkenas/underscore,2015-01-02,3.1780538303479458,4.007333185232471,5.081404364984463,0.8846153846153846,0.9696875,0.8674698795180723,23.0,0.20625,0
jashkenas/underscore,2015-04-02,2.833213344056216,4.584967478670572,5.0238805208462765,0.8846153846153846,0.06983796296296296,0.6496815286624203,22.0,0.18543046357615894,0
jashkenas/underscore,2015-07-01,2.302585092994046,3.9318256327243257,4.997212273764115,0.8846153846153846,0.11734953703703704,0.39215686274509803,20.0,0.25170068027210885,0
jashkenas/underscore,2015-09-29,2.0794415416798357,3.4657359027997265,4.406719247264253,0.8461538461538461,0.1426273148148148,0.5517241379310345,16.0,0.2345679012345679,0
jashkenas/underscore,2015-12-28,3.295836866004329,4.04305126783455,4.477336814478207,0.8461538461538461,10.077916666666667,1.7419354838709677,13.0,0.3563218390804598,0
jashkenas/underscore,2016-03-27,3.1354942159291497,3.871201010907891,4.6443908991413725,0.8076923076923077,2.219398148148148,1.2660550458715596,17.0,0.49514563106796117,0
jashkenas/underscore,2016-06-25,1.3862943611198906,3.295836866004329,4.30406509320417,0.6153846153846154,0.014143518518518519,0.3037974683544304,7.0,0.5205479452054794,0
jashkenas/underscore,2016-09-23,1.3862943611198906,2.302585092994046,3.58351893845611,0.4230769230769231,23.536828703703705,0.5853658536585367,6.0,0.5142857142857142,0
jashkenas/underscore,2016-12-22,0.6931471805599453,3.871201010907891,4.04305126783455,0.38461538461538464,28.19908564814815,0.1935483870967742,7.0,0.5178571428571429,0
jashkenas/underscore,2017-03-22,1.3862943611198906,2.5649493574615367,4.0943445622221,0.5769230769230769,15.708333333333334,0.3692307692307692,8.0,0.559322033898305,0
jashkenas/underscore,2017-06-20,1.0986122886681098,1.3862943611198906,2.772588722239781,0.3076923076923077,25.503969907407406,0.8571428571428571,3.0,0.26666666666666666,0
jashkenas/underscore,2017-09-18,0.0,2.4849066497880004,2.70805020110221,0.11538461538461539,30.858541666666667,0.3,1.0,0.7857142857142857,0
jashkenas/underscore,2017-12-17,1.3862943611198906,1.791759469228055,2.833213344056216,0.15384615384615385,19.838148148148147,1.090909090909091,3.0,0.6875,0
jashkenas/underscore,2018-03-17,1.3862943611198906,1.6094379124341003,2.302585092994046,0.23076923076923078,3.0910069444444446,1.6,3.0,0.3333333333333333,0
jashkenas/underscore,2018-06-15,2.0794415416798357,3.258096538021482,3.4011973816621555,0.38461538461538464,0.07230324074074074,1.3714285714285714,8.0,0.5862068965517241,0
jashkenas/underscore,2018-09-13,0.6931471805599453,0.6931471805599453,3.295836866004329,0.3076923076923077,8.180011574074074,0.375,1.0,0.6153846153846154,1
jashkenas/underscore,2019-06-10,0.0,0.6931471805599453,0.6931471805599453,0.038461538461538464,77.19186342592593,0.8571428571428571,1.0,1.0,0
jashkenas/underscore,2019-12-07,0.6931471805599453,0.6931471805599453,0.6931471805599453,0.038461538461538464,2.967986111111111,1.7142857142857142,1.0,1.0,0
jashkenas/underscore,2020-03-06,2.302585092994046,2.5649493574615367,2.6390573296152584,0.15384615384615385,6.160972222222222,3.1578947368421053,4.0,0.6153846153846154,0
jashkenas/underscore,2020-06-04,2.9444389791664403,4.174387269895637,4.343805421853684,0.46153846153846156,19.77337962962963,1.3902439024390245,2.0,0.881578947368421,0
jashkenas/underscore,2020-09-02,1.791759469228055,4.204692619390966,4.875197323201151,0.6538461538461539,4.26207175925926,0.2647058823529412,7.0,0.8846153846153846,0
jashkenas/underscore,2020-12-01,1.6094379124341003,3.784189633918261,4.700480365792417,0.5769230769230769,7.745393518518519,0.2608695652173913,2.0,0.8990825688073395,0
jashkenas/underscore,2021-03-01,0.6931471805599453,4.406719247264253,4.8283137373023015,0.5,0.9208449074074074,0.0923076923076923,3.0,0.9516129032258065,0
jashkenas/underscore,2021-05-30,1.0986122886681098,4.07753744390572,4.941642422609304,0.5769230769230769,14.574421296296297,0.12413793103448276,3.0,0.935251798561151,0
jashkenas/underscore,2021-08-28,0.6931471805599453,1.791759469228055,4.1588830833596715,0.34615384615384615,19.65130787037037,0.17391304347826086,2.0,0.8571428571428571,0
jashkenas/underscore,2021-11-26,0.0,0.6931471805599453,1.9459101490553132,0.15384615384615385,89.44756944444444,0.5,1.0,0.8333333333333334,0
jashkenas/underscore,2022-02-24,0.0,2.833213344056216,2.8903717578961645,0.11538461538461539,63.05806712962963,0.2608695652173913,2.0,0.8823529411764706,0
jashkenas/underscore,2022-05-25,1.6094379124341003,2.8903717578961645,3.5263605246161616,0.3076923076923077,2.3362962962962963,0.7692307692307693,4.0,0.8181818181818182,0
jashkenas/underscore,2022-08-23,0.0,1.3862943611198906,3.044522437723423,0.23076923076923078,82.24800925925926,0.23076923076923073,1.0,0.75,0
jashkenas/underscore,2022-11-21,0.6931471805599453,3.044522437723423,3.1780538303479458,0.15384615384615385,8.693969907407407,0.4137931034482758,3.0,0.9130434782608695,0
jashkenas/underscore,2023-02-19,0.0,1.0986122886681098,3.1354942159291497,0.19230769230769232,82.81378472222222,0.2142857142857143,2.0,0.8636363636363636,1
jashkenas/underscore,2023-11-16,0.0,1.0986122886681098,1.0986122886681098,0.07692307692307693,78.18228009259259,0.75,1.0,1.0,0
jashkenas/underscore,2024-05-14,0.0,1.0986122886681098,1.0986122886681098,0.038461538461538464,69.95892361111112,0.75,1.0,1.0,0
jashkenas/underscore,2024-08-12,2.6390573296152584,2.6390573296152584,2.772588722239781,0.07692307692307693,18.91400462962963,4.0,2.0,0.6,0
jashkenas/underscore,2024-11-10,1.0986122886681098,1.0986122886681098,2.772588722239781,0.07692307692307693,25.472048611111113,0.8571428571428571,1.0,0.6,0
jashkenas/underscore,2025-05-09,0.0,0.6931471805599453,0.6931471805599453,0.038461538461538464,78.06465277777778,0.8571428571428571,1.0,1.0,1
jashkenas/underscore,2026-02-03,1.0986122886681098,1.0986122886681098,1.0986122886681098,0.038461538461538464,5.938460648148149,2.25,1.0,1.0,0
jasmine/jasmine,2009-11-27,3.784189633918261,4.736198448394496,5.365976015021851,0.8461538461538461,0.08534722222222223,1.2054794520547945,8.0,0.39436619718309857,0
jasmine/jasmine,2010-02-25,3.258096538021482,4.2626798770413155,5.214935757608986,0.8076923076923077,0.7693055555555556,0.8253968253968254,8.0,0.41530054644808745,0
jasmine/jasmine,2010-05-26,0.6931471805599453,3.6109179126442243,4.672828834461906,0.6153846153846154,8.300046296296296,0.10714285714285714,9.0,0.42452830188679247,0
jasmine/jasmine,2010-08-24,2.70805020110221,4.219507705176107,4.6443908991413725,0.7307692307692307,4.649594907407407,0.8256880733944953,11.0,0.34951456310679613,0
jasmine/jasmine,2010-11-22,1.0986122886681098,3.4011973816621555,4.574710978503383,0.6923076923076923,13.180625,0.17647058823529413,5.0,0.3229166666666667,0
jasmine/jasmine,2011-02-20,0.6931471805599453,0.6931471805599453,3.4339872044851463,0.3076923076923077,26.047048611111112,0.3333333333333333,1.0,0.6,0
jasmine/jasmine,2011-05-21,2.4849066497880004,4.204692619390966,4.219507705176107,0.38461538461538464,4.876388888888889,0.9863013698630138,5.0,0.43283582089552236,0
jasmine/jasmine,2011-08-19,0.6931471805599453,3.713572066704308,4.672828834461906,0.6153846153846154,29.605474537037036,0.10714285714285714,3.0,0.41509433962264153,0
jasmine/jasmine,2011-11-17,1.9459101490553132,2.833213344056216,4.04305126783455,0.46153846153846156,2.8246875,0.6774193548387096,9.0,0.5535714285714286,0
jasmine/jasmine,2012-02-15,0.0,1.0986122886681098,2.9444389791664403,0.23076923076923078,42.29782407407407,0.25,2.0,0.2222222222222222,0
jasmine/jasmine,2012-05-15,1.6094379124341003,3.4339872044851463,3.4965075614664802,0.34615384615384615,1.3299537037037037,0.7894736842105263,8.0,0.40625,0
jasmine/jasmine,2012-08-13,2.5649493574615367,3.1780538303479458,3.9889840465642745,0.6153846153846154,1.942800925925926,1.3220338983050848,9.0,0.2641509433962264,0
jasmine/jasmine,2012-11-11,0.0,1.9459101490553132,3.4011973816621555,0.4230769230769231,58.3293287037037,0.17142857142857143,3.0,0.20689655172413793,0
jasmine/jasmine,2013-02-09,1.0986122886681098,3.7612001156935624,3.8918202981106265,0.2692307692307692,16.045300925925925,0.3333333333333333,8.0,0.5833333333333334,0
jasmine/jasmine,2013-05-10,1.3862943611198906,3.6109179126442243,4.3694478524670215,0.5384615384615384,11.712407407407408,0.2857142857142857,9.0,0.358974358974359,0
jasmine/jasmine,2013-08-08,4.356708826689592,4.836281906951478,5.087596335232384,0.8461538461538461,2.309826388888889,2.8023952095808387,12.0,0.2919254658385093,0
jasmine/jasmine,2013-11-06,3.9889840465642745,4.709530201312334,5.4638318050256105,0.9230769230769231,1.6887037037037036,1.3443983402489628,18.0,0.2553191489361702,0
jasmine/jasmine,2014-02-04,2.70805020110221,3.7612001156935624,5.030437921392435,0.8461538461538461,11.207245370370371,0.569620253164557,12.0,0.3881578947368421,0
jasmine/jasmine,2014-05-05,1.9459101490553132,4.110873864173311,4.634728988229636,0.8461538461538461,10.758425925925925,0.3888888888888889,21.0,0.2647058823529412,0
jasmine/jasmine,2014-08-03,2.70805020110221,3.367295829986474,4.48863636973214,0.7692307692307693,3.0754282407407407,0.9574468085106383,9.0,0.18181818181818182,0
jasmine/jasmine,2014-11-01,2.995732273553991,4.356708826689592,4.663439094112067,0.8846153846153846,0.04321759259259259,1.0810810810810811,13.0,0.4666666666666667,0
jasmine/jasmine,2015-01-30,3.044522437723423,4.143134726391533,4.941642422609304,0.9230769230769231,0.060856481481481484,0.8689655172413793,12.0,0.5971223021582733,0
jasmine/jasmine,2015-04-30,2.1972245773362196,3.713572066704308,4.634728988229636,0.8846153846153846,2.0745949074074073,0.5,16.0,0.5294117647058824,0
jasmine/jasmine,2015-07-29,1.0986122886681098,3.1780538303479458,4.1588830833596715,0.7307692307692307,14.953587962962963,0.2608695652173913,12.0,0.3492063492063492,0
jasmine/jasmine,2015-10-27,2.5649493574615367,3.1354942159291497,3.828641396489095,0.6153846153846154,0.1293287037037037,1.5294117647058822,16.0,0.2222222222222222,0
jasmine/jasmine,2016-01-25,1.9459101490553132,3.1780538303479458,3.828641396489095,0.7307692307692307,5.3201273148148145,0.8235294117647058,12.0,0.24444444444444444,0
jasmine/jasmine,2016-04-24,1.0986122886681098,3.295836866004329,3.912023005428146,0.6153846153846154,13.265381944444444,0.32727272727272727,11.0,0.2857142857142857,0
jasmine/jasmine,2016-07-23,2.3978952727983707,2.772588722239781,3.7376696182833684,0.5,2.1278125,1.4042553191489362,7.0,0.21951219512195122,0
jasmine/jasmine,2016-10-21,2.70805020110221,3.5263605246161616,3.8918202981106265,0.6153846153846154,3.7506828703703703,1.6666666666666667,8.0,0.4791666666666667,0
jasmine/jasmine,2017-01-19,1.0986122886681098,1.9459101490553132,3.6888794541139363,0.5384615384615384,17.15125,0.4,6.0,0.6153846153846154,0
jasmine/jasmine,2017-04-19,2.5649493574615367,3.332204510175204,3.5263605246161616,0.5769230769230769,0.0528587962962963,2.0,8.0,0.5151515151515151,0
jasmine/jasmine,2017-07-18,1.9459101490553132,3.871201010907891,4.31748811353631,0.8076923076923077,0.7289351851851852,0.525,14.0,0.3108108108108108,0
jasmine/jasmine,2017-10-16,1.791759469228055,3.4657359027997265,4.3694478524670215,0.6923076923076923,0.6957060185185185,0.42857142857142855,9.0,0.34615384615384615,0
jasmine/jasmine,2018-01-14,3.091042453358316,4.394449154672439,4.718498871295094,0.7307692307692307,1.8651157407407408,1.1282051282051282,12.0,0.36936936936936937,0
jasmine/jasmine,2018-04-14,1.9459101490553132,4.248495242049359,5.0106352940962555,0.8461538461538461,0.9277546296296296,0.2709677419354839,12.0,0.2751677852348993,0
jasmine/jasmine,2018-07-13,0.6931471805599453,3.1780538303479458,4.532599493153256,0.7692307692307693,24.899560185185184,0.12244897959183672,7.0,0.42391304347826086,0
jasmine/jasmine,2018-10-11,1.791759469228055,2.772588722239781,3.6635616461296463,0.5769230769230769,14.895752314814814,0.8181818181818182,7.0,0.3157894736842105,0
jasmine/jasmine,2019-01-09,1.791759469228055,2.995732273553991,3.5553480614894135,0.5384615384615384,0.14043981481481482,0.8999999999999999,6.0,0.5294117647058824,0
jasmine/jasmine,2019-04-09,2.772588722239781,3.1354942159291497,3.7376696182833684,0.5,5.928796296296296,2.042553191489362,4.0,0.6341463414634146,0
jasmine/jasmine,2019-07-08,3.044522437723423,4.127134385045092,4.430816798843313,0.6923076923076923,0.09560185185185185,1.4157303370786516,12.0,0.4939759036144578,0
jasmine/jasmine,2019-10-06,2.772588722239781,3.713572066704308,4.624972813284271,0.8461538461538461,7.868784722222222,0.8971962616822431,10.0,0.2871287128712871,0
jasmine/jasmine,2020-01-04,1.0986122886681098,2.833213344056216,4.04305126783455,0.7692307692307693,0.003715277777777778,0.29032258064516125,6.0,0.42857142857142855,0
jasmine/jasmine,2020-04-03,2.0794415416798357,3.713572066704308,4.04305126783455,0.6153846153846154,1.145023148148148,0.7741935483870968,11.0,0.35714285714285715,0
jasmine/jasmine,2020-07-02,2.6390573296152584,3.1354942159291497,4.143134726391533,0.6538461538461539,0.2787384259259259,1.2352941176470587,8.0,0.2903225806451613,0
jasmine/jasmine,2020-09-30,2.4849066497880004,3.5263605246161616,4.02535169073515,0.6153846153846154,0.8924537037037037,1.180327868852459,4.0,0.41818181818181815,0
jasmine/jasmine,2020-12-29,0.0,2.1972245773362196,3.7376696182833684,0.6153846153846154,38.03861111111111,0.12765957446808512,4.0,0.5853658536585366,0
jasmine/jasmine,2021-03-29,2.772588722239781,2.8903717578961645,3.258096538021482,0.5,2.9191203703703703,3.096774193548387,5.0,0.68,0
jasmine/jasmine,2021-06-27,2.70805020110221,3.871201010907891,4.174387269895637,0.6923076923076923,1.1650810185185185,1.2857142857142858,5.0,0.84375,0
jasmine/jasmine,2021-09-25,3.2188758248682006,4.204692619390966,4.736198448394496,0.9230769230769231,0.08405092592592593,1.2605042016806725,4.0,0.9292035398230089,0
jasmine/jasmine,2021-12-24,3.091042453358316,4.127134385045092,4.852030263919617,0.9230769230769231,2.893946759259259,0.9924812030075187,4.0,0.937007874015748,0
jasmine/jasmine,2022-03-24,2.833213344056216,3.7376696182833684,4.634728988229636,0.7307692307692307,7.3899537037037035,0.9444444444444444,6.0,0.7549019607843137,0
jasmine/jasmine,2022-06-22,2.995732273553991,3.9318256327243257,4.5217885770490405,0.7307692307692307,7.8295717592592595,1.237113402061856,3.0,0.7582417582417582,0
jasmine/jasmine,2022-09-20,2.833213344056216,3.367295829986474,4.3694478524670215,0.8076923076923077,1.8134837962962962,1.2142857142857142,1.0,0.9743589743589743,0
jasmine/jasmine,2022-12-19,1.9459101490553132,2.995732273553991,3.871201010907891,0.6153846153846154,24.053946759259258,0.7924528301886794,1.0,1.0,0
jasmine/jasmine,2023-03-19,2.3978952727983707,2.70805020110221,3.5263605246161616,0.5769230769230769,1.1703009259259258,1.6923076923076923,1.0,1.0,0
jasmine/jasmine,2023-06-17,1.0986122886681098,2.995732273553991,3.5263605246161616,0.5384615384615384,7.9630324074074075,0.46153846153846156,1.0,1.0,0
jasmine/jasmine,2023-09-15,3.044522437723423,3.5553480614894135,3.9889840465642745,0.6153846153846154,7.743368055555556,2.135593220338983,2.0,0.9622641509433962,0
jasmine/jasmine,2023-12-14,0.0,2.4849066497880004,3.828641396489095,0.46153846153846156,60.9112962962963,0.11764705882352941,2.0,0.9111111111111111,0
jasmine/jasmine,2024-03-13,1.0986122886681098,1.791759469228055,2.833213344056216,0.3076923076923077,8.807997685185185,0.8181818181818182,1.0,0.875,0
jasmine/jasmine,2024-06-11,1.6094379124341003,2.302585092994046,2.70805020110221,0.23076923076923078,17.212905092592592,1.5,1.0,1.0,0
jasmine/jasmine,2024-09-09,2.1972245773362196,3.044522437723423,3.4011973816621555,0.4230769230769231,2.0919560185185184,1.542857142857143,4.0,0.6896551724137931,0
jasmine/jasmine,2024-12-08,2.70805020110221,3.2188758248682006,3.8066624897703196,0.6538461538461539,1.1363541666666668,1.8000000000000003,4.0,0.6136363636363636,0
jasmine/jasmine,2025-03-08,1.791759469228055,2.8903717578961645,3.7376696182833684,0.6153846153846154,19.099467592592593,0.7659574468085106,4.0,0.6341463414634146,0
jasmine/jasmine,2025-06-06,1.791759469228055,3.7376696182833684,4.07753744390572,0.5,1.4067939814814814,0.5625,3.0,0.7931034482758621,0
jasmine/jasmine,2025-09-04,3.8501476017100584,4.189654742026425,4.672828834461906,0.7307692307692307,2.2132175925925925,2.517857142857143,3.0,0.9056603773584906,0
jasmine/jasmine,2025-12-03,3.4011973816621555,5.017279836814924,5.375278407684165,0.9230769230769231,1.8316898148148149,0.8144796380090498,3.0,0.9674418604651163,0
jasmine/jasmine,2026-03-03,2.9444389791664403,3.4657359027997265,5.204006687076795,0.8076923076923077,2.859699074074074,0.6096256684491979,4.0,0.9723756906077348,0
jekyll/jekyll,2009-10-20,0.0,1.6094379124341003,4.248495242049359,0.46153846153846156,56.78866898148148,0.08,1.0,0.5362318840579711,0
jekyll/jekyll,2010-01-18,3.784189633918261,3.9318256327243257,4.007333185232471,0.34615384615384615,1.4715856481481482,4.4,8.0,0.46296296296296297,0
jekyll/jekyll,2010-04-18,1.3862943611198906,3.1354942159291497,4.290459441148391,0.5384615384615384,0.1357986111111111,0.3076923076923077,6.0,0.5138888888888888,0
jekyll/jekyll,2010-07-17,2.9444389791664403,3.332204510175204,3.912023005428146,0.46153846153846156,19.83622685185185,2.0727272727272728,6.0,0.4489795918367347,0
jekyll/jekyll,2010-10-15,0.0,2.995732273553991,3.8501476017100584,0.4230769230769231,32.123530092592596,0.11538461538461536,7.0,0.5434782608695652,0
jekyll/jekyll,2011-01-13,2.302585092994046,3.258096538021482,3.8066624897703196,0.46153846153846156,13.05962962962963,1.2000000000000002,10.0,0.3181818181818182,0
jekyll/jekyll,2011-04-13,1.9459101490553132,3.5263605246161616,4.07753744390572,0.6153846153846154,0.1920138888888889,0.65625,11.0,0.3103448275862069,0
jekyll/jekyll,2011-07-12,2.6390573296152584,3.6635616461296463,4.276666119016055,0.8076923076923077,1.1593171296296296,1.0909090909090908,17.0,0.30985915492957744,0
jekyll/jekyll,2011-10-10,1.3862943611198906,2.0794415416798357,3.828641396489095,0.5769230769230769,12.805810185185186,0.47058823529411764,6.0,0.3333333333333333,0
jekyll/jekyll,2012-01-08,2.4849066497880004,3.6109179126442243,3.784189633918261,0.5,8.571030092592592,1.4693877551020407,14.0,0.32558139534883723,0
jekyll/jekyll,2012-04-07,1.3862943611198906,3.091042453358316,4.060443010546419,0.6153846153846154,2.960914351851852,0.38095238095238093,10.0,0.2631578947368421,0
jekyll/jekyll,2012-07-06,1.3862943611198906,2.6390573296152584,3.5553480614894135,0.5384615384615384,6.415613425925926,0.6,5.0,0.4117647058823529,0
jekyll/jekyll,2012-10-04,0.0,2.0794415416798357,3.044522437723423,0.38461538461538464,41.66275462962963,0.23076923076923073,5.0,0.3,0
jekyll/jekyll,2013-01-02,3.828641396489095,3.9318256327243257,4.060443010546419,0.38461538461538464,0.04884259259259259,4.380952380952381,13.0,0.3508771929824561,0
jekyll/jekyll,2013-04-02,4.736198448394496,5.68697535633982,5.84354441703136,0.8076923076923077,0.22538194444444445,1.9542857142857142,42.0,0.48546511627906974,0
jekyll/jekyll,2013-07-01,4.812184355372417,6.418364935936212,6.810142450115136,0.9615384615384616,0.11667824074074074,0.8092105263157895,60.0,0.5253863134657837,0
jekyll/jekyll,2013-09-29,5.1298987149230735,6.12029741895095,6.9726062513017535,1.0,0.11724537037037037,0.9458955223880597,52.0,0.47373358348968103,0
jekyll/jekyll,2013-12-28,5.123963979403259,5.8664680569332965,6.693323668269949,1.0,1.2388657407407409,1.2413793103448274,48.0,0.40818858560794047,0
jekyll/jekyll,2014-03-28,4.672828834461906,6.075346031088684,6.668228248417403,1.0,0.1203125,0.8106060606060606,56.0,0.43638676844783714,0
jekyll/jekyll,2014-06-26,4.584967478670572,6.257667587882639,6.862757913051401,1.0,0.2157060185185185,0.611862643080125,63.0,0.5664921465968586,0
jekyll/jekyll,2014-09-24,5.0238805208462765,6.1463292576688975,6.895682697747868,1.0,0.8351273148148148,0.918429003021148,53.0,0.5390070921985816,0
jekyll/jekyll,2014-12-23,4.406719247264253,5.645446897643238,6.618738983517219,1.0,0.49408564814814815,0.6525198938992042,46.0,0.5026737967914439,0
jekyll/jekyll,2015-03-23,5.093750200806762,6.082218910376446,6.579251212010101,1.0,0.19546296296296295,1.3489655172413793,64.0,0.545201668984701,0
jekyll/jekyll,2015-06-21,3.6109179126442243,5.123963979403259,6.405228458030842,1.0,1.9269212962962963,0.36393442622950817,35.0,0.47019867549668876,0
jekyll/jekyll,2015-09-19,3.1354942159291497,4.382026634673881,5.5093883366279774,0.9615384615384616,7.252997685185186,0.5476190476190477,29.0,0.3902439024390244,0
jekyll/jekyll,2015-12-18,4.68213122712422,5.501258210544727,5.780743515792329,1.0,1.0506828703703703,1.9696048632218843,49.0,0.3993808049535604,0
jekyll/jekyll,2016-03-17,5.10594547390058,6.255750041753367,6.639875833826536,1.0,0.07898148148148149,1.2857142857142858,65.0,0.40445026178010474,0
jekyll/jekyll,2016-06-15,5.5134287461649825,6.2285110035911835,6.934397209928558,1.0,0.21134259259259258,1.441860465116279,61.0,0.40058479532163743,0
jekyll/jekyll,2016-09-13,4.61512051684126,5.953243334287785,6.792344427470809,1.0,0.7787731481481481,0.6763392857142857,46.0,0.3348314606741573,0
jekyll/jekyll,2016-12-12,4.204692619390966,5.746203190540153,6.546785410760524,1.0,0.48962962962962964,0.5726495726495726,55.0,0.2988505747126437,0
jekyll/jekyll,2017-03-12,4.290459441148391,5.739792912179234,6.434546518787453,1.0,0.5801273148148148,0.697452229299363,47.0,0.3022508038585209,0
jekyll/jekyll,2017-06-10,3.4965075614664802,5.147494476813453,6.1779441140506,0.9615384615384616,0.7501041666666667,0.406570841889117,42.0,0.3388773388773389,0
jekyll/jekyll,2017-09-08,4.23410650459726,5.384495062789089,5.963579343618446,0.9615384615384616,1.385300925925926,1.0507614213197969,39.0,0.4097938144329897,0
jekyll/jekyll,2017-12-07,4.812184355372417,5.666426688112432,6.226536669287466,0.9615384615384616,0.18996527777777777,1.4442270058708413,42.0,0.41386138613861384,0
jekyll/jekyll,2018-03-07,4.465908118654584,5.293304824724492,6.18826412308259,0.9615384615384616,1.1607060185185185,1.0609756097560976,33.0,0.4094650205761317,0
jekyll/jekyll,2018-06-05,3.912023005428146,5.337538079701318,6.0063531596017325,1.0,2.3409375,0.7299270072992701,41.0,0.41728395061728396,0
jekyll/jekyll,2018-09-03,3.828641396489095,4.983606621708336,5.8664680569332965,1.0,0.337662037037037,0.7709497206703911,40.0,0.39204545454545453,0
jekyll/jekyll,2018-12-02,4.189654742026425,5.44673737166631,5.932245187448011,1.0,0.368125,1.036649214659686,42.0,0.3377659574468085,0
jekyll/jekyll,2019-03-02,3.970291913552122,4.983606621708336,5.932245187448011,1.0,3.362488425925926,0.8324607329842932,30.0,0.3404255319148936,0
jekyll/jekyll,2019-05-31,3.9889840465642745,5.0369526024136295,5.700443573390687,1.0,0.02732638888888889,1.0657894736842106,23.0,0.35906040268456374,0
jekyll/jekyll,2019-08-29,4.02535169073515,4.867534450455582,5.645446897643238,1.0,6.336111111111111,1.1666666666666667,23.0,0.3617021276595745,0
jekyll/jekyll,2019-11-27,2.9444389791664403,3.912023005428146,5.187385805840755,0.9230769230769231,0.29966435185185186,0.6195652173913043,24.0,0.34269662921348315,0
jekyll/jekyll,2020-02-25,3.828641396489095,4.532599493153256,4.955827057601261,0.9230769230769231,0.09945601851851851,1.8775510204081634,30.0,0.41843971631205673,0
jekyll/jekyll,2020-05-25,4.465908118654584,5.2574953720277815,5.648974238161206,0.9615384615384616,2.388171296296296,1.8062283737024223,31.0,0.38869257950530034,0
jekyll/jekyll,2020-08-23,3.5263605246161616,4.736198448394496,5.720311776607412,1.0,3.3688078703703703,0.6580645161290323,23.0,0.35526315789473684,0
jekyll/jekyll,2020-11-21,4.07753744390572,5.030437921392435,5.583496308781699,1.0,2.641134259259259,1.3062730627306274,26.0,0.3584905660377358,0
jekyll/jekyll,2021-02-19,2.4849066497880004,4.74493212836325,5.58724865840025,0.8461538461538461,13.862974537037037,0.2647058823529412,22.0,0.3007518796992481,0
jekyll/jekyll,2021-05-20,4.406719247264253,4.762173934797756,5.442417710521793,0.5384615384615384,1.754212962962963,2.084745762711864,35.0,0.2,0
jekyll/jekyll,2021-08-18,3.58351893845611,3.58351893845611,5.0238805208462765,0.23076923076923078,8.566238425925926,1.375796178343949,13.0,0.23178807947019867,0
jekyll/jekyll,2021-11-16,2.772588722239781,4.465908118654584,4.804021044733257,0.5384615384615384,3.4100578703703706,0.7559055118110236,14.0,0.256198347107438,0
jekyll/jekyll,2022-02-14,3.295836866004329,4.532599493153256,5.187385805840755,0.9615384615384616,3.942800925925926,0.8804347826086956,17.0,0.28651685393258425,0
jekyll/jekyll,2022-05-15,2.70805020110221,4.605170185988092,5.2574953720277815,0.9615384615384616,5.837581018518518,0.4568527918781727,18.0,0.2774869109947644,0
jekyll/jekyll,2022-08-13,1.3862943611198906,2.8903717578961645,4.762173934797756,0.6538461538461539,11.487199074074073,0.19672131147540986,8.0,0.25862068965517243,0
jekyll/jekyll,2022-11-11,4.143134726391533,4.543294782270004,4.709530201312334,0.5,3.5356365740740743,3.2586206896551726,12.0,0.3,0
jekyll/jekyll,2023-02-09,3.9512437185814275,4.553876891600541,5.236441962829949,0.6153846153846154,7.500740740740741,1.6165803108808288,15.0,0.3315508021390374,0
jekyll/jekyll,2023-05-10,1.3862943611198906,3.2188758248682006,4.77912349311153,0.5769230769230769,1.5278935185185185,0.1935483870967742,7.0,0.3389830508474576,0
jekyll/jekyll,2023-08-08,1.9459101490553132,2.772588722239781,3.6888794541139363,0.3076923076923077,28.296157407407406,0.9333333333333333,5.0,0.2564102564102564,0
jekyll/jekyll,2023-11-06,3.258096538021482,4.276666119016055,4.465908118654584,0.34615384615384615,2.1561226851851854,1.6956521739130435,23.0,0.32558139534883723,0
jekyll/jekyll,2024-02-04,3.1354942159291497,3.6888794541139363,4.709530201312334,0.46153846153846156,11.300995370370371,1.1896551724137931,11.0,0.3090909090909091,0
jekyll/jekyll,2024-05-04,1.3862943611198906,2.3978952727983707,3.912023005428146,0.3076923076923077,10.296712962962962,0.4363636363636364,6.0,0.2857142857142857,0
jekyll/jekyll,2024-08-02,1.3862943611198906,3.1780538303479458,3.5263605246161616,0.2692307692307692,6.79318287037037,0.6153846153846154,9.0,0.3333333333333333,0
jekyll/jekyll,2024-10-31,2.4849066497880004,4.442651256490317,4.68213122712422,0.46153846153846156,10.433958333333333,0.6371681415929203,16.0,0.29906542056074764,0
jekyll/jekyll,2025-01-29,3.4965075614664802,3.784189633918261,4.852030263919617,0.5,1.391736111111111,1.4887218045112782,8.0,0.33070866141732286,0
jekyll/jekyll,2025-04-29,3.044522437723423,3.295836866004329,4.248495242049359,0.38461538461538464,4.582928240740741,1.68,11.0,0.34782608695652173,0
jekyll/jekyll,2025-07-28,1.0986122886681098,2.3978952727983707,3.6109179126442243,0.23076923076923078,16.58341435185185,0.42857142857142855,6.0,0.2777777777777778,0
jekyll/jekyll,2025-10-26,1.3862943611198906,1.791759469228055,2.772588722239781,0.15384615384615385,11.464386574074075,1.1428571428571428,4.0,0.4,0
jekyll/jekyll,2026-01-24,1.0986122886681098,2.302585092994046,2.70805020110221,0.19230769230769232,18.371979166666666,0.8999999999999999,6.0,0.42857142857142855,0
jquery/jquery,2007-03-22,3.8066624897703196,5.560681631015528,6.066108090103747,1.0,0.0803125,0.6192660550458715,6.0,0.49534883720930234,0
jquery/jquery,2007-06-20,2.772588722239781,4.51085950651685,5.857933154483459,0.9230769230769231,3.2179398148148146,0.27042253521126763,5.0,0.42120343839541546,0
jquery/jquery,2007-09-18,4.653960350157523,5.2832037287379885,5.659482215759621,0.9230769230769231,0.3465509259259259,2.1575342465753424,7.0,0.6888111888111889,0
jquery/jquery,2007-12-17,4.30406509320417,4.700480365792417,5.723585101952381,0.9230769230769231,0.04479166666666667,1.427652733118971,4.0,0.6196721311475409,0
jquery/jquery,2008-03-16,1.3862943611198906,4.2626798770413155,5.19295685089021,0.8076923076923077,0.35625,0.12972972972972974,8.0,0.3743016759776536,0
jquery/jquery,2008-06-14,3.6375861597263857,4.852030263919617,5.288267030694535,0.7692307692307693,0.36820601851851853,1.1231527093596059,9.0,0.40609137055837563,0
jquery/jquery,2008-09-12,1.3862943611198906,3.828641396489095,5.153291594497779,0.7692307692307693,21.433530092592594,0.1348314606741573,4.0,0.6802325581395349,0
jquery/jquery,2008-12-11,2.0794415416798357,3.091042453358316,4.204692619390966,0.6153846153846154,12.096585648148148,0.6666666666666666,5.0,0.7272727272727273,0
jquery/jquery,2009-03-11,4.30406509320417,5.480638923341991,5.564520407322694,0.6923076923076923,4.964849537037037,1.669172932330827,5.0,0.7423076923076923,0
jquery/jquery,2009-06-09,2.8903717578961645,4.30406509320417,5.746203190540153,0.9230769230769231,4.414398148148148,0.33962264150943394,4.0,0.625,0
jquery/jquery,2009-09-07,1.9459101490553132,4.564348191467836,5.1298987149230735,0.6923076923076923,4.928310185185185,0.2413793103448276,4.0,0.4107142857142857,0
jquery/jquery,2009-12-06,4.7535901911063645,5.2574953720277815,5.659482215759621,0.8461538461538461,0.060335648148148145,2.3835616438356166,25.0,0.5944055944055944,0
jquery/jquery,2010-03-06,4.219507705176107,5.7745515455444085,6.240275845170769,1.0,0.5230208333333334,0.7876447876447877,28.0,0.744140625,0
jquery/jquery,2010-06-04,0.6931471805599453,3.828641396489095,5.905361848054571,0.7692307692307693,17.239467592592593,0.03225806451612903,6.0,0.819672131147541,0
jquery/jquery,2010-09-02,3.2188758248682006,3.828641396489095,4.51085950651685,0.6923076923076923,0.4774537037037037,1.5625,11.0,0.6111111111111112,0
jquery/jquery,2010-12-01,3.828641396489095,5.5909869805108565,5.746203190540153,0.8846153846153846,3.2205324074074073,0.8679245283018868,31.0,0.6730769230769231,0
jquery/jquery,2011-03-01,4.762173934797756,5.958424693029782,6.483107351457199,1.0,0.15199074074074073,1.0652503793626709,32.0,0.33996937212863704,0
jquery/jquery,2011-05-30,4.51085950651685,5.863631175598097,6.6039438246004725,1.0,1.4810069444444445,0.7348586810228802,31.0,0.2225237449118046,0
jquery/jquery,2011-08-28,3.9318256327243257,4.68213122712422,6.129050210060545,0.9615384615384616,1.152025462962963,0.6594827586206897,15.0,0.3056768558951965,0
jquery/jquery,2011-11-26,4.634728988229636,5.545177444479562,5.8944028342648505,0.9615384615384616,4.056643518518518,1.6793478260869565,16.0,0.35911602209944754,0
jquery/jquery,2012-02-24,3.044522437723423,4.0943445622221,5.752572638825633,0.9230769230769231,0.28119212962962964,0.39375,15.0,0.37898089171974525,0
jquery/jquery,2012-05-24,4.1588830833596715,4.955827057601261,5.303304908059076,0.9615384615384616,1.0196990740740741,1.8640776699029125,25.0,0.195,0
jquery/jquery,2012-08-22,4.343805421853684,5.736572297479192,6.111467339502679,0.9615384615384616,0.6064351851851851,1.013157894736842,30.0,0.22666666666666666,0
jquery/jquery,2012-11-20,4.23410650459726,5.488937726156687,6.311734809152915,1.0,0.2189699074074074,0.7446043165467625,38.0,0.2509090909090909,0
jquery/jquery,2013-02-18,4.48863636973214,6.0330862217988015,6.489204931325317,1.0,0.543587962962963,0.8054298642533937,25.0,0.243531202435312,0
jquery/jquery,2013-05-19,4.248495242049359,5.484796933490655,6.48768401848461,1.0,2.0313078703703704,0.6344410876132931,26.0,0.22408536585365854,0
jquery/jquery,2013-08-17,3.9889840465642745,4.804021044733257,5.8916442118257715,0.9615384615384616,0.3729050925925926,0.8828337874659401,12.0,0.21329639889196675,0
jquery/jquery,2013-11-15,4.330733340286331,5.726847747587197,6.059123195581797,0.9615384615384616,0.24994212962962964,1.0531177829099307,27.0,0.34660421545667447,0
jquery/jquery,2014-02-13,4.672828834461906,5.365976015021851,6.253828811575473,1.0,0.16123842592592594,1.2228571428571429,19.0,0.36608863198458574,0
jquery/jquery,2014-05-14,3.970291913552122,5.214935757608986,5.983936280687191,1.0,1.4023958333333333,0.7910447761194029,15.0,0.2727272727272727,0
jquery/jquery,2014-08-12,3.091042453358316,4.406719247264253,5.579729825986222,0.9230769230769231,14.449027777777777,0.4888888888888889,12.0,0.25757575757575757,0
jquery/jquery,2014-11-10,3.4339872044851463,3.9889840465642745,4.90527477843843,0.7692307692307693,1.5277199074074075,1.3285714285714287,13.0,0.23880597014925373,0
jquery/jquery,2015-02-08,3.871201010907891,5.231108616854587,5.480638923341991,0.8076923076923077,0.10405092592592592,1.1755102040816325,22.0,0.20920502092050208,0
jquery/jquery,2015-05-09,4.204692619390966,4.919980925828125,5.777652323222656,0.8846153846153846,0.21195601851851853,1.225609756097561,12.0,0.2546583850931677,0
jquery/jquery,2015-08-07,3.828641396489095,4.997212273764115,5.648974238161206,0.9230769230769231,0.030474537037037036,0.9550173010380624,17.0,0.2862190812720848,0
jquery/jquery,2015-11-05,4.30406509320417,4.969813299576001,5.673323267171493,1.0,0.02775462962962963,1.5,19.0,0.3,0
jquery/jquery,2016-02-03,4.51085950651685,5.41610040220442,5.908082938168931,0.9230769230769231,2.7661921296296295,1.4638069705093835,19.0,0.35149863760217986,0
jquery/jquery,2016-05-03,3.912023005428146,4.844187086458591,5.860786223465865,0.9615384615384616,0.2688773148148148,0.8426966292134831,11.0,0.3628571428571429,0
jquery/jquery,2016-08-01,2.70805020110221,4.174387269895637,5.25227342804663,0.9615384615384616,2.321527777777778,0.4591836734693877,9.0,0.3157894736842105,0
jquery/jquery,2016-10-30,1.0986122886681098,3.1780538303479458,4.477336814478207,0.7692307692307693,3.725613425925926,0.1935483870967742,7.0,0.26436781609195403,0
jquery/jquery,2017-01-28,2.4849066497880004,3.1354942159291497,3.828641396489095,0.7692307692307693,10.444641203703704,1.411764705882353,9.0,0.28888888888888886,0
jquery/jquery,2017-04-28,2.1972245773362196,3.6109179126442243,4.07753744390572,0.6538461538461539,2.2919791666666667,0.84375,8.0,0.3793103448275862,0
jquery/jquery,2017-07-27,2.4849066497880004,3.4339872044851463,4.204692619390966,0.7307692307692307,6.3860879629629625,1.0,8.0,0.36363636363636365,0
jquery/jquery,2017-10-25,1.6094379124341003,2.995732273553991,3.912023005428146,0.8076923076923077,6.481770833333333,0.5454545454545455,7.0,0.46938775510204084,0
jquery/jquery,2018-01-23,3.295836866004329,3.6635616461296463,4.060443010546419,0.7307692307692307,2.4207407407407406,2.5714285714285716,9.0,0.42105263157894735,0
jquery/jquery,2018-04-23,1.0986122886681098,2.4849066497880004,3.912023005428146,0.6153846153846154,5.231979166666667,0.32727272727272727,6.0,0.4897959183673469,0
jquery/jquery,2018-07-22,1.0986122886681098,2.8903717578961645,3.367295829986474,0.5384615384615384,8.95693287037037,0.5294117647058824,8.0,0.39285714285714285,0
jquery/jquery,2018-10-20,1.0986122886681098,2.302585092994046,3.295836866004329,0.5384615384615384,11.463796296296296,0.5625,5.0,0.5,0
jquery/jquery,2019-01-18,1.0986122886681098,2.833213344056216,3.258096538021482,0.5,3.3636458333333334,0.5806451612903225,7.0,0.44,0
jquery/jquery,2019-04-18,2.995732273553991,3.4657359027997265,3.871201010907891,0.6538461538461539,0.4004861111111111,2.264150943396227,5.0,0.574468085106383,0
jquery/jquery,2019-07-17,0.6931471805599453,3.4011973816621555,4.110873864173311,0.5769230769230769,20.329131944444445,0.18181818181818182,6.0,0.6333333333333333,0
jquery/jquery,2019-10-15,3.091042453358316,3.6375861597263857,4.204692619390966,0.5,0.4524537037037037,1.8333333333333333,6.0,0.6818181818181818,0
jquery/jquery,2020-01-13,2.3978952727983707,3.6375861597263857,4.31748811353631,0.6538461538461539,5.164722222222222,0.825,4.0,0.8378378378378378,0
jquery/jquery,2020-04-12,2.6390573296152584,3.784189633918261,4.394449154672439,0.6923076923076923,1.4902777777777778,0.9767441860465116,2.0,0.9375,0
jquery/jquery,2020-07-11,0.6931471805599453,3.7612001156935624,4.454347296253507,0.7307692307692307,15.250752314814815,0.13186813186813187,6.0,0.8,0
jquery/jquery,2020-10-09,1.3862943611198906,3.2188758248682006,4.204692619390966,0.6153846153846154,10.458032407407407,0.3333333333333333,7.0,0.6363636363636364,0
jquery/jquery,2021-01-07,1.6094379124341003,2.5649493574615367,3.6109179126442243,0.46153846153846156,29.587523148148147,0.7142857142857143,1.0,0.75,0
jquery/jquery,2021-04-07,0.6931471805599453,3.1354942159291497,3.5553480614894135,0.38461538461538464,13.206041666666666,0.3,2.0,0.6176470588235294,0
jquery/jquery,2021-07-06,0.0,2.4849066497880004,3.5263605246161616,0.46153846153846156,42.46478009259259,0.15384615384615385,2.0,0.5454545454545454,0
jquery/jquery,2021-10-04,2.302585092994046,2.6390573296152584,3.2188758248682006,0.34615384615384615,3.564386574074074,2.0,2.0,0.75,0
jquery/jquery,2022-01-02,1.0986122886681098,2.9444389791664403,3.4657359027997265,0.4230769230769231,19.423784722222223,0.48648648648648646,3.0,0.7419354838709677,0
jquery/jquery,2022-04-02,1.0986122886681098,3.1780538303479458,3.7376696182833684,0.5,18.440578703703704,0.3829787234042553,4.0,0.6829268292682927,0
jquery/jquery,2022-07-01,1.9459101490553132,1.9459101490553132,3.4011973816621555,0.3076923076923077,2.7042361111111113,1.2,3.0,0.5862068965517241,0
jquery/jquery,2022-09-29,1.6094379124341003,2.70805020110221,3.044522437723423,0.23076923076923078,7.490844907407407,1.1538461538461537,6.0,0.4,0
jquery/jquery,2022-12-28,2.995732273553991,3.713572066704308,4.007333185232471,0.6153846153846154,7.248680555555556,2.0,3.0,0.6111111111111112,0
jquery/jquery,2023-03-28,3.091042453358316,3.58351893845611,4.330733340286331,0.7307692307692307,0.27675925925925926,1.6296296296296295,2.0,0.7733333333333333,0
jquery/jquery,2023-06-26,2.6390573296152584,3.332204510175204,4.143134726391533,0.5384615384615384,2.5761689814814814,1.2352941176470587,4.0,0.7903225806451613,0
jquery/jquery,2023-09-24,3.091042453358316,3.6888794541139363,4.204692619390966,0.5384615384615384,2.162523148148148,1.8333333333333333,4.0,0.5606060606060606,0
jquery/jquery,2023-12-23,0.0,2.6390573296152584,3.970291913552122,0.5,32.42559027777778,0.10344827586206898,2.0,0.5769230769230769,0
jquery/jquery,2024-03-22,3.4657359027997265,3.9889840465642745,4.204692619390966,0.6153846153846154,2.157372685185185,2.6666666666666665,4.0,0.6060606060606061,0
jquery/jquery,2024-06-20,2.70805020110221,3.332204510175204,4.394449154672439,0.7692307692307693,4.598298611111111,1.0465116279069766,3.0,0.675,0
jquery/jquery,2024-09-18,2.1972245773362196,3.2188758248682006,3.9512437185814275,0.46153846153846156,7.218217592592593,0.9473684210526315,3.0,0.6274509803921569,0
jquery/jquery,2024-12-17,2.3978952727983707,3.258096538021482,3.912023005428146,0.6153846153846154,0.39741898148148147,1.2000000000000002,3.0,0.4897959183673469,0
jquery/jquery,2025-03-17,2.0794415416798357,2.4849066497880004,3.6109179126442243,0.5,20.192314814814814,1.1428571428571428,2.0,0.75,0
jquery/jquery,2025-06-15,0.0,1.791759469228055,2.833213344056216,0.23076923076923078,33.48740740740741,0.27272727272727276,1.0,0.75,0
jquery/jquery,2025-09-13,1.3862943611198906,3.1354942159291497,3.332204510175204,0.2692307692307692,3.54380787037037,0.7272727272727273,4.0,0.8148148148148148,0
jquery/jquery,2025-12-12,2.5649493574615367,3.367295829986474,3.9318256327243257,0.4230769230769231,9.219212962962963,1.3928571428571428,2.0,0.78,0
jquery/jquery,2026-03-12,3.044522437723423,3.6375861597263857,4.189654742026425,0.6538461538461539,1.5205671296296297,1.7746478873239435,5.0,0.7076923076923077,0
jscs-dev/node-jscs,2014-06-14,4.465908118654584,5.159055299214529,5.799092654460526,1.0,0.12416666666666666,1.5582089552238805,18.0,0.45592705167173253,0
jscs-dev/node-jscs,2014-09-12,4.290459441148391,5.2574953720277815,5.8998973535824915,0.9615384615384616,0.012094907407407407,1.183783783783784,33.0,0.5302197802197802,0
jscs-dev/node-jscs,2014-12-11,3.713572066704308,4.8283137373023015,5.755742213586912,1.0,2.1553819444444446,0.7663551401869159,40.0,0.31746031746031744,0
jscs-dev/node-jscs,2015-03-11,4.30406509320417,5.5093883366279774,5.916202062607435,1.0,0.2892708333333333,1.1808510638297873,45.0,0.3027027027027027,0
jscs-dev/node-jscs,2015-06-09,3.970291913552122,4.976733742420574,5.968707559985366,1.0,1.056574074074074,0.803030303030303,39.0,0.23333333333333334,0
jscs-dev/node-jscs,2015-09-07,4.127134385045092,5.231108616854587,5.802118375377063,1.0,1.9970138888888889,1.1071428571428572,55.0,0.3181818181818182,0
jscs-dev/node-jscs,2015-12-06,4.007333185232471,5.459585514144159,6.042632833682381,1.0,3.2189467592592593,0.7746478873239436,39.0,0.38333333333333336,0
jscs-dev/node-jscs,2016-03-05,4.174387269895637,5.631211781821365,6.240275845170769,1.0,1.1801504629629629,0.752895752895753,33.0,0.5390625,0
jscs-dev/node-jscs,2016-06-03,2.772588722239781,4.762173934797756,5.978885764901122,0.9615384615384616,3.355162037037037,0.24,13.0,0.5964467005076142,0
jscs-dev/node-jscs,2016-09-01,0.0,3.4011973816621555,4.983606621708336,0.6923076923076923,48.080868055555555,0.03973509933774834,2.0,0.5379310344827586,1
jscs-dev/node-jscs,2017-08-27,0.0,0.6931471805599453,0.6931471805599453,0.038461538461538464,73.4028587962963,0.8571428571428571,1.0,1.0,1
jscs-dev/node-jscs,2024-04-22,0.0,0.6931471805599453,0.6931471805599453,0.038461538461538464,30.122962962962962,0.8571428571428571,1.0,1.0,1
jshint/jshint,2011-11-12,4.007333185232471,4.795790545596741,5.303304908059076,0.7692307692307693,2.155335648148148,1.6019417475728155,9.0,0.38,0
jshint/jshint,2012-02-10,3.4339872044851463,4.962844630259907,5.572154032177765,0.7307692307692307,0.008217592592592592,0.6940298507462687,13.0,0.29770992366412213,0
jshint/jshint,2012-05-10,3.2188758248682006,4.418840607796598,5.41610040220442,0.8076923076923077,7.152986111111111,0.6521739130434783,15.0,0.25892857142857145,0
jshint/jshint,2012-08-08,4.07753744390572,4.3694478524670215,5.081404364984463,0.6923076923076923,0.031643518518518515,2.1325301204819276,9.0,0.2875,0
jshint/jshint,2012-11-06,4.143134726391533,4.9344739331306915,5.37989735354046,0.7307692307692307,1.151863425925926,1.7027027027027026,10.0,0.6481481481481481,0
jshint/jshint,2013-02-04,3.2188758248682006,5.198497031265826,5.765191102784844,0.8076923076923077,5.168530092592593,0.46296296296296297,13.0,0.8050314465408805,0
jshint/jshint,2013-05-05,4.812184355372417,6.028278520230698,6.38856140554563,0.9615384615384616,1.2827083333333333,1.23,25.0,0.367003367003367,0
jshint/jshint,2013-08-03,4.04305126783455,5.220355825078324,6.395261598115449,0.8076923076923077,0.7983217592592593,0.5662251655629139,23.0,0.3311036789297659,0
jshint/jshint,2013-11-01,4.007333185232471,4.31748811353631,5.556828061699537,0.8076923076923077,0.950625,1.25,18.0,0.4883720930232558,0
jshint/jshint,2014-01-30,4.30406509320417,5.19295685089021,5.537334267018537,0.7307692307692307,0.04172453703703704,1.7142857142857144,21.0,0.6126482213438735,0
jshint/jshint,2014-04-30,3.9318256327243257,4.941642422609304,5.765191102784844,0.7692307692307693,5.307060185185185,0.9444444444444444,26.0,0.3867924528301887,0
jshint/jshint,2014-07-29,3.2188758248682006,4.8283137373023015,5.575949103146316,0.9230769230769231,2.5000925925925928,0.5576208178438662,21.0,0.22053231939163498,0
jshint/jshint,2014-10-27,4.127134385045092,5.135798437050262,5.683579767338681,0.9230769230769231,1.0392592592592593,1.2441471571906353,25.0,0.21160409556313994,0
jshint/jshint,2015-01-25,4.110873864173311,5.3706380281276624,5.950642552587727,0.9615384615384616,0.18637731481481482,0.9408740359897171,28.0,0.2950391644908616,0
jshint/jshint,2015-04-25,3.5553480614894135,5.176149732573829,5.968707559985366,0.9615384615384616,2.314039351851852,0.5303030303030303,21.0,0.3282051282051282,0
jshint/jshint,2015-07-24,4.709530201312334,5.204006687076795,5.8805329864007,0.9615384615384616,0.4410648148148148,1.834710743801653,13.0,0.24929971988795518,0
jshint/jshint,2015-10-22,2.9444389791664403,4.6913478822291435,5.66988092298052,0.9615384615384616,0.9714699074074075,0.3864406779661017,11.0,0.3737024221453287,0
jshint/jshint,2016-01-20,2.833213344056216,4.143134726391533,5.14166355650266,0.8846153846153846,3.1938194444444443,0.5795454545454546,6.0,0.3058823529411765,0
jshint/jshint,2016-04-19,3.044522437723423,3.8501476017100584,4.6913478822291435,0.6538461538461539,0.01505787037037037,1.105263157894737,7.0,0.5555555555555556,0
jshint/jshint,2016-07-18,1.9459101490553132,2.5649493574615367,4.07753744390572,0.5384615384615384,4.937210648148148,0.65625,3.0,0.6551724137931034,0
jshint/jshint,2016-10-16,1.9459101490553132,3.4339872044851463,3.7612001156935624,0.46153846153846156,24.161354166666666,0.875,5.0,0.6666666666666666,0
jshint/jshint,2017-01-14,2.1972245773362196,4.07753744390572,4.48863636973214,0.5,6.878090277777778,0.574468085106383,4.0,0.8181818181818182,0
jshint/jshint,2017-04-14,2.70805020110221,2.9444389791664403,4.343805421853684,0.46153846153846156,1.342627314814815,1.0975609756097562,2.0,0.8947368421052632,0
jshint/jshint,2017-07-13,2.833213344056216,3.8066624897703196,4.143134726391533,0.46153846153846156,11.251400462962962,1.5,4.0,0.8709677419354839,0
jshint/jshint,2017-10-11,3.2188758248682006,4.6913478822291435,5.030437921392435,0.6153846153846154,1.6907407407407407,0.949367088607595,5.0,0.4342105263157895,0
jshint/jshint,2018-01-09,2.5649493574615367,3.4339872044851463,4.9344739331306915,0.7307692307692307,2.1355439814814816,0.5416666666666666,5.0,0.4782608695652174,0
jshint/jshint,2018-04-09,1.0986122886681098,3.044522437723423,3.9318256327243257,0.5769230769230769,29.221504629629628,0.3214285714285714,2.0,0.8,0
jshint/jshint,2018-07-08,2.3978952727983707,3.2188758248682006,3.8066624897703196,0.5384615384615384,0.051724537037037034,1.3200000000000003,4.0,0.7727272727272727,0
jshint/jshint,2018-10-06,1.0986122886681098,3.295836866004329,3.9318256327243257,0.5769230769230769,0.07339120370370371,0.3214285714285714,2.0,0.8,0
jshint/jshint,2019-01-04,2.5649493574615367,3.2188758248682006,3.9318256327243257,0.5384615384615384,5.115196759259259,1.3928571428571428,4.0,0.8,0
jshint/jshint,2019-04-04,2.3978952727983707,4.07753744390572,4.418840607796598,0.6538461538461539,4.124270833333333,0.75,1.0,0.9024390243902439,0
jshint/jshint,2019-07-03,2.3978952727983707,4.276666119016055,4.867534450455582,0.8076923076923077,4.590532407407407,0.4888888888888889,3.0,0.8682170542635659,0
jshint/jshint,2019-10-01,0.0,2.833213344056216,4.477336814478207,0.5769230769230769,30.805949074074075,0.06451612903225806,1.0,0.8045977011494253,0
jshint/jshint,2019-12-30,2.995732273553991,3.332204510175204,3.784189633918261,0.46153846153846156,14.566099537037037,2.4489795918367343,3.0,0.813953488372093,0
jshint/jshint,2020-03-29,1.9459101490553132,2.70805020110221,3.7376696182833684,0.38461538461538464,2.6008564814814816,0.8936170212765958,3.0,0.7073170731707317,0
jshint/jshint,2020-06-27,2.3978952727983707,3.6109179126442243,3.9318256327243257,0.4230769230769231,6.9852083333333335,1.1785714285714286,4.0,0.8,0
jshint/jshint,2020-09-25,2.6390573296152584,3.2188758248682006,4.110873864173311,0.46153846153846156,4.841712962962963,1.2727272727272727,3.0,0.85,0
jshint/jshint,2020-12-24,0.0,1.9459101490553132,3.4339872044851463,0.3076923076923077,52.85936342592593,0.16666666666666666,2.0,0.8,0
jshint/jshint,2021-03-24,1.0986122886681098,2.3978952727983707,2.833213344056216,0.3076923076923077,23.856099537037036,0.8181818181818182,2.0,0.6875,0
jshint/jshint,2021-06-22,1.0986122886681098,1.0986122886681098,2.5649493574615367,0.23076923076923078,22.998344907407407,1.0,2.0,0.75,0
jshint/jshint,2021-09-20,1.0986122886681098,2.1972245773362196,2.3978952727983707,0.2692307692307692,1.8985185185185185,1.1249999999999998,4.0,0.6,0
jshint/jshint,2021-12-19,0.6931471805599453,1.0986122886681098,2.3978952727983707,0.3076923076923077,7.811400462962963,0.7499999999999999,1.0,0.7,0
jshint/jshint,2022-03-19,0.0,2.6390573296152584,2.772588722239781,0.23076923076923078,54.14825231481481,0.2857142857142857,3.0,0.8666666666666667,0
jshint/jshint,2022-06-17,0.6931471805599453,0.6931471805599453,2.70805020110221,0.19230769230769232,4.968148148148148,0.6,1.0,0.8571428571428571,0
jshint/jshint,2022-09-15,0.0,1.0986122886681098,1.3862943611198906,0.11538461538461539,69.05708333333334,0.6666666666666666,2.0,0.6666666666666666,0
jshint/jshint,2022-12-14,0.0,1.6094379124341003,1.9459101490553132,0.19230769230769232,33.16909722222222,0.5,1.0,0.8333333333333334,0
jshint/jshint,2023-03-14,0.0,0.6931471805599453,1.791759469228055,0.15384615384615385,76.11002314814814,0.5454545454545454,1.0,0.8,1
karma-runner/karma,2012-10-11,4.718498871295094,5.402677381872279,5.545177444479562,0.6923076923076923,0.07322916666666666,2.574712643678161,17.0,0.8784313725490196,0
karma-runner/karma,2013-01-09,3.4657359027997265,5.093750200806762,5.950642552587727,1.0,1.6925462962962963,0.49357326478149094,17.0,0.7075718015665796,0
karma-runner/karma,2013-04-09,4.6913478822291435,5.424950017481403,5.963579343618446,1.0,1.0800810185185186,1.6598984771573604,21.0,0.6262886597938144,0
karma-runner/karma,2013-07-08,3.7376696182833684,4.574710978503383,5.777652323222656,1.0,0.5080208333333334,0.7682926829268293,15.0,0.7391304347826086,0
karma-runner/karma,2013-10-06,1.3862943611198906,4.8283137373023015,5.3981627015177525,0.8461538461538461,3.7913194444444445,0.10619469026548674,17.0,0.8045454545454546,0
karma-runner/karma,2014-01-04,4.060443010546419,5.176149732573829,5.707110264748875,0.8461538461538461,0.14916666666666667,1.1372549019607843,17.0,0.8433333333333334,0
karma-runner/karma,2014-04-04,3.5553480614894135,4.143134726391533,5.476463551931511,0.8846153846153846,2.3778125,0.8606557377049181,21.0,0.7815126050420168,0
karma-runner/karma,2014-07-03,2.6390573296152584,4.189654742026425,4.852030263919617,0.9615384615384616,1.7759027777777778,0.631578947368421,31.0,0.41732283464566927,0
karma-runner/karma,2014-10-01,2.0794415416798357,3.6888794541139363,4.653960350157523,0.8846153846153846,0.5631018518518518,0.4363636363636364,19.0,0.2980769230769231,0
karma-runner/karma,2014-12-30,1.3862943611198906,3.1354942159291497,4.127134385045092,0.8461538461538461,12.939988425925925,0.35820895522388063,17.0,0.26229508196721313,0
karma-runner/karma,2015-03-30,2.302585092994046,3.091042453358316,3.784189633918261,0.8076923076923077,7.557928240740741,1.2244897959183672,15.0,0.16279069767441862,0
karma-runner/karma,2015-06-28,3.784189633918261,4.553876891600541,4.7535901911063645,0.8076923076923077,0.7639930555555555,2.1818181818181817,17.0,0.5304347826086957,0
karma-runner/karma,2015-09-26,2.8903717578961645,4.454347296253507,5.19295685089021,0.8076923076923077,1.478761574074074,0.5837837837837838,23.0,0.6536312849162011,0
karma-runner/karma,2015-12-25,2.772588722239781,4.2626798770413155,5.049856007249537,0.8846153846153846,0.4671296296296296,0.5962732919254659,25.0,0.4838709677419355,0
karma-runner/karma,2016-03-24,3.5263605246161616,4.844187086458591,5.2832037287379885,0.9615384615384616,0.4868402777777778,1.00990099009901,26.0,0.27040816326530615,0
karma-runner/karma,2016-06-22,1.6094379124341003,3.091042453358316,4.997212273764115,0.8461538461538461,11.540891203703703,0.19607843137254902,14.0,0.272108843537415,0
karma-runner/karma,2016-09-20,2.1972245773362196,3.828641396489095,4.204692619390966,0.7692307692307693,6.964375,0.75,22.0,0.36363636363636365,0
karma-runner/karma,2016-12-19,2.3978952727983707,2.772588722239781,4.110873864173311,0.6923076923076923,6.3918634259259255,1.0,10.0,0.31666666666666665,0
karma-runner/karma,2017-03-19,2.70805020110221,3.7376696182833684,4.04305126783455,0.6923076923076923,0.22291666666666668,1.4516129032258063,20.0,0.17857142857142858,0
karma-runner/karma,2017-06-17,1.0986122886681098,3.4965075614664802,4.30406509320417,0.8461538461538461,17.34150462962963,0.2278481012658228,17.0,0.1643835616438356,0
karma-runner/karma,2017-09-15,1.791759469228055,2.6390573296152584,3.828641396489095,0.6538461538461539,8.485023148148148,0.7058823529411765,9.0,0.15555555555555556,0
karma-runner/karma,2017-12-14,3.1780538303479458,3.332204510175204,3.713572066704308,0.5384615384615384,8.912997685185186,3.1304347826086953,11.0,0.225,0
karma-runner/karma,2018-03-14,2.995732273553991,3.2188758248682006,3.9512437185814275,0.46153846153846156,0.883449074074074,2.1052631578947367,10.0,0.21568627450980393,0
karma-runner/karma,2018-06-12,3.4965075614664802,3.9318256327243257,4.31748811353631,0.5769230769230769,0.3418981481481482,2.475,11.0,0.28378378378378377,0
karma-runner/karma,2018-09-10,2.1972245773362196,3.9512437185814275,4.624972813284271,0.7692307692307693,3.5327777777777776,0.5046728971962617,15.0,0.44554455445544555,0
karma-runner/karma,2018-12-09,2.6390573296152584,3.9318256327243257,4.624972813284271,0.8076923076923077,0.6557638888888889,0.7850467289719627,12.0,0.504950495049505,0
karma-runner/karma,2019-03-09,1.9459101490553132,3.1780538303479458,4.30406509320417,0.7307692307692307,8.666377314814815,0.5316455696202532,10.0,0.3835616438356164,0
karma-runner/karma,2019-06-07,1.9459101490553132,2.6390573296152584,3.6109179126442243,0.6153846153846154,2.3526041666666666,1.0,5.0,0.3611111111111111,0
karma-runner/karma,2019-09-05,1.9459101490553132,2.995732273553991,3.4965075614664802,0.5384615384615384,8.677881944444444,1.105263157894737,6.0,0.59375,0
karma-runner/karma,2019-12-04,1.0986122886681098,3.258096538021482,3.8066624897703196,0.5384615384615384,6.410451388888889,0.36000000000000004,8.0,0.5681818181818182,0
karma-runner/karma,2020-03-03,2.1972245773362196,2.3978952727983707,3.58351893845611,0.4230769230769231,5.32306712962963,1.3170731707317074,3.0,0.5714285714285714,0
karma-runner/karma,2020-06-01,3.2188758248682006,4.204692619390966,4.343805421853684,0.5769230769230769,5.462037037037037,1.829268292682927,8.0,0.47368421052631576,0
karma-runner/karma,2020-08-30,2.0794415416798357,2.4849066497880004,4.356708826689592,0.5769230769230769,12.409953703703703,0.5783132530120482,6.0,0.4935064935064935,0
karma-runner/karma,2020-11-28,0.0,2.772588722239781,3.295836866004329,0.3076923076923077,52.63118055555555,0.1875,7.0,0.3076923076923077,0
karma-runner/karma,2021-02-26,2.70805020110221,3.784189633918261,4.07753744390572,0.46153846153846156,13.56332175925926,1.40625,11.0,0.3793103448275862,0
karma-runner/karma,2021-05-27,0.0,2.8903717578961645,4.110873864173311,0.5,44.67087962962963,0.09090909090909091,9.0,0.35,0
karma-runner/karma,2021-08-25,0.0,1.791759469228055,3.1354942159291497,0.34615384615384615,72.1534837962963,0.2142857142857143,3.0,0.3181818181818182,0
karma-runner/karma,2021-11-23,2.5649493574615367,3.044522437723423,3.258096538021482,0.3076923076923077,6.430231481481481,2.5161290322580645,7.0,0.36,0
karma-runner/karma,2022-02-21,2.6390573296152584,3.091042453358316,3.7376696182833684,0.5384615384615384,10.003136574074073,1.7872340425531916,8.0,0.2926829268292683,0
karma-runner/karma,2022-05-22,1.791759469228055,3.044522437723423,3.7376696182833684,0.6153846153846154,1.8842013888888889,0.7659574468085106,7.0,0.2926829268292683,0
karma-runner/karma,2022-08-20,0.0,0.6931471805599453,3.091042453358316,0.3076923076923077,67.3039699074074,0.2222222222222222,1.0,0.3333333333333333,0
karma-runner/karma,2022-11-18,0.0,1.3862943611198906,1.6094379124341003,0.15384615384615385,59.51144675925926,0.6000000000000001,3.0,0.5,0
karma-runner/karma,2023-02-16,0.0,0.6931471805599453,1.6094379124341003,0.15384615384615385,81.51085648148148,0.6000000000000001,1.0,0.25,0
karma-runner/karma,2023-05-17,1.0986122886681098,1.0986122886681098,1.3862943611198906,0.11538461538461539,19.560844907407407,2.0,2.0,0.3333333333333333,0
karma-runner/karma,2023-11-13,0.0,0.6931471805599453,0.6931471805599453,0.038461538461538464,34.0028125,0.8571428571428571,1.0,1.0,0
karma-runner/karma,2024-05-11,0.0,1.0986122886681098,1.0986122886681098,0.038461538461538464,76.395625,0.75,2.0,0.5,0
karma-runner/karma,2024-08-09,0.6931471805599453,0.6931471805599453,1.3862943611198906,0.07692307692307693,10.595358796296296,1.3333333333333333,1.0,0.6666666666666666,1
knockout/knockout,2011-07-05,0.6931471805599453,4.290459441148391,4.897839799950911,0.7307692307692307,22.724537037037038,0.08633093525179855,6.0,0.8571428571428571,0
knockout/knockout,2011-10-03,2.5649493574615367,4.356708826689592,5.0106352940962555,0.6153846153846154,17.293032407407406,0.503225806451613,9.0,0.8791946308724832,0
knockout/knockout,2012-01-01,3.9512437185814275,4.8283137373023015,5.308267697401205,0.7307692307692307,3.2425462962962963,1.5072463768115942,7.0,0.7114427860696517,0
knockout/knockout,2012-03-31,2.9444389791664403,4.770684624465665,5.488937726156687,0.8846153846153846,7.362210648148148,0.46153846153846156,10.0,0.5767634854771784,0
knockout/knockout,2012-06-29,2.772588722239781,4.442651256490317,5.308267697401205,0.9615384615384616,2.9297569444444442,0.463768115942029,6.0,0.5373134328358209,0
knockout/knockout,2012-09-27,3.713572066704308,4.382026634673881,5.099866427824199,0.9615384615384616,1.817800925925926,1.4556213017751478,5.0,0.44785276073619634,0
knockout/knockout,2012-12-26,3.044522437723423,4.564348191467836,5.1647859739235145,0.9230769230769231,6.657118055555555,0.7,10.0,0.40804597701149425,0
knockout/knockout,2013-03-26,3.784189633918261,4.532599493153256,5.236441962829949,0.9230769230769231,3.641388888888889,1.3678756476683935,10.0,0.37967914438502676,0
knockout/knockout,2013-06-24,3.044522437723423,4.219507705176107,5.075173815233827,0.9230769230769231,3.5305324074074074,0.7636363636363637,7.0,0.4716981132075472,0
knockout/knockout,2013-09-22,3.6635616461296463,4.31748811353631,4.955827057601261,0.8076923076923077,3.1695717592592594,1.5918367346938775,8.0,0.6170212765957447,0
knockout/knockout,2013-12-21,3.4965075614664802,4.532599493153256,5.117993812416755,0.8846153846153846,0.2952314814814815,1.1511627906976745,9.0,0.5060240963855421,0
knockout/knockout,2014-03-21,3.044522437723423,4.0943445622221,5.0238805208462765,1.0,0.3617361111111111,0.8025477707006369,4.0,0.4370860927152318,0
knockout/knockout,2014-06-19,2.833213344056216,4.07753744390572,4.770684624465665,0.8461538461538461,0.7588773148148148,0.8292682926829268,6.0,0.4700854700854701,0
knockout/knockout,2014-09-17,2.772588722239781,4.343805421853684,4.90527477843843,0.8461538461538461,6.784513888888889,0.6857142857142857,15.0,0.44029850746268656,0
knockout/knockout,2014-12-16,3.1780538303479458,4.189654742026425,4.955827057601261,0.9230769230769231,10.279722222222222,0.9795918367346939,11.0,0.2765957446808511,0
knockout/knockout,2015-03-16,2.302585092994046,3.332204510175204,4.532599493153256,0.7692307692307693,6.821458333333333,0.6122448979591836,6.0,0.34782608695652173,0
knockout/knockout,2015-06-14,2.8903717578961645,4.060443010546419,4.442651256490317,0.7692307692307693,10.185324074074074,1.2,11.0,0.5952380952380952,0
knockout/knockout,2015-09-12,3.2188758248682006,3.8918202981106265,4.663439094112067,0.7692307692307693,0.919675925925926,1.3513513513513513,6.0,0.5428571428571428,0
knockout/knockout,2015-12-11,3.091042453358316,3.8066624897703196,4.532599493153256,0.7307692307692307,0.304375,1.3469387755102038,7.0,0.5869565217391305,0
knockout/knockout,2016-03-10,0.6931471805599453,2.4849066497880004,4.02535169073515,0.5384615384615384,27.410706018518518,0.19672131147540986,2.0,0.7636363636363637,0
knockout/knockout,2016-09-06,0.0,2.0794415416798357,2.0794415416798357,0.15384615384615385,35.03712962962963,0.46153846153846145,3.0,0.42857142857142855,0
knockout/knockout,2016-12-05,2.833213344056216,2.8903717578961645,3.2188758248682006,0.34615384615384615,0.9894328703703704,3.4,2.0,0.6666666666666666,0
knockout/knockout,2017-03-05,1.3862943611198906,3.2188758248682006,3.7376696182833684,0.4230769230769231,20.045381944444443,0.5106382978723405,2.0,0.9512195121951219,0
knockout/knockout,2017-06-03,1.9459101490553132,3.4339872044851463,4.007333185232471,0.7307692307692307,0.6525578703703704,0.7,5.0,0.8148148148148148,0
knockout/knockout,2017-09-01,1.3862943611198906,2.5649493574615367,3.7612001156935624,0.6538461538461539,2.675659722222222,0.5,5.0,0.6666666666666666,0
knockout/knockout,2017-11-30,2.1972245773362196,3.7376696182833684,3.9889840465642745,0.5769230769230769,3.0468055555555558,0.9152542372881355,4.0,0.5094339622641509,0
knockout/knockout,2018-02-28,2.5649493574615367,3.4339872044851463,4.276666119016055,0.7692307692307693,5.4758101851851855,1.0129870129870129,3.0,0.5915492957746479,0
knockout/knockout,2018-05-29,2.9444389791664403,3.5553480614894135,4.174387269895637,0.7307692307692307,0.761724537037037,1.6285714285714286,6.0,0.765625,0
knockout/knockout,2018-08-27,1.3862943611198906,2.5649493574615367,3.8501476017100584,0.6923076923076923,20.091284722222223,0.46153846153846145,3.0,0.7608695652173914,0
knockout/knockout,2018-11-25,0.6931471805599453,2.6390573296152584,3.258096538021482,0.5,11.469363425925925,0.3870967741935484,2.0,0.8,0
knockout/knockout,2019-02-23,2.70805020110221,3.5263605246161616,3.8501476017100584,0.5,1.9926504629629629,1.7307692307692306,2.0,0.9565217391304348,0
knockout/knockout,2019-05-24,1.3862943611198906,3.1354942159291497,4.02535169073515,0.6923076923076923,25.149074074074075,0.3934426229508197,4.0,0.8363636363636363,0
knockout/knockout,2019-08-22,0.0,1.0986122886681098,3.2188758248682006,0.38461538461538464,57.50768518518519,0.2,1.0,0.5833333333333334,0
knockout/knockout,2019-11-20,1.3862943611198906,2.3978952727983707,2.5649493574615367,0.19230769230769232,5.486967592592593,1.3333333333333333,3.0,0.5,0
knockout/knockout,2020-02-18,1.6094379124341003,2.1972245773362196,2.9444389791664403,0.34615384615384615,2.607511574074074,1.25,3.0,0.5,0
knockout/knockout,2020-05-18,0.0,0.6931471805599453,2.302585092994046,0.19230769230769232,43.365949074074074,0.4,1.0,0.6666666666666666,0
knockout/knockout,2020-11-14,1.6094379124341003,1.6094379124341003,1.6094379124341003,0.038461538461538464,27.22013888888889,3.0000000000000004,1.0,1.0,0
knockout/knockout,2021-02-12,0.0,0.6931471805599453,1.791759469228055,0.07692307692307693,38.80802083333333,0.5454545454545454,1.0,0.8,0
knockout/knockout,2021-05-13,0.0,1.6094379124341003,1.791759469228055,0.07692307692307693,74.13899305555556,0.5454545454545454,1.0,0.8,0
knockout/knockout,2021-11-09,0.0,1.6094379124341003,1.6094379124341003,0.07692307692307693,31.01707175925926,0.6000000000000001,2.0,0.75,1
knockout/knockout,2023-02-02,0.0,0.6931471805599453,0.6931471805599453,0.038461538461538464,34.384479166666665,0.8571428571428571,1.0,1.0,1
knockout/knockout,2024-07-26,1.0986122886681098,1.0986122886681098,1.0986122886681098,0.038461538461538464,28.721516203703704,2.25,1.0,1.0,1
knockout/knockout,2025-07-21,0.6931471805599453,0.6931471805599453,0.6931471805599453,0.038461538461538464,3.855150462962963,1.7142857142857142,1.0,1.0,1
koajs/koa,2014-08-17,3.1780538303479458,4.02535169073515,4.844187086458591,0.9230769230769231,0.8873958333333334,1.0909090909090908,8.0,0.3412698412698413,0
koajs/koa,2014-11-15,2.0794415416798357,3.4965075614664802,4.477336814478207,0.8461538461538461,7.9609606481481485,0.5161290322580645,9.0,0.4942528735632184,0
koajs/koa,2015-02-13,3.1354942159291497,3.8066624897703196,4.343805421853684,0.8846153846153846,2.152511574074074,1.6829268292682928,15.0,0.3815789473684211,0
koajs/koa,2015-05-14,1.9459101490553132,2.9444389791664403,4.143134726391533,0.7692307692307693,9.206145833333334,0.6176470588235293,5.0,0.3225806451612903,0
koajs/koa,2015-08-12,0.6931471805599453,2.3978952727983707,3.367295829986474,0.46153846153846156,26.98490740740741,0.3529411764705882,7.0,0.21428571428571427,0
koajs/koa,2015-11-10,4.219507705176107,4.543294782270004,4.6443908991413725,0.5769230769230769,2.587488425925926,3.7431192660550456,25.0,0.20388349514563106,0
koajs/koa,2016-02-08,2.70805020110221,3.258096538021482,4.77912349311153,0.7307692307692307,13.599189814814816,0.7258064516129031,16.0,0.19491525423728814,0
koajs/koa,2016-05-08,1.791759469228055,3.8501476017100584,4.276666119016055,0.7692307692307693,6.455069444444445,0.4675324675324675,13.0,0.18309859154929578,0
koajs/koa,2016-08-06,2.302585092994046,3.2188758248682006,4.2626798770413155,0.7692307692307693,0.08988425925925926,0.7894736842105263,16.0,0.17142857142857143,0
koajs/koa,2016-11-04,1.0986122886681098,2.772588722239781,3.6888794541139363,0.5384615384615384,17.64642361111111,0.4,9.0,0.20512820512820512,0
koajs/koa,2017-02-02,0.0,1.791759469228055,3.044522437723423,0.34615384615384615,56.413020833333334,0.23076923076923073,4.0,0.2,0
koajs/koa,2017-05-03,2.5649493574615367,4.127134385045092,4.204692619390966,0.5384615384615384,4.198298611111111,1.0833333333333333,28.0,0.25757575757575757,0
koajs/koa,2017-08-01,1.9459101490553132,3.044522437723423,4.406719247264253,0.7692307692307693,11.259490740740741,0.4827586206896552,17.0,0.2222222222222222,0
koajs/koa,2017-10-30,1.3862943611198906,2.772588722239781,3.58351893845611,0.5769230769230769,11.95383101851852,0.5853658536585367,14.0,0.17142857142857143,0
koajs/koa,2018-01-28,1.6094379124341003,2.9444389791664403,3.5263605246161616,0.5,2.8478703703703703,0.7692307692307693,12.0,0.15151515151515152,0
koajs/koa,2018-04-28,1.791759469228055,2.9444389791664403,3.6109179126442243,0.5,0.6417824074074074,0.8571428571428571,12.0,0.25,0
koajs/koa,2018-07-27,2.302585092994046,2.772588722239781,3.5263605246161616,0.5,15.041018518518518,1.5384615384615385,6.0,0.3333333333333333,0
koajs/koa,2018-10-25,1.791759469228055,2.833213344056216,3.4657359027997265,0.38461538461538464,1.9964699074074075,0.9729729729729729,6.0,0.3548387096774194,0
koajs/koa,2019-01-23,2.0794415416798357,3.044522437723423,3.6109179126442243,0.4230769230769231,8.611493055555556,1.1428571428571428,13.0,0.19444444444444445,0
koajs/koa,2019-04-23,1.0986122886681098,1.9459101490553132,3.295836866004329,0.4230769230769231,6.154409722222222,0.5625,5.0,0.15384615384615385,0
koajs/koa,2019-07-22,1.9459101490553132,2.3978952727983707,2.833213344056216,0.23076923076923078,10.97991898148148,1.9090909090909092,9.0,0.1875,0
koajs/koa,2019-10-20,2.833213344056216,3.367295829986474,3.6635616461296463,0.46153846153846156,3.2016319444444443,2.3181818181818183,13.0,0.21052631578947367,0
koajs/koa,2020-01-18,0.6931471805599453,1.3862943611198906,3.4657359027997265,0.34615384615384615,14.023842592592592,0.3243243243243243,2.0,0.25806451612903225,0
koajs/koa,2020-04-17,1.0986122886681098,1.0986122886681098,1.791759469228055,0.11538461538461539,6.928055555555556,1.6363636363636362,2.0,0.4,0
koajs/koa,2020-07-16,1.9459101490553132,3.044522437723423,3.1354942159291497,0.3076923076923077,1.773738425925926,1.5000000000000002,12.0,0.4090909090909091,0
koajs/koa,2020-10-14,0.0,2.1972245773362196,3.367295829986474,0.4230769230769231,50.403125,0.1764705882352941,6.0,0.32142857142857145,0
koajs/koa,2021-01-12,1.0986122886681098,1.3862943611198906,2.4849066497880004,0.19230769230769232,7.669513888888889,1.0588235294117647,3.0,0.18181818181818182,0
koajs/koa,2021-04-12,0.0,0.6931471805599453,1.6094379124341003,0.11538461538461539,84.0433449074074,0.6000000000000001,1.0,0.5,0
koajs/koa,2021-07-11,0.0,0.6931471805599453,1.0986122886681098,0.07692307692307693,51.619675925925925,0.75,1.0,0.5,0
koajs/koa,2021-10-09,1.791759469228055,3.6109179126442243,3.6375861597263857,0.15384615384615385,14.99431712962963,0.8372093023255813,10.0,0.5945945945945946,0
koajs/koa,2022-01-07,0.0,1.0986122886681098,3.6635616461296463,0.19230769230769232,80.04480324074073,0.13636363636363638,1.0,0.5789473684210527,0
koajs/koa,2022-04-07,0.6931471805599453,1.0986122886681098,1.6094379124341003,0.11538461538461539,4.752476851851852,1.2000000000000002,2.0,0.5,1
koajs/koa,2023-01-02,2.9444389791664403,2.995732273553991,2.995732273553991,0.11538461538461539,0.014467592592592593,4.5600000000000005,6.0,0.7368421052631579,0
koajs/koa,2023-07-01,0.0,1.791759469228055,1.791759469228055,0.07692307692307693,44.97578703703704,0.5454545454545454,3.0,0.4,0
koajs/koa,2023-12-28,0.0,1.3862943611198906,1.3862943611198906,0.07692307692307693,49.67403935185185,0.6666666666666666,2.0,0.6666666666666666,0
koajs/koa,2024-03-27,1.9459101490553132,2.3978952727983707,2.6390573296152584,0.23076923076923078,5.943877314814815,2.210526315789474,6.0,0.38461538461538464,0
koajs/koa,2024-06-25,1.6094379124341003,2.302585092994046,2.995732273553991,0.3076923076923077,5.117881944444444,1.2000000000000002,7.0,0.2631578947368421,0
koajs/koa,2024-09-23,2.4849066497880004,2.772588722239781,3.2188758248682006,0.2692307692307692,22.53641203703704,2.4,5.0,0.4166666666666667,0
koajs/koa,2024-12-22,0.0,1.9459101490553132,3.091042453358316,0.2692307692307692,48.0887037037037,0.2222222222222222,6.0,0.5238095238095238,0
koajs/koa,2025-03-22,2.772588722239781,2.995732273553991,3.258096538021482,0.23076923076923078,0.06432870370370371,3.096774193548387,6.0,0.44,0
koajs/koa,2025-06-20,1.0986122886681098,3.044522437723423,3.6888794541139363,0.4230769230769231,13.794444444444444,0.4,3.0,0.6153846153846154,0
koajs/koa,2025-09-18,0.6931471805599453,1.9459101490553132,3.295836866004329,0.3076923076923077,1.2662731481481482,0.375,2.0,0.5384615384615384,0
koajs/koa,2025-12-17,0.0,2.5649493574615367,2.9444389791664403,0.19230769230769232,42.59008101851852,0.25,4.0,0.6666666666666666,0
koajs/koa,2026-03-17,1.9459101490553132,2.0794415416798357,2.995732273553991,0.19230769230769232,19.723993055555557,1.6800000000000002,5.0,0.47368421052631576,0
less/less.js,2011-02-23,2.1972245773362196,3.044522437723423,3.6635616461296463,0.46153846153846156,3.864201388888889,1.2272727272727273,7.0,0.4473684210526316,0
less/less.js,2011-05-24,3.2188758248682006,3.713572066704308,4.110873864173311,0.6538461538461539,0.10434027777777778,2.272727272727273,9.0,0.6333333333333333,0
less/less.js,2011-08-22,2.3978952727983707,3.258096538021482,4.189654742026425,0.6923076923076923,0.26319444444444445,0.9295774647887324,7.0,0.6307692307692307,0
less/less.js,2011-11-20,2.833213344056216,3.367295829986474,3.9889840465642745,0.5,5.9950578703703705,1.7288135593220337,8.0,0.41509433962264153,0
less/less.js,2012-02-18,3.258096538021482,4.68213122712422,4.912654885736052,0.7307692307692307,0.7701967592592592,1.1063829787234043,25.0,0.562962962962963,0
less/less.js,2012-05-18,2.4849066497880004,3.7612001156935624,5.0106352940962555,0.9230769230769231,7.032523148148148,0.4645161290322581,21.0,0.5302013422818792,0
less/less.js,2012-08-16,3.6888794541139363,3.871201010907891,4.499809670330265,0.8076923076923077,0.9340162037037038,2.526315789473684,14.0,0.29213483146067415,0
less/less.js,2012-11-14,3.258096538021482,4.356708826689592,4.8283137373023015,0.8076923076923077,0.1295601851851852,1.2,12.0,0.5645161290322581,0
less/less.js,2013-02-12,3.4339872044851463,4.736198448394496,5.25227342804663,0.9230769230769231,0.3634953703703704,0.9489795918367345,16.0,0.6947368421052632,0
less/less.js,2013-05-13,3.258096538021482,4.969813299576001,5.54907608489522,0.8846153846153846,2.9700231481481483,0.5954198473282443,15.0,0.80859375,0
less/less.js,2013-08-11,4.30406509320417,4.7535901911063645,5.556828061699537,0.8461538461538461,1.6505671296296296,1.6818181818181819,18.0,0.6821705426356589,0
less/less.js,2013-11-09,3.6635616461296463,4.6443908991413725,5.389071729816501,0.8846153846153846,0.09625,1.044642857142857,20.0,0.5229357798165137,0
less/less.js,2014-02-07,4.0943445622221,5.0369526024136295,5.54907608489522,0.9615384615384616,0.4567939814814815,1.3740458015267176,28.0,0.41796875,0
less/less.js,2014-05-08,2.302585092994046,4.68213122712422,5.564520407322694,0.8846153846153846,0.347650462962963,0.22556390977443608,13.0,0.49615384615384617,0
less/less.js,2014-08-06,2.995732273553991,4.02535169073515,5.093750200806762,0.8846153846153846,3.304895833333333,0.7142857142857143,11.0,0.6358024691358025,0
less/less.js,2014-11-04,4.653960350157523,5.241747015059643,5.497168225293202,0.8461538461538461,1.3879398148148148,2.5301204819277108,14.0,0.7407407407407407,0
less/less.js,2015-02-02,4.189654742026425,4.919980925828125,5.783825182329737,0.9230769230769231,0.385,1.2,16.0,0.7530864197530864,0
less/less.js,2015-05-03,1.9459101490553132,4.465908118654584,5.407171771460119,0.8846153846153846,5.518668981481482,0.18421052631578946,14.0,0.5630630630630631,0
less/less.js,2015-08-01,1.9459101490553132,2.5649493574615367,4.59511985013459,0.6153846153846154,7.191655092592592,0.40384615384615385,6.0,0.3979591836734694,0
less/less.js,2015-10-30,0.0,2.4849066497880004,3.1780538303479458,0.4230769230769231,30.970127314814814,0.2068965517241379,4.0,0.391304347826087,0
less/less.js,2016-01-28,2.4849066497880004,3.332204510175204,3.6635616461296463,0.4230769230769231,1.3449652777777779,1.6363636363636365,9.0,0.34210526315789475,0
less/less.js,2016-04-27,2.302585092994046,3.7376696182833684,4.23410650459726,0.7692307692307693,4.796631944444444,0.8108108108108107,18.0,0.23529411764705882,0
less/less.js,2016-07-26,3.332204510175204,3.7376696182833684,4.418840607796598,0.7692307692307693,7.416793981481481,1.9090909090909092,7.0,0.5365853658536586,0
less/less.js,2016-10-24,2.1972245773362196,2.70805020110221,4.02535169073515,0.5769230769230769,2.790787037037037,0.8852459016393444,6.0,0.6909090909090909,0
less/less.js,2017-01-22,2.772588722239781,2.9444389791664403,3.4965075614664802,0.46153846153846156,11.70324074074074,2.5263157894736845,3.0,0.65625,0
less/less.js,2017-07-21,1.0986122886681098,2.833213344056216,2.833213344056216,0.19230769230769232,19.341574074074074,0.8181818181818182,3.0,0.75,0
less/less.js,2017-10-19,2.5649493574615367,2.70805020110221,3.4339872044851463,0.38461538461538464,0.04165509259259259,2.1666666666666665,5.0,0.4,0
less/less.js,2018-01-17,1.0986122886681098,2.302585092994046,3.1780538303479458,0.2692307692307692,12.413368055555555,0.6206896551724137,4.0,0.5217391304347826,0
less/less.js,2018-04-17,0.0,2.833213344056216,3.258096538021482,0.3076923076923077,51.39806712962963,0.1935483870967742,6.0,0.52,0
less/less.js,2018-07-16,4.330733340286331,4.465908118654584,4.634728988229636,0.5384615384615384,4.837002314814815,4.222222222222222,6.0,0.8137254901960784,0
less/less.js,2018-10-14,0.0,2.0794415416798357,4.543294782270004,0.46153846153846156,67.61447916666667,0.06060606060606061,1.0,0.8709677419354839,0
less/less.js,2019-01-12,0.6931471805599453,1.9459101490553132,2.6390573296152584,0.23076923076923078,0.7032407407407407,0.6315789473684211,3.0,0.8461538461538461,0
less/less.js,2019-04-12,0.0,1.3862943611198906,2.302585092994046,0.19230769230769232,49.87809027777778,0.4,3.0,0.4444444444444444,0
less/less.js,2019-10-09,0.6931471805599453,2.5649493574615367,2.5649493574615367,0.23076923076923078,16.00513888888889,0.6666666666666666,2.0,0.9166666666666666,0
less/less.js,2020-01-07,0.0,0.6931471805599453,2.6390573296152584,0.2692307692307692,81.83640046296296,0.31578947368421056,1.0,0.9230769230769231,0
less/less.js,2020-04-06,0.0,1.9459101490553132,2.0794415416798357,0.11538461538461539,55.50380787037037,0.46153846153846145,4.0,0.5714285714285714,0
less/less.js,2020-07-05,2.1972245773362196,2.772588722239781,3.091042453358316,0.23076923076923078,9.822291666666667,2.0,6.0,0.5714285714285714,0
less/less.js,2020-10-03,0.0,2.6390573296152584,3.367295829986474,0.3076923076923077,66.743125,0.1764705882352941,1.0,0.7857142857142857,0
less/less.js,2021-01-01,1.9459101490553132,1.9459101490553132,2.995732273553991,0.15384615384615385,14.020497685185186,1.6800000000000002,1.0,1.0,0
less/less.js,2021-04-01,0.0,2.6390573296152584,2.995732273553991,0.23076923076923078,52.010671296296294,0.24000000000000005,5.0,0.7894736842105263,0
less/less.js,2021-06-30,0.6931471805599453,0.6931471805599453,2.70805020110221,0.19230769230769232,18.055046296296297,0.6,1.0,0.6428571428571429,0
less/less.js,2021-09-28,0.0,1.6094379124341003,1.791759469228055,0.07692307692307693,86.82853009259259,0.5454545454545454,2.0,0.8,0
less/less.js,2021-12-27,1.9459101490553132,2.3978952727983707,2.70805020110221,0.23076923076923078,2.5820833333333333,2.1,4.0,0.5,0
less/less.js,2022-03-27,0.0,1.0986122886681098,2.5649493574615367,0.23076923076923078,74.51644675925925,0.3333333333333333,2.0,0.5833333333333334,0
less/less.js,2022-06-25,0.6931471805599453,1.6094379124341003,1.9459101490553132,0.23076923076923078,16.969189814814815,1.0,4.0,0.16666666666666666,0
less/less.js,2022-09-23,0.0,1.6094379124341003,2.1972245773362196,0.19230769230769232,34.06509259259259,0.4285714285714286,3.0,0.25,0
less/less.js,2023-03-22,0.0,1.0986122886681098,1.0986122886681098,0.07692307692307693,61.7683912037037,0.75,2.0,0.5,0
less/less.js,2023-06-20,0.0,1.6094379124341003,1.9459101490553132,0.15384615384615385,73.09125,0.5,3.0,0.5,0
less/less.js,2023-09-18,1.3862943611198906,1.791759469228055,2.302585092994046,0.23076923076923078,3.799826388888889,1.6,3.0,0.4444444444444444,0
less/less.js,2024-03-16,0.0,0.6931471805599453,0.6931471805599453,0.038461538461538464,58.717083333333335,0.8571428571428571,1.0,1.0,1
less/less.js,2024-12-11,2.0794415416798357,2.1972245773362196,2.1972245773362196,0.11538461538461539,3.2305555555555556,3.428571428571429,3.0,0.75,0
less/less.js,2025-03-11,1.0986122886681098,1.9459101490553132,2.70805020110221,0.23076923076923078,9.962685185185185,0.8999999999999999,3.0,0.5714285714285714,0
less/less.js,2025-06-09,0.6931471805599453,1.791759469228055,2.4849066497880004,0.3076923076923077,10.641956018518519,0.7058823529411765,1.0,0.6363636363636364,0
less/less.js,2025-09-07,1.791759469228055,2.302585092994046,2.70805020110221,0.34615384615384615,7.964988425925926,1.7999999999999998,2.0,0.9285714285714286,0
less/less.js,2025-12-06,0.0,0.6931471805599453,2.3978952727983707,0.2692307692307692,61.02234953703704,0.37499999999999994,1.0,0.9,0
less/less.js,2026-03-06,0.0,2.772588722239781,2.833213344056216,0.15384615384615385,40.097002314814816,0.27272727272727276,2.0,0.875,0
lodash/lodash,2010-10-25,3.332204510175204,3.6635616461296463,3.8918202981106265,0.5769230769230769,6.743680555555556,3.111111111111111,4.0,0.5416666666666666,0
lodash/lodash,2011-01-23,2.0794415416798357,3.7376696182833684,4.382026634673881,0.6923076923076923,4.867997685185185,0.5647058823529412,8.0,0.569620253164557,0
lodash/lodash,2011-04-23,2.772588722239781,3.6888794541139363,4.394449154672439,0.6923076923076923,5.22693287037037,1.1162790697674418,9.0,0.6125,0
lodash/lodash,2011-07-22,3.367295829986474,3.871201010907891,4.465908118654584,0.7307692307692307,2.3296875,1.891304347826087,13.0,0.5232558139534884,0
lodash/lodash,2011-10-20,3.4011973816621555,3.784189633918261,4.51085950651685,0.6153846153846154,0.6133333333333333,1.875,11.0,0.4777777777777778,0
lodash/lodash,2012-01-18,3.044522437723423,4.31748811353631,4.770684624465665,0.7692307692307693,5.268310185185185,1.024390243902439,20.0,0.5555555555555556,0
lodash/lodash,2012-04-17,3.828641396489095,4.356708826689592,5.0238805208462765,0.9615384615384616,0.5342708333333334,1.7579617834394903,19.0,0.45695364238410596,0
lodash/lodash,2012-07-16,4.59511985013459,5.921578419643816,6.1092475827643655,0.9615384615384616,0.0009722222222222222,1.3054945054945055,6.0,0.7951002227171492,0
lodash/lodash,2012-10-14,4.8283137373023015,5.8522024797744745,6.579251212010101,1.0,0.32528935185185187,1.0344827586206897,5.0,0.9652294853963839,0
lodash/lodash,2013-01-12,4.248495242049359,5.662960480135946,6.453624998892692,1.0,3.5101157407407406,0.65625,5.0,0.9526813880126183,0
lodash/lodash,2013-04-12,4.1588830833596715,5.75890177387728,6.403574197934815,1.0,1.6234490740740741,0.6305418719211823,7.0,0.9502487562189055,0
lodash/lodash,2013-07-11,4.90527477843843,5.733341276897746,6.437751649736401,1.0,1.4849305555555556,1.2857142857142858,6.0,0.9743589743589743,0
lodash/lodash,2013-10-09,4.61512051684126,5.733341276897746,6.424869023905388,1.0,0.6682060185185185,0.9742765273311896,4.0,0.9691558441558441,0
lodash/lodash,2014-01-07,4.477336814478207,5.929589143389895,6.52795791762255,1.0,0.08700231481481481,0.7663280116110305,13.0,0.9443631039531479,0
lodash/lodash,2014-04-07,4.919980925828125,5.8522024797744745,6.583409222158765,1.0,0.0913888888888889,1.129120879120879,9.0,0.9376731301939059,0
lodash/lodash,2014-07-06,4.897839799950911,6.052089168924417,6.648984550024776,1.0,0.21613425925925925,1.0347490347490347,11.0,0.9623865110246433,0
lodash/lodash,2014-10-04,4.5217885770490405,5.723585101952381,6.593044534142437,1.0,0.015787037037037037,0.7510204081632653,7.0,0.9602194787379973,0
lodash/lodash,2015-01-02,4.844187086458591,5.736572297479192,6.421622267806518,1.0,0.012939814814814815,1.229032258064516,6.0,0.9527687296416938,0
lodash/lodash,2015-04-02,4.969813299576001,6.104793232414985,6.6293632534374485,1.0,0.5786458333333333,1.1338582677165354,21.0,0.9378306878306878,0
lodash/lodash,2015-07-01,4.61512051684126,5.981414211254481,6.736966958001855,1.0,0.44855324074074077,0.7146226415094339,15.0,0.9334916864608076,0
lodash/lodash,2015-09-29,5.220355825078324,6.025865973825314,6.695798917058491,1.0,0.1386111111111111,1.3636363636363638,19.0,0.943069306930693,0
lodash/lodash,2015-12-28,4.919980925828125,6.0844994130751715,6.747586526829315,1.0,0.04119212962962963,0.9591598599766628,16.0,0.9118683901292597,0
lodash/lodash,2016-03-27,5.220355825078324,6.566672429803241,7.046647277848756,1.0,0.03878472222222222,0.9618717504332756,46.0,0.8867595818815331,0
lodash/lodash,2016-06-25,4.290459441148391,6.244166900663736,7.110696122978827,1.0,0.6843865740740741,0.35609756097560974,15.0,0.9109477124183006,0
lodash/lodash,2016-09-23,4.382026634673881,5.652489180268651,6.683360945766275,1.0,0.814849537037037,0.5970149253731343,13.0,0.9398496240601504,0
lodash/lodash,2016-12-22,3.367295829986474,5.4680601411351315,6.255750041753367,1.0,0.8846180555555555,0.33079847908745247,7.0,0.9519230769230769,0
lodash/lodash,2017-03-22,4.007333185232471,5.3706380281276624,6.111467339502679,1.0,0.5507986111111111,0.7236842105263158,9.0,0.8866666666666667,0
lodash/lodash,2017-06-20,1.0986122886681098,4.1588830833596715,5.627621113690637,0.9230769230769231,6.179490740740741,0.06360424028268552,8.0,0.7256317689530686,0
lodash/lodash,2017-09-18,0.6931471805599453,2.6390573296152584,4.343805421853684,0.6923076923076923,5.061412037037037,0.14634146341463417,8.0,0.4473684210526316,0
lodash/lodash,2017-12-17,1.3862943611198906,3.1354942159291497,3.58351893845611,0.7307692307692307,11.437337962962962,0.5853658536585367,15.0,0.2,0
lodash/lodash,2018-03-17,1.791759469228055,3.4657359027997265,3.9889840465642745,0.7307692307692307,9.104861111111111,0.6101694915254237,9.0,0.4528301886792453,0
lodash/lodash,2018-06-15,1.791759469228055,3.4011973816621555,4.110873864173311,0.7307692307692307,0.3445023148148148,0.5454545454545454,11.0,0.6666666666666666,0
lodash/lodash,2018-09-13,2.772588722239781,2.9444389791664403,3.871201010907891,0.6153846153846154,1.5375578703703703,1.8113207547169814,6.0,0.6382978723404256,0
lodash/lodash,2018-12-12,3.2188758248682006,3.4339872044851463,3.8918202981106265,0.5384615384615384,1.0900115740740741,2.7777777777777777,8.0,0.375,0
lodash/lodash,2019-03-12,1.9459101490553132,2.4849066497880004,3.7376696182833684,0.6153846153846154,0.5780902777777778,0.8936170212765958,8.0,0.4146341463414634,0
lodash/lodash,2019-06-10,0.6931471805599453,2.302585092994046,3.044522437723423,0.5,3.090925925925926,0.46153846153846145,8.0,0.15,0
lodash/lodash,2019-09-08,3.2188758248682006,4.143134726391533,4.276666119016055,0.5769230769230769,8.91125,1.948051948051948,11.0,0.4788732394366197,0
lodash/lodash,2019-12-07,1.0986122886681098,2.5649493574615367,4.31748811353631,0.6153846153846154,17.87527777777778,0.22499999999999998,9.0,0.44594594594594594,0
lodash/lodash,2020-03-06,0.0,1.3862943611198906,2.772588722239781,0.4230769230769231,30.429814814814815,0.2857142857142857,2.0,0.2,0
lodash/lodash,2020-06-04,1.791759469228055,1.791759469228055,2.1972245773362196,0.19230769230769232,0.5,2.5714285714285716,4.0,0.25,0
lodash/lodash,2020-09-02,1.3862943611198906,2.70805020110221,2.995732273553991,0.19230769230769232,20.07172453703704,0.9600000000000002,3.0,0.3684210526315789,0
lodash/lodash,2020-12-01,0.0,0.6931471805599453,2.772588722239781,0.19230769230769232,33.92484953703703,0.2857142857142857,1.0,0.4666666666666667,0
lodash/lodash,2021-03-01,1.6094379124341003,2.3978952727983707,2.4849066497880004,0.15384615384615385,9.126666666666667,1.7647058823529413,5.0,0.36363636363636365,0
lodash/lodash,2021-05-30,0.0,1.0986122886681098,2.5649493574615367,0.19230769230769232,37.0490162037037,0.3333333333333333,2.0,0.3333333333333333,1
lodash/lodash,2023-11-16,0.0,2.1972245773362196,2.1972245773362196,0.07692307692307693,50.066296296296294,0.4285714285714286,2.0,0.625,0
lodash/lodash,2024-02-14,0.0,0.6931471805599453,2.302585092994046,0.11538461538461539,34.061284722222226,0.4,1.0,0.5555555555555556,0
lodash/lodash,2024-05-14,0.6931471805599453,0.6931471805599453,1.0986122886681098,0.07692307692307693,28.653506944444445,1.5,1.0,0.5,0
lodash/lodash,2024-08-12,0.0,0.6931471805599453,1.0986122886681098,0.07692307692307693,32.902881944444445,0.75,1.0,0.5,0
lodash/lodash,2024-11-10,0.0,0.6931471805599453,1.0986122886681098,0.07692307692307693,35.0531712962963,0.75,1.0,0.5,0
lodash/lodash,2025-02-08,0.0,0.6931471805599453,1.0986122886681098,0.07692307692307693,57.8396875,0.75,1.0,0.5,1
lodash/lodash,2025-11-05,2.3978952727983707,2.3978952727983707,2.3978952727983707,0.038461538461538464,8.094421296296296,4.124999999999999,2.0,0.9,0
lodash/lodash,2026-02-03,2.0794415416798357,3.1780538303479458,3.5263605246161616,0.3076923076923077,8.891018518518518,1.2307692307692308,6.0,0.42424242424242425,0
marionettejs/backbone.marionette,2012-12-11,4.0943445622221,5.739792912179234,6.218600119691729,1.0,0.010972222222222222,0.7100591715976331,27.0,0.7624750499001997,0
marionettejs/backbone.marionette,2013-03-11,4.454347296253507,5.231108616854587,6.208590026096629,0.9615384615384616,0.08164351851851852,1.0278884462151394,31.0,0.7741935483870968,0
marionettejs/backbone.marionette,2013-06-09,3.58351893845611,4.770684624465665,5.717027701406222,1.0,2.3686458333333333,0.6990291262135923,41.0,0.6072607260726073,0
marionettejs/backbone.marionette,2013-09-07,3.4339872044851463,4.110873864173311,5.181783550292085,0.9615384615384616,1.4654282407407409,1.0163934426229508,21.0,0.480225988700565,0
marionettejs/backbone.marionette,2013-12-06,2.8903717578961645,3.713572066704308,4.61512051684126,0.8846153846153846,2.5494791666666665,1.0188679245283019,17.0,0.32,0
marionettejs/backbone.marionette,2014-03-06,3.7612001156935624,4.564348191467836,4.912654885736052,0.8461538461538461,0.07388888888888889,1.8297872340425532,23.0,0.26666666666666666,0
marionettejs/backbone.marionette,2014-06-04,4.382026634673881,5.717027701406222,5.988961416889864,0.9230769230769231,0.5618171296296296,1.1881188118811883,32.0,0.25879396984924624,0
marionettejs/backbone.marionette,2014-09-02,4.795790545596741,5.5254529391317835,6.317164686747284,1.0,0.5572106481481481,1.2987477638640428,42.0,0.26220614828209765,0
marionettejs/backbone.marionette,2014-12-01,4.02535169073515,5.25227342804663,6.089044875446846,1.0,1.4845717592592593,0.7533632286995516,31.0,0.19090909090909092,0
marionettejs/backbone.marionette,2015-03-01,4.060443010546419,4.7535901911063645,5.723585101952381,1.0,0.08096064814814814,1.1189710610932475,33.0,0.16393442622950818,0
marionettejs/backbone.marionette,2015-05-30,2.3978952727983707,4.2626798770413155,5.225746673713202,1.0,1.044699074074074,0.3455497382198953,29.0,0.12432432432432433,0
marionettejs/backbone.marionette,2015-08-28,3.2188758248682006,4.30406509320417,4.969813299576001,1.0,2.165763888888889,1.0067114093959733,23.0,0.13986013986013987,0
marionettejs/backbone.marionette,2015-11-26,3.6888794541139363,4.23410650459726,4.955827057601261,0.8076923076923077,1.399363425925926,1.6326530612244898,16.0,0.24822695035460993,0
marionettejs/backbone.marionette,2016-02-24,2.1972245773362196,4.110873864173311,4.859812404361672,0.8076923076923077,3.8873611111111113,0.40298507462686567,13.0,0.4296875,0
marionettejs/backbone.marionette,2016-05-24,3.1354942159291497,4.465908118654584,4.990432586778736,0.9230769230769231,1.8780208333333333,0.9078947368421053,15.0,0.2328767123287671,0
marionettejs/backbone.marionette,2016-08-22,3.784189633918261,4.532599493153256,5.187385805840755,0.9615384615384616,1.1895833333333334,1.434782608695652,11.0,0.21348314606741572,0
marionettejs/backbone.marionette,2016-11-20,3.7376696182833684,4.6443908991413725,5.278114659230517,1.0,0.988275462962963,1.2537313432835822,24.0,0.3230769230769231,0
marionettejs/backbone.marionette,2017-02-18,2.4849066497880004,3.6635616461296463,4.955827057601261,0.9230769230769231,0.557025462962963,0.4897959183673469,12.0,0.3475177304964539,0
marionettejs/backbone.marionette,2017-05-19,3.332204510175204,4.007333185232471,4.532599493153256,0.8461538461538461,0.11118055555555556,1.714285714285714,12.0,0.5652173913043478,0
marionettejs/backbone.marionette,2017-08-17,2.8903717578961645,3.6375861597263857,4.5217885770490405,0.7307692307692307,0.12628472222222223,1.1134020618556704,7.0,0.7252747252747253,0
marionettejs/backbone.marionette,2017-11-15,3.4339872044851463,4.418840607796598,4.787491742782046,0.8846153846153846,0.013194444444444444,1.488,9.0,0.5210084033613446,0
marionettejs/backbone.marionette,2018-02-13,1.9459101490553132,3.4657359027997265,4.736198448394496,0.9230769230769231,4.7645486111111115,0.35294117647058826,3.0,0.504424778761062,0
marionettejs/backbone.marionette,2018-05-14,1.0986122886681098,1.0986122886681098,3.5263605246161616,0.46153846153846156,0.34052083333333333,0.46153846153846156,2.0,0.696969696969697,0
marionettejs/backbone.marionette,2018-08-12,2.70805020110221,3.1780538303479458,3.258096538021482,0.38461538461538464,2.210775462962963,2.9032258064516125,5.0,0.64,0
marionettejs/backbone.marionette,2018-11-10,0.0,1.6094379124341003,3.332204510175204,0.38461538461538464,42.86486111111111,0.18181818181818182,1.0,0.5555555555555556,0
marionettejs/backbone.marionette,2019-02-08,1.0986122886681098,1.0986122886681098,1.9459101490553132,0.11538461538461539,8.08681712962963,1.5,1.0,0.6666666666666666,0
marionettejs/backbone.marionette,2019-05-09,3.1780538303479458,3.6109179126442243,3.6635616461296463,0.3076923076923077,10.233368055555555,3.272727272727273,3.0,0.7894736842105263,0
marionettejs/backbone.marionette,2019-08-07,0.0,0.6931471805599453,3.6375861597263857,0.3076923076923077,85.87465277777778,0.13953488372093023,1.0,0.8108108108108109,0
marionettejs/backbone.marionette,2019-11-05,0.6931471805599453,1.0986122886681098,1.3862943611198906,0.11538461538461539,15.613726851851851,1.3333333333333333,1.0,0.6666666666666666,0
marionettejs/backbone.marionette,2020-02-03,0.0,0.6931471805599453,1.3862943611198906,0.11538461538461539,45.14862268518519,0.6666666666666666,1.0,0.6666666666666666,0
marionettejs/backbone.marionette,2020-05-03,0.6931471805599453,0.6931471805599453,1.0986122886681098,0.07692307692307693,25.456145833333334,1.5,1.0,0.5,1
marionettejs/backbone.marionette,2021-01-28,0.0,1.3862943611198906,1.3862943611198906,0.038461538461538464,76.08195601851853,0.6666666666666666,1.0,1.0,1
marionettejs/backbone.marionette,2022-01-23,0.0,1.0986122886681098,1.0986122886681098,0.07692307692307693,56.015092592592595,0.75,2.0,0.5,1
marionettejs/backbone.marionette,2023-01-18,0.6931471805599453,0.6931471805599453,0.6931471805599453,0.038461538461538464,19.70957175925926,1.7142857142857142,1.0,1.0,1
meteor/meteor,2012-11-17,4.7535901911063645,6.71295620067707,7.160845906664299,1.0,0.02140046296296296,0.5382830626450116,24.0,0.3014763014763015,0
meteor/meteor,2013-02-15,5.662960480135946,6.453624998892692,7.284134806195205,1.0,0.0011921296296296296,1.1819425444596443,26.0,0.33516483516483514,0
meteor/meteor,2013-05-16,5.703782474656201,7.00669522683704,7.460490305825338,1.0,0.013356481481481481,1.0327022375215147,37.0,0.35808865860679334,0
meteor/meteor,2013-08-14,6.150602768446279,6.939253946041508,7.666221925662725,1.0,0.007824074074074074,1.3149532710280374,20.0,0.35332708528584816,0
meteor/meteor,2013-11-12,6.042632833682381,7.305860032684009,7.832014180505469,1.0,0.053703703703703705,1.0003960396039604,22.0,0.3370385073441842,0
meteor/meteor,2014-02-10,5.993961427306569,7.242082359256962,7.9672801789422,1.0,0.050763888888888886,0.8325259515570934,35.0,0.2895284327323162,0
meteor/meteor,2014-05-11,6.180016653652572,7.363913501405819,7.9976631270201,1.0,0.5653703703703704,0.972809667673716,39.0,0.22435250588631012,0
meteor/meteor,2014-08-09,6.238324625039508,7.480992162869525,8.11701408773731,1.0,0.054050925925925926,0.9153754469606674,39.0,0.20298507462686566,0
meteor/meteor,2014-11-07,7.126087273299125,8.136810863675537,8.55468163582723,1.0,0.10251157407407407,1.4364896073903002,60.0,0.1631984585741811,0
meteor/meteor,2015-02-05,6.910750787961936,7.682943169878292,8.628376720376853,1.0,0.035590277777777776,1.0759878419452888,58.0,0.20583497404689458,0
meteor/meteor,2015-05-06,5.66988092298052,7.271703706887368,8.19118600464279,1.0,0.08452546296296297,0.4814609850581073,64.0,0.2020509977827051,0
meteor/meteor,2015-08-04,6.230481447578482,7.009408932708637,7.841885928984623,1.0,0.012986111111111111,1.1952941176470588,59.0,0.1690251572327044,0
meteor/meteor,2015-11-02,5.6937321388027,7.01211529430638,7.703459047867175,1.0,0.04622685185185185,0.8023412877082395,64.0,0.18645598194130925,0
meteor/meteor,2016-01-31,5.886104031450156,7.035268599281097,7.716460800176355,1.0,0.07335648148148148,0.96,70.0,0.2428698752228164,0
meteor/meteor,2016-04-30,6.234410725718371,7.358830898342354,7.902857191280582,1.0,0.032581018518518516,1.1291512915129152,109.0,0.2559171597633136,0
meteor/meteor,2016-07-29,5.84354441703136,7.212294468500341,7.981049759665957,1.0,0.006006944444444444,0.7064846416382253,118.0,0.38885088919288646,0
meteor/meteor,2016-10-27,5.877735781779639,6.625392368007956,7.653969180478774,1.0,0.1508449074074074,1.0132450331125828,78.0,0.45351043643263755,0
meteor/meteor,2017-01-25,4.394449154672439,6.0330862217988015,7.064759027791802,1.0,0.013865740740740741,0.4136170212765957,58.0,0.43627031650983744,0
meteor/meteor,2017-04-25,5.442417710521793,6.582025138892826,7.037027614686276,1.0,0.25907407407407407,1.2125984251968505,57.0,0.3808267370272647,0
meteor/meteor,2017-07-24,5.7430031878094825,6.666956792429207,7.317876198626496,1.0,0.4419212962962963,1.2380952380952381,65.0,0.4296148738379814,0
meteor/meteor,2017-10-22,5.723585101952381,6.715383386334681,7.383989457978509,1.0,0.8904282407407408,1.1368421052631579,48.0,0.4443753884400249,0
meteor/meteor,2018-01-20,4.844187086458591,6.616065185132817,7.359467638255621,1.0,0.0871875,0.48350253807106597,41.0,0.4280254777070064,0
meteor/meteor,2018-04-20,5.214935757608986,6.331501849893691,7.176254532017144,1.0,0.46695601851851853,0.8408225437928408,47.0,0.4070390206579954,0
meteor/meteor,2018-07-19,5.10594547390058,6.257667587882639,6.9874902470009905,1.0,0.20072916666666665,0.9099264705882353,26.0,0.48706099815157117,0
meteor/meteor,2018-10-17,4.48863636973214,6.0063531596017325,6.831953565565855,1.0,0.952037037037037,0.5729613733905579,37.0,0.6263498920086393,0
meteor/meteor,2019-01-15,4.31748811353631,5.438079308923196,6.453624998892692,0.9615384615384616,0.01292824074074074,0.703125,30.0,0.613564668769716,0
meteor/meteor,2019-04-15,4.672828834461906,5.278114659230517,6.052089168924417,0.9615384615384616,0.31979166666666664,1.4930232558139533,27.0,0.5801886792452831,0
meteor/meteor,2019-07-14,5.389071729816501,5.768320995793772,6.244166900663736,0.9615384615384616,5.234907407407407,2.526923076923077,16.0,0.6614785992217899,0
meteor/meteor,2019-10-12,4.0943445622221,5.117993812416755,6.186208623900494,0.8846153846153846,0.18123842592592593,0.7331975560081467,24.0,0.6762886597938145,0
meteor/meteor,2020-01-10,4.852030263919617,5.707110264748875,6.1463292576688975,0.9615384615384616,0.9579513888888889,1.6271186440677965,29.0,0.4592274678111588,0
meteor/meteor,2020-04-09,4.663439094112067,5.793013608384144,6.4425401664681985,1.0,1.2895486111111112,1.004739336492891,40.0,0.30462519936204147,0
meteor/meteor,2020-07-08,3.8918202981106265,5.1647859739235145,6.218600119691729,1.0,1.3267708333333332,0.5798816568047337,34.0,0.26746506986027946,0
meteor/meteor,2020-10-06,4.859812404361672,5.351858133476067,5.953243334287785,1.0,0.3771759259259259,1.9846153846153847,27.0,0.28125,0
meteor/meteor,2021-01-04,3.1780538303479458,5.087596335232384,5.918893854273146,1.0,5.4295023148148145,0.3819628647214854,24.0,0.31536388140161725,0
meteor/meteor,2021-04-04,4.276666119016055,5.560681631015528,6.042632833682381,1.0,0.28401620370370373,1.0140845070422535,22.0,0.4738095238095238,0
meteor/meteor,2021-07-03,5.087596335232384,6.1675164908883415,6.601230118728877,1.0,0.4716087962962963,1.311740890688259,28.0,0.3659863945578231,0
meteor/meteor,2021-10-01,5.225746673713202,6.297109319933935,6.926577033222725,1.0,0.1247800925925926,1.08984375,25.0,0.5550098231827112,0
meteor/meteor,2021-12-30,4.442651256490317,6.118097198041348,6.903747257584598,1.0,0.4742824074074074,0.5094905094905094,24.0,0.4562814070351759,0
meteor/meteor,2022-03-30,4.07753744390572,5.926926025970411,6.71901315438526,1.0,0.4072453703703704,0.42496998799519803,20.0,0.32285368802902054,0
meteor/meteor,2022-06-28,3.4657359027997265,4.7535901911063645,6.194405391104672,1.0,3.393877314814815,0.3878787878787879,15.0,0.3006134969325153,0
meteor/meteor,2022-09-26,4.532599493153256,5.796057750765372,6.095824562432225,1.0,3.2145949074074074,1.2427616926503342,20.0,0.21896162528216703,0
meteor/meteor,2022-12-25,5.7899601708972535,6.480044561926653,6.887552571664617,1.0,1.1602430555555556,1.9918781725888326,35.0,0.3472931562819203,0
meteor/meteor,2023-03-25,5.062595033026967,6.561030665896573,7.213768308118642,1.0,0.2514814814814815,0.6955245781364637,27.0,0.5165806927044952,0
meteor/meteor,2023-06-23,4.663439094112067,6.29156913955832,7.1276936993473985,1.0,0.3518981481481481,0.5083932853717026,27.0,0.491566265060241,0
meteor/meteor,2023-09-21,4.941642422609304,6.0330862217988015,6.862757913051401,1.0,0.2747222222222222,0.8740894901144641,29.0,0.2607329842931937,0
meteor/meteor,2023-12-20,5.147494476813453,6.126869184114185,6.773080375655535,1.0,0.18320601851851853,1.174061433447099,36.0,0.44215349369988544,0
meteor/meteor,2024-03-19,5.241747015059643,6.0844994130751715,6.79794041297493,1.0,0.27023148148148146,1.258601553829079,26.0,0.47039106145251397,0
meteor/meteor,2024-06-17,5.075173815233827,6.040254711277414,6.754604099487962,1.0,1.8155787037037037,1.112398609501738,20.0,0.33022170361726955,0
meteor/meteor,2024-09-15,5.19295685089021,6.135564891081739,6.78105762593618,1.0,1.3200347222222222,1.2189616252821671,24.0,0.35113636363636364,0
meteor/meteor,2024-12-14,5.111987788356544,6.437751649736401,6.990256500493881,1.0,0.2657407407407407,0.9129239230064161,26.0,0.31244239631336407,0
meteor/meteor,2025-03-14,4.343805421853684,5.37989735354046,6.734591659972948,1.0,2.738587962962963,0.5460992907801419,20.0,0.2869047619047619,0
meteor/meteor,2025-06-12,5.003946305945459,6.0867747269123065,6.486160788944089,1.0,0.5080092592592592,1.3524962178517397,17.0,0.6305343511450382,0
meteor/meteor,2025-09-10,5.631211781821365,6.499787040655854,7.00669522683704,1.0,0.4694675925925926,1.509467989179441,17.0,0.586582048957389,0
meteor/meteor,2025-12-09,5.337538079701318,6.20455776256869,7.055312843339752,1.0,0.27402777777777776,1.0721649484536082,28.0,0.5587219343696027,0
meteor/meteor,2026-03-09,5.351858133476067,6.018593214496234,6.807934943699926,0.9615384615384616,0.5264351851851852,1.3912087912087914,27.0,0.584070796460177,0
mobxjs/mobx,2016-03-13,4.1588830833596715,4.983606621708336,5.739792912179234,1.0,0.5180208333333334,1.2151898734177216,11.0,0.8354838709677419,0
mobxjs/mobx,2016-06-11,4.04305126783455,4.90527477843843,5.634789603169249,1.0,0.5572106481481481,1.2,20.0,0.8602150537634409,0
mobxjs/mobx,2016-09-09,3.9512437185814275,5.062595033026967,5.676753802268282,0.9615384615384616,4.508969907407407,1.0505050505050506,18.0,0.7353951890034365,0
mobxjs/mobx,2016-12-08,3.784189633918261,4.51085950651685,5.5134287461649825,1.0,1.2780439814814815,1.0434782608695652,16.0,0.6923076923076923,0
mobxjs/mobx,2017-03-08,3.4965075614664802,5.030437921392435,5.493061443340548,0.9230769230769231,0.16645833333333335,0.7983870967741935,31.0,0.6900826446280992,0
mobxjs/mobx,2017-06-06,3.367295829986474,4.624972813284271,5.537334267018537,0.8846153846153846,2.611828703703704,0.6718146718146718,17.0,0.5059288537549407,0
mobxjs/mobx,2017-09-04,2.4849066497880004,4.406719247264253,5.209486152841421,0.8461538461538461,3.098101851851852,0.3829787234042553,21.0,0.2857142857142857,0
mobxjs/mobx,2017-12-03,3.091042453358316,3.8066624897703196,4.836281906951478,0.9230769230769231,3.780648148148148,1.0076335877862597,13.0,0.36,0
mobxjs/mobx,2018-03-03,4.859812404361672,5.147494476813453,5.375278407684165,0.7307692307692307,0.8294675925925926,3.502262443438914,12.0,0.8046511627906977,0
mobxjs/mobx,2018-06-01,4.060443010546419,5.3230099791384085,5.929589143389895,0.9230769230769231,4.257650462962963,0.9133858267716536,22.0,0.8666666666666667,0
mobxjs/mobx,2018-08-30,3.258096538021482,4.343805421853684,5.638354669333745,0.8846153846153846,3.2224537037037035,0.5454545454545455,13.0,0.8285714285714286,0
mobxjs/mobx,2018-11-28,2.4849066497880004,4.394449154672439,5.056245805348308,0.6923076923076923,21.955925925925925,0.4444444444444444,16.0,0.6987179487179487,0
mobxjs/mobx,2019-02-26,2.70805020110221,4.584967478670572,5.181783550292085,0.7692307692307693,8.95568287037037,0.4918032786885246,12.0,0.632768361581921,0
mobxjs/mobx,2019-05-27,2.302585092994046,3.4965075614664802,4.867534450455582,0.7307692307692307,3.7585185185185184,0.4444444444444444,14.0,0.5426356589147286,0
mobxjs/mobx,2019-08-25,3.2188758248682006,4.2626798770413155,4.634728988229636,0.9230769230769231,5.924178240740741,1.3888888888888888,21.0,0.2549019607843137,0
mobxjs/mobx,2019-11-23,3.332204510175204,4.477336814478207,5.062595033026967,0.9230769230769231,0.04043981481481482,1.030674846625767,28.0,0.15286624203821655,0
mobxjs/mobx,2020-02-21,3.2188758248682006,3.9889840465642745,4.948759890378168,0.8076923076923077,1.7997222222222222,1.0273972602739727,21.0,0.16428571428571428,0
mobxjs/mobx,2020-05-21,3.044522437723423,4.418840607796598,4.912654885736052,0.8461538461538461,9.693993055555556,0.8936170212765957,20.0,0.4962962962962963,0
mobxjs/mobx,2020-08-19,3.6888794541139363,5.351858133476067,5.680172609017068,0.9615384615384616,1.1656018518518518,0.8053691275167786,15.0,0.4246575342465753,0
mobxjs/mobx,2020-11-17,3.6635616461296463,4.795790545596741,5.802118375377063,0.9615384615384616,1.935,0.6964285714285714,32.0,0.3393939393939394,0
mobxjs/mobx,2021-02-15,3.332204510175204,3.713572066704308,5.081404364984463,0.8461538461538461,0.7258564814814815,1.0120481927710843,18.0,0.29375,0
mobxjs/mobx,2021-05-16,1.9459101490553132,3.1780538303479458,4.1588830833596715,0.6923076923076923,5.782986111111111,0.6086956521739131,12.0,0.2698412698412698,0
mobxjs/mobx,2021-08-14,2.1972245773362196,3.332204510175204,3.9318256327243257,0.8076923076923077,2.2061689814814813,0.9642857142857142,17.0,0.16,0
mobxjs/mobx,2021-11-12,2.772588722239781,3.332204510175204,4.007333185232471,0.7307692307692307,1.7976967592592592,1.6,11.0,0.2777777777777778,0
mobxjs/mobx,2022-02-10,1.3862943611198906,3.2188758248682006,3.9512437185814275,0.6153846153846154,14.735405092592593,0.42105263157894735,11.0,0.4117647058823529,0
mobxjs/mobx,2022-05-11,2.5649493574615367,3.4339872044851463,4.007333185232471,0.7307692307692307,5.237152777777778,1.3,12.0,0.2777777777777778,0
mobxjs/mobx,2022-08-09,2.302585092994046,3.1354942159291497,3.970291913552122,0.7692307692307693,0.8942592592592593,1.0344827586206897,14.0,0.19230769230769232,0
mobxjs/mobx,2022-11-07,1.9459101490553132,2.3978952727983707,3.4965075614664802,0.5769230769230769,2.3388194444444443,1.105263157894737,8.0,0.15625,0
mobxjs/mobx,2023-02-05,3.5263605246161616,3.8501476017100584,4.04305126783455,0.5384615384615384,4.029143518518518,3.290322580645161,7.0,0.39285714285714285,0
mobxjs/mobx,2023-05-06,0.6931471805599453,3.295836866004329,4.290459441148391,0.6923076923076923,28.775335648148147,0.15384615384615385,11.0,0.3333333333333333,0
mobxjs/mobx,2023-08-04,2.6390573296152584,3.332204510175204,3.9889840465642745,0.5769230769230769,10.809467592592593,1.423728813559322,10.0,0.37735849056603776,0
mobxjs/mobx,2023-11-02,2.5649493574615367,3.4011973816621555,4.04305126783455,0.5384615384615384,0.07564814814814814,1.2580645161290323,7.0,0.4107142857142857,0
mobxjs/mobx,2024-01-31,1.6094379124341003,3.258096538021482,4.007333185232471,0.5,3.3280671296296296,0.5,8.0,0.5555555555555556,0
mobxjs/mobx,2024-04-30,1.6094379124341003,2.6390573296152584,3.6635616461296463,0.46153846153846156,2.9747569444444446,0.6818181818181819,9.0,0.47368421052631576,0
mobxjs/mobx,2024-07-29,2.3978952727983707,2.833213344056216,3.4011973816621555,0.5384615384615384,4.7882291666666665,1.885714285714286,8.0,0.3793103448275862,0
mobxjs/mobx,2024-10-27,2.4849066497880004,2.70805020110221,3.4339872044851463,0.46153846153846156,6.224525462962963,2.0,10.0,0.2,0
mobxjs/mobx,2025-01-25,0.0,0.6931471805599453,2.772588722239781,0.23076923076923078,44.75201388888889,0.2857142857142857,1.0,0.2,0
mobxjs/mobx,2025-04-25,1.9459101490553132,2.9444389791664403,2.995732273553991,0.2692307692307692,17.777199074074073,1.6800000000000002,12.0,0.15789473684210525,0
mobxjs/mobx,2025-07-24,0.0,1.9459101490553132,3.2188758248682006,0.34615384615384615,38.77390046296296,0.2,4.0,0.16666666666666666,0
mobxjs/mobx,2025-10-22,2.0794415416798357,2.3978952727983707,2.833213344056216,0.2692307692307692,0.33596064814814813,2.181818181818182,5.0,0.4375,0
mobxjs/mobx,2026-01-20,1.0986122886681098,1.3862943611198906,2.6390573296152584,0.2692307692307692,15.912395833333333,0.9473684210526316,3.0,0.3076923076923077,0
mochajs/mocha,2012-08-28,3.1354942159291497,4.787491742782046,5.556828061699537,1.0,3.254212962962963,0.5227272727272727,23.0,0.7093023255813954,0
mochajs/mocha,2012-11-26,3.4657359027997265,4.770684624465665,5.4680601411351315,1.0,2.424166666666667,0.793388429752066,29.0,0.6991525423728814,0
mochajs/mocha,2013-02-24,2.1972245773362196,3.871201010907891,5.10594547390058,0.8461538461538461,2.4201157407407408,0.31764705882352945,18.0,0.5914634146341463,0
mochajs/mocha,2013-05-25,3.1780538303479458,4.110873864173311,4.68213122712422,0.8846153846153846,0.8995486111111111,1.2743362831858407,24.0,0.4672897196261682,0
mochajs/mocha,2013-08-23,2.1972245773362196,3.6109179126442243,4.574710978503383,0.9230769230769231,10.177777777777777,0.5294117647058824,18.0,0.3854166666666667,0
mochajs/mocha,2013-11-21,3.091042453358316,4.1588830833596715,4.605170185988092,0.9230769230769231,1.602986111111111,1.2571428571428571,22.0,0.1717171717171717,0
mochajs/mocha,2014-02-19,1.6094379124341003,3.9889840465642745,4.762173934797756,0.8461538461538461,15.982268518518518,0.24590163934426232,16.0,0.39655172413793105,0
mochajs/mocha,2014-05-20,2.70805020110221,3.7612001156935624,4.564348191467836,0.8461538461538461,0.4231712962962963,0.891089108910891,23.0,0.4421052631578947,0
mochajs/mocha,2014-08-18,3.4011973816621555,4.04305126783455,4.59511985013459,0.8846153846153846,3.0299189814814813,1.7307692307692308,21.0,0.3469387755102041,0
mochajs/mocha,2014-11-16,3.4339872044851463,4.477336814478207,4.969813299576001,1.0,4.496793981481481,1.2483221476510067,21.0,0.34265734265734266,0
mochajs/mocha,2015-02-14,2.772588722239781,3.970291913552122,4.941642422609304,0.9615384615384616,3.412199074074074,0.6620689655172414,28.0,0.3669064748201439,0
mochajs/mocha,2015-05-15,2.5649493574615367,4.1588830833596715,4.7535901911063645,0.9615384615384616,0.2464236111111111,0.6446280991735537,26.0,0.17391304347826086,0
mochajs/mocha,2015-08-13,2.302585092994046,4.174387269895637,4.852030263919617,0.9230769230769231,1.2211689814814815,0.45112781954887216,29.0,0.12598425196850394,0
mochajs/mocha,2015-11-11,1.791759469228055,3.6888794541139363,4.6443908991413725,0.8076923076923077,8.360590277777778,0.33027522935779813,15.0,0.1553398058252427,0
mochajs/mocha,2016-02-09,3.5263605246161616,4.174387269895637,4.6443908991413725,0.8846153846153846,1.6891203703703703,1.8715596330275228,31.0,0.2524271844660194,0
mochajs/mocha,2016-05-09,3.1354942159291497,3.6888794541139363,4.6443908991413725,0.8846153846153846,5.321481481481482,1.2660550458715596,21.0,0.2524271844660194,0
mochajs/mocha,2016-08-07,4.174387269895637,5.236441962829949,5.424950017481403,0.9615384615384616,1.3859143518518517,1.6810344827586208,24.0,0.6946902654867256,0
mochajs/mocha,2016-11-05,3.258096538021482,4.060443010546419,5.501258210544727,0.9230769230769231,0.47597222222222224,0.624,16.0,0.7704918032786885,0
mochajs/mocha,2017-02-03,3.58351893845611,4.110873864173311,4.770684624465665,0.8846153846153846,0.35844907407407406,1.7560975609756098,21.0,0.49572649572649574,0
mochajs/mocha,2017-05-04,2.302585092994046,3.4011973816621555,4.499809670330265,0.6923076923076923,8.99925925925926,0.631578947368421,10.0,0.3146067415730337,0
mochajs/mocha,2017-08-02,2.6390573296152584,3.9318256327243257,4.382026634673881,0.6538461538461539,0.0025810185185185185,0.9882352941176471,14.0,0.25316455696202533,0
mochajs/mocha,2017-10-31,3.367295829986474,4.48863636973214,4.9344739331306915,0.8461538461538461,4.081932870370371,1.2083333333333333,21.0,0.5652173913043478,0
mochajs/mocha,2018-01-29,3.5263605246161616,4.709530201312334,5.293304824724492,0.8846153846153846,0.23626157407407408,1.0,27.0,0.494949494949495,0
mochajs/mocha,2018-04-29,4.219507705176107,4.770684624465665,5.429345628954441,0.9615384615384616,1.181898148148148,1.7510729613733904,18.0,0.5198237885462555,0
mochajs/mocha,2018-07-28,1.3862943611198906,4.110873864173311,5.181783550292085,0.8846153846153846,4.833425925925926,0.13114754098360656,9.0,0.5536723163841808,0
mochajs/mocha,2018-10-26,2.0794415416798357,2.5649493574615367,4.290459441148391,0.6538461538461539,1.349375,0.6153846153846154,8.0,0.3472222222222222,0
mochajs/mocha,2019-01-24,3.5263605246161616,4.465908118654584,4.59511985013459,0.6923076923076923,0.2104513888888889,1.9615384615384617,19.0,0.4489795918367347,0
mochajs/mocha,2019-04-24,3.2188758248682006,4.584967478670572,5.214935757608986,0.9615384615384616,1.2227777777777777,0.7936507936507936,26.0,0.453551912568306,0
mochajs/mocha,2019-07-23,2.6390573296152584,3.6635616461296463,4.912654885736052,0.9230769230769231,0.5356597222222222,0.5957446808510638,17.0,0.3333333333333333,0
mochajs/mocha,2019-10-21,3.332204510175204,3.8918202981106265,4.465908118654584,0.8846153846153846,1.423101851851852,1.826086956521739,13.0,0.2558139534883721,0
mochajs/mocha,2020-01-19,2.6390573296152584,3.4339872044851463,4.3694478524670215,0.8076923076923077,7.633680555555555,1.0,16.0,0.34615384615384615,0
mochajs/mocha,2020-04-18,2.0794415416798357,3.6109179126442243,4.204692619390966,0.7307692307692307,13.710659722222223,0.6666666666666666,11.0,0.36363636363636365,0
mochajs/mocha,2020-07-17,2.995732273553991,4.762173934797756,5.030437921392435,0.8461538461538461,6.1272569444444445,0.759493670886076,20.0,0.4276315789473684,0
mochajs/mocha,2020-10-15,2.9444389791664403,4.04305126783455,5.153291594497779,1.0,0.1760648148148148,0.6404494382022472,18.0,0.5581395348837209,0
mochajs/mocha,2021-01-13,1.3862943611198906,3.367295829986474,4.442651256490317,0.8076923076923077,1.6033449074074073,0.26666666666666666,8.0,0.6428571428571429,0
mochajs/mocha,2021-04-13,2.0794415416798357,3.4011973816621555,4.060443010546419,0.7307692307692307,8.6834375,0.7619047619047619,12.0,0.3508771929824561,0
mochajs/mocha,2021-07-12,2.302585092994046,3.367295829986474,4.060443010546419,0.7692307692307693,8.79613425925926,0.9523809523809523,8.0,0.3684210526315789,0
mochajs/mocha,2021-10-10,2.302585092994046,3.4657359027997265,4.0943445622221,0.8461538461538461,6.468784722222222,0.923076923076923,9.0,0.576271186440678,0
mochajs/mocha,2022-01-08,0.6931471805599453,2.1972245773362196,3.6888794541139363,0.6153846153846154,4.417893518518518,0.26666666666666666,3.0,0.6923076923076923,0
mochajs/mocha,2022-04-08,2.6390573296152584,3.4011973816621555,3.6375861597263857,0.5769230769230769,3.4588425925925925,1.9534883720930232,6.0,0.7567567567567568,0
mochajs/mocha,2022-07-07,0.0,2.4849066497880004,3.713572066704308,0.5769230769230769,66.93013888888889,0.13043478260869565,4.0,0.75,0
mochajs/mocha,2022-10-05,1.0986122886681098,1.9459101490553132,2.8903717578961645,0.34615384615384615,7.382743055555555,0.7826086956521738,5.0,0.47058823529411764,0
mochajs/mocha,2023-01-03,1.3862943611198906,2.3978952727983707,2.833213344056216,0.4230769230769231,22.550729166666667,1.090909090909091,5.0,0.3125,0
mochajs/mocha,2023-04-03,1.0986122886681098,1.3862943611198906,2.6390573296152584,0.3076923076923077,3.306388888888889,0.9473684210526316,3.0,0.46153846153846156,1
mochajs/mocha,2023-12-29,1.791759469228055,2.4849066497880004,2.4849066497880004,0.19230769230769232,1.9130902777777778,2.1176470588235294,5.0,0.45454545454545453,0
mochajs/mocha,2024-03-28,2.4849066497880004,3.295836866004329,3.6375861597263857,0.5,0.6292824074074074,1.6744186046511627,8.0,0.4864864864864865,0
mochajs/mocha,2024-06-26,2.4849066497880004,2.6390573296152584,3.6888794541139363,0.5384615384615384,0.8699074074074075,1.6,7.0,0.5384615384615384,0
mochajs/mocha,2024-09-24,1.0986122886681098,3.6375861597263857,3.9318256327243257,0.46153846153846156,12.068402777777777,0.3214285714285714,7.0,0.52,0
mochajs/mocha,2024-12-23,1.9459101490553132,3.1354942159291497,4.0943445622221,0.5769230769230769,13.529259259259259,0.6461538461538461,13.0,0.423728813559322,0
mochajs/mocha,2025-03-23,1.6094379124341003,2.3978952727983707,3.4965075614664802,0.4230769230769231,1.4859722222222222,0.7894736842105263,5.0,0.28125,0
mochajs/mocha,2025-06-21,1.3862943611198906,2.9444389791664403,3.367295829986474,0.4230769230769231,3.0687847222222224,0.7058823529411764,6.0,0.5,0
mochajs/mocha,2025-09-19,2.70805020110221,3.6109179126442243,4.007333185232471,0.7307692307692307,11.351284722222223,1.5,8.0,0.3148148148148148,0
mochajs/mocha,2025-12-18,2.6390573296152584,3.58351893845611,4.276666119016055,0.7692307692307693,1.9323958333333333,1.0909090909090908,13.0,0.352112676056338,0
mochajs/mocha,2026-03-18,2.995732273553991,4.23410650459726,4.6443908991413725,0.8076923076923077,12.55324074074074,1.1009174311926604,18.0,0.27184466019417475,0
moment/moment,2012-02-29,3.8501476017100584,5.003946305945459,5.680172609017068,0.9230769230769231,0.38190972222222225,0.9463087248322148,17.0,0.702054794520548,0
moment/moment,2012-05-29,3.7612001156935624,4.859812404361672,5.6240175061873385,0.9615384615384616,1.245613425925926,0.9148936170212766,17.0,0.6630434782608695,0
moment/moment,2012-08-27,2.833213344056216,4.248495242049359,5.288267030694535,0.9230769230769231,6.1978587962962965,0.5024630541871921,18.0,0.583756345177665,0
moment/moment,2012-11-25,4.442651256490317,4.969813299576001,5.3612921657094255,0.9230769230769231,8.355960648148148,2.3394495412844036,18.0,0.660377358490566,0
moment/moment,2013-02-23,4.07753744390572,4.672828834461906,5.521460917862246,0.8076923076923077,0.18358796296296295,1.388235294117647,20.0,0.6144578313253012,0
moment/moment,2013-05-24,3.8918202981106265,4.6913478822291435,5.3706380281276624,0.9230769230769231,0.31657407407407406,1.3363636363636364,22.0,0.3177570093457944,0
moment/moment,2013-08-22,4.007333185232471,4.74493212836325,5.407171771460119,1.0,1.7421875,1.4473684210526316,26.0,0.21621621621621623,0
moment/moment,2013-11-20,3.6888794541139363,5.3612921657094255,5.7899601708972535,1.0,0.14655092592592592,0.7228915662650602,45.0,0.21779141104294478,0
moment/moment,2014-02-18,3.258096538021482,4.983606621708336,5.8805329864007,1.0,6.545208333333333,0.4297520661157025,37.0,0.27450980392156865,0
moment/moment,2014-05-19,3.6375861597263857,4.564348191467836,5.484796933490655,0.9615384615384616,2.8223842592592594,0.926829268292683,22.0,0.4083333333333333,0
moment/moment,2014-08-17,3.970291913552122,4.605170185988092,5.272999558563747,0.9230769230769231,3.3874421296296298,1.5899999999999999,25.0,0.41237113402061853,0
moment/moment,2014-11-15,3.091042453358316,4.454347296253507,5.220355825078324,0.9615384615384616,3.9244791666666665,0.6947368421052631,22.0,0.3858695652173913,0
moment/moment,2015-02-13,2.70805020110221,4.30406509320417,5.0689042022202315,0.9615384615384616,8.667777777777777,0.5487804878048781,13.0,0.5316455696202531,0
moment/moment,2015-05-14,3.9512437185814275,4.634728988229636,5.170483995038151,0.8076923076923077,0.4441087962962963,1.723756906077348,18.0,0.6571428571428571,0
moment/moment,2015-08-12,3.4339872044851463,4.330733340286331,5.181783550292085,0.8846153846153846,1.0032175925925926,1.0163934426229508,32.0,0.5423728813559322,0
moment/moment,2015-11-10,3.6109179126442243,4.406719247264253,5.056245805348308,0.9615384615384616,0.708599537037037,1.3703703703703705,30.0,0.358974358974359,0
moment/moment,2016-02-08,3.332204510175204,4.6913478822291435,5.247024072160486,0.9615384615384616,0.9995717592592592,0.8615384615384616,30.0,0.3915343915343915,0
moment/moment,2016-05-08,3.5553480614894135,4.465908118654584,5.272999558563747,0.8846153846153846,7.947650462962963,1.0499999999999998,35.0,0.37628865979381443,0
moment/moment,2016-08-06,2.8903717578961645,4.406719247264253,5.123963979403259,1.0,0.7781134259259259,0.6242774566473989,37.0,0.3413173652694611,0
moment/moment,2016-11-04,3.784189633918261,4.5217885770490405,5.153291594497779,0.9615384615384616,0.29814814814814816,1.4831460674157302,32.0,0.4011627906976744,0
moment/moment,2017-02-02,2.995732273553991,4.418840607796598,5.159055299214529,0.9615384615384616,1.6589814814814814,0.670391061452514,25.0,0.3872832369942196,0
moment/moment,2017-05-03,2.4849066497880004,4.875197323201151,5.3612921657094255,0.9615384615384616,4.464444444444444,0.33027522935779813,34.0,0.2028301886792453,0
moment/moment,2017-08-01,2.6390573296152584,3.4965075614664802,5.093750200806762,1.0,0.34577546296296297,0.5,15.0,0.14814814814814814,0
moment/moment,2017-10-30,2.8903717578961645,3.9889840465642745,4.454347296253507,0.7692307692307693,10.159976851851852,1.1868131868131868,15.0,0.32941176470588235,0
moment/moment,2018-01-28,0.0,3.6635616461296463,4.5217885770490405,0.5,30.180138888888887,0.06185567010309279,18.0,0.3076923076923077,0
moment/moment,2018-04-28,3.044522437723423,3.8918202981106265,4.465908118654584,0.5384615384615384,3.122453703703704,1.3695652173913042,30.0,0.3372093023255814,0
moment/moment,2018-07-27,1.0986122886681098,2.3978952727983707,4.07753744390572,0.4230769230769231,1.4075810185185185,0.28125,6.0,0.3448275862068966,0
moment/moment,2018-10-25,1.6094379124341003,1.791759469228055,2.772588722239781,0.3076923076923077,1.7744791666666666,1.4285714285714286,5.0,0.26666666666666666,0
moment/moment,2019-01-23,3.332204510175204,3.8918202981106265,3.9889840465642745,0.3076923076923077,0.08883101851851852,2.847457627118644,26.0,0.2830188679245283,0
moment/moment,2019-04-23,1.0986122886681098,2.1972245773362196,4.04305126783455,0.4230769230769231,9.246412037037038,0.29032258064516125,8.0,0.2857142857142857,0
moment/moment,2019-07-22,1.0986122886681098,2.0794415416798357,2.772588722239781,0.4230769230769231,28.60266203703704,0.8571428571428571,6.0,0.13333333333333333,0
moment/moment,2019-10-20,0.6931471805599453,1.3862943611198906,2.3978952727983707,0.2692307692307692,2.842696759259259,0.7499999999999999,2.0,0.2,0
moment/moment,2020-01-18,1.0986122886681098,2.0794415416798357,2.3978952727983707,0.2692307692307692,12.372905092592593,1.1249999999999998,6.0,0.2,0
moment/moment,2020-04-17,0.0,0.6931471805599453,2.1972245773362196,0.23076923076923078,31.583182870370372,0.4285714285714286,1.0,0.25,0
moment/moment,2020-07-16,2.6390573296152584,4.997212273764115,5.003946305945459,0.38461538461538464,7.199525462962963,0.5454545454545454,57.0,0.39864864864864863,0
moment/moment,2020-10-14,3.4339872044851463,3.6635616461296463,5.225746673713202,0.5384615384615384,5.370520833333333,0.9738219895287958,27.0,0.31891891891891894,0
moment/moment,2021-01-12,0.6931471805599453,2.1972245773362196,3.8501476017100584,0.4230769230769231,21.534479166666667,0.23076923076923073,7.0,0.2608695652173913,0
moment/moment,2021-04-12,0.0,1.3862943611198906,2.4849066497880004,0.2692307692307692,49.90027777777778,0.35294117647058826,3.0,0.18181818181818182,1
moment/moment,2022-01-07,0.0,2.5649493574615367,2.5649493574615367,0.038461538461538464,71.17998842592593,0.3333333333333333,1.0,1.0,0
moment/moment,2022-04-07,1.9459101490553132,1.9459101490553132,2.9444389791664403,0.11538461538461539,3.5702199074074072,1.75,1.0,0.6666666666666666,0
moment/moment,2022-07-06,0.0,1.9459101490553132,2.5649493574615367,0.11538461538461539,79.35268518518518,0.3333333333333333,3.0,0.8333333333333334,0
moment/moment,2022-10-04,0.0,1.9459101490553132,2.5649493574615367,0.07692307692307693,89.45364583333334,0.3333333333333333,2.0,0.6666666666666666,0
moment/moment,2023-01-02,0.0,1.0986122886681098,2.1972245773362196,0.11538461538461539,48.91185185185185,0.4285714285714286,2.0,0.5,0
moment/moment,2023-04-02,0.0,1.0986122886681098,1.6094379124341003,0.15384615384615385,38.615451388888886,0.6000000000000001,2.0,0.5,0
moment/moment,2023-07-01,0.0,0.6931471805599453,1.3862943611198906,0.11538461538461539,54.23399305555556,0.6666666666666666,1.0,0.3333333333333333,0
moment/moment,2023-09-29,0.6931471805599453,1.0986122886681098,1.3862943611198906,0.07692307692307693,28.792673611111113,1.3333333333333333,1.0,0.6666666666666666,0
moment/moment,2023-12-28,3.295836866004329,3.295836866004329,3.367295829986474,0.15384615384615385,0.6791435185185185,4.764705882352941,2.0,0.8928571428571429,0
moment/moment,2024-03-27,0.0,1.3862943611198906,3.4011973816621555,0.19230769230769232,37.59549768518519,0.17142857142857143,2.0,0.9310344827586207,1
necolas/normalize.css,2012-04-20,0.6931471805599453,3.58351893845611,3.8501476017100584,0.46153846153846156,9.727604166666667,0.23076923076923073,2.0,0.8695652173913043,0
necolas/normalize.css,2012-07-19,1.6094379124341003,1.9459101490553132,3.7376696182833684,0.4230769230769231,10.738784722222222,0.6382978723404256,1.0,0.8536585365853658,0
necolas/normalize.css,2012-10-17,1.0986122886681098,3.1780538303479458,3.4011973816621555,0.3076923076923077,1.758587962962963,0.5142857142857143,3.0,0.9310344827586207,0
necolas/normalize.css,2013-01-15,1.791759469228055,2.8903717578961645,3.713572066704308,0.4230769230769231,0.47922453703703705,0.7826086956521738,2.0,0.9,0
necolas/normalize.css,2013-04-15,3.367295829986474,3.8918202981106265,4.189654742026425,0.3076923076923077,7.573321759259259,2.4507042253521125,2.0,0.9538461538461539,0
necolas/normalize.css,2013-07-14,1.0986122886681098,2.995732273553991,4.219507705176107,0.38461538461538464,12.397291666666666,0.24657534246575344,2.0,0.9701492537313433,0
necolas/normalize.css,2013-10-12,0.0,2.772588722239781,3.5553480614894135,0.38461538461538464,43.605497685185185,0.15,3.0,0.9117647058823529,0
necolas/normalize.css,2014-01-10,0.6931471805599453,0.6931471805599453,2.833213344056216,0.19230769230769232,28.04900462962963,0.5454545454545455,1.0,0.8125,0
necolas/normalize.css,2014-04-10,1.791759469228055,3.6109179126442243,3.6375861597263857,0.23076923076923078,14.467349537037038,0.8372093023255813,4.0,0.8918918918918919,0
necolas/normalize.css,2014-07-09,0.6931471805599453,1.0986122886681098,3.6635616461296463,0.3076923076923077,27.782268518518517,0.27272727272727276,2.0,0.868421052631579,0
necolas/normalize.css,2014-10-07,1.9459101490553132,2.0794415416798357,2.302585092994046,0.15384615384615385,2.8626620370370373,2.8,1.0,0.7777777777777778,0
necolas/normalize.css,2015-01-05,0.0,1.0986122886681098,2.302585092994046,0.15384615384615385,35.47913194444445,0.4,2.0,0.7777777777777778,0
necolas/normalize.css,2015-04-05,2.302585092994046,2.302585092994046,2.4849066497880004,0.19230769230769232,3.4164351851851853,3.5294117647058827,3.0,0.6363636363636364,0
necolas/normalize.css,2015-10-02,0.0,0.6931471805599453,0.6931471805599453,0.038461538461538464,47.626608796296296,0.8571428571428571,1.0,1.0,0
necolas/normalize.css,2015-12-31,1.0986122886681098,1.3862943611198906,1.6094379124341003,0.15384615384615385,10.981608796296296,1.8000000000000003,3.0,0.25,0
necolas/normalize.css,2016-03-30,3.258096538021482,3.7612001156935624,3.828641396489095,0.34615384615384615,3.9780671296296295,3.0588235294117645,11.0,0.4,0
necolas/normalize.css,2016-06-28,1.3862943611198906,2.772588722239781,4.060443010546419,0.46153846153846156,2.9019328703703704,0.38095238095238093,6.0,0.47368421052631576,0
necolas/normalize.css,2016-09-26,0.6931471805599453,2.3978952727983707,3.258096538021482,0.34615384615384615,12.99537037037037,0.3870967741935484,3.0,0.68,0
necolas/normalize.css,2016-12-25,0.0,1.9459101490553132,2.833213344056216,0.2692307692307692,37.36991898148148,0.27272727272727276,4.0,0.6875,0
necolas/normalize.css,2017-06-23,0.6931471805599453,2.8903717578961645,2.8903717578961645,0.15384615384615385,29.098483796296296,0.5217391304347826,9.0,0.29411764705882354,0
necolas/normalize.css,2017-09-21,0.6931471805599453,1.0986122886681098,2.995732273553991,0.23076923076923078,15.251087962962963,0.4800000000000001,2.0,0.2631578947368421,0
necolas/normalize.css,2017-12-20,0.0,0.6931471805599453,1.3862943611198906,0.11538461538461539,62.55854166666666,0.6666666666666666,1.0,0.3333333333333333,0
necolas/normalize.css,2018-03-20,0.0,2.4849066497880004,2.5649493574615367,0.11538461538461539,32.79681712962963,0.3333333333333333,3.0,0.75,1
necolas/normalize.css,2018-12-15,0.0,1.3862943611198906,1.3862943611198906,0.038461538461538464,40.5775,0.6666666666666666,1.0,1.0,1
nose-devs/nose,2007-12-19,0.6931471805599453,3.7612001156935624,4.804021044733257,0.5769230769230769,6.221898148148148,0.09448818897637795,2.0,0.9917355371900827,0
nose-devs/nose,2008-03-18,1.791759469228055,2.772588722239781,4.060443010546419,0.4230769230769231,7.109444444444445,0.5714285714285714,3.0,0.8771929824561403,0
nose-devs/nose,2008-06-16,2.3978952727983707,3.6635616461296463,3.9889840465642745,0.6153846153846154,1.1420601851851853,1.11864406779661,4.0,0.7169811320754716,0
nose-devs/nose,2008-09-14,0.6931471805599453,1.3862943611198906,3.7376696182833684,0.4230769230769231,12.297245370370371,0.25531914893617025,2.0,0.7317073170731707,0
nose-devs/nose,2008-12-13,2.5649493574615367,2.9444389791664403,3.091042453358316,0.34615384615384615,2.253252314814815,2.888888888888889,2.0,0.7619047619047619,0
nose-devs/nose,2009-03-13,2.0794415416798357,2.6390573296152584,3.4657359027997265,0.4230769230769231,16.38230324074074,1.2972972972972971,1.0,0.9032258064516129,0
nose-devs/nose,2009-06-11,2.4849066497880004,4.454347296253507,4.59511985013459,0.38461538461538464,9.052592592592593,0.6923076923076924,4.0,0.6428571428571429,0
nose-devs/nose,2009-09-09,1.0986122886681098,2.1972245773362196,4.543294782270004,0.38461538461538464,14.2990625,0.18181818181818182,2.0,0.6129032258064516,0
nose-devs/nose,2009-12-08,1.3862943611198906,2.3978952727983707,2.9444389791664403,0.3076923076923077,4.497708333333334,1.0,2.0,0.4444444444444444,0
nose-devs/nose,2010-03-08,3.091042453358316,3.5553480614894135,3.8066624897703196,0.34615384615384615,2.2757638888888887,2.6400000000000006,3.0,0.8409090909090909,0
nose-devs/nose,2010-09-04,2.772588722239781,3.1780538303479458,3.1780538303479458,0.11538461538461539,0.4451736111111111,3.3103448275862064,3.0,0.5217391304347826,0
nose-devs/nose,2010-12-03,2.70805020110221,3.044522437723423,3.784189633918261,0.46153846153846156,1.321412037037037,1.8367346938775508,3.0,0.4186046511627907,0
nose-devs/nose,2011-03-03,1.3862943611198906,2.302585092994046,3.4011973816621555,0.46153846153846156,28.149907407407408,0.6857142857142857,3.0,0.4827586206896552,0
nose-devs/nose,2011-06-01,1.791759469228055,3.58351893845611,3.8066624897703196,0.5384615384615384,4.5021875,0.7200000000000001,4.0,0.6136363636363636,0
nose-devs/nose,2011-08-30,1.3862943611198906,4.07753744390572,4.543294782270004,0.5384615384615384,24.487986111111113,0.24242424242424243,4.0,0.7096774193548387,0
nose-devs/nose,2011-11-28,3.1354942159291497,3.295836866004329,4.442651256490317,0.46153846153846156,4.881388888888889,1.5333333333333334,4.0,0.5833333333333334,0
nose-devs/nose,2012-02-26,0.6931471805599453,2.302585092994046,3.58351893845611,0.46153846153846156,13.488495370370371,0.29268292682926833,8.0,0.37142857142857144,0
nose-devs/nose,2012-05-26,2.0794415416798357,2.3978952727983707,2.995732273553991,0.34615384615384615,12.484652777777777,1.9200000000000004,4.0,0.3157894736842105,0
nose-devs/nose,2012-08-24,1.3862943611198906,2.1972245773362196,2.9444389791664403,0.38461538461538464,5.478668981481482,1.0,5.0,0.3333333333333333,0
nose-devs/nose,2012-11-22,1.6094379124341003,3.6375861597263857,3.828641396489095,0.6153846153846154,9.057476851851852,0.5882352941176471,8.0,0.4,0
nose-devs/nose,2013-02-20,2.772588722239781,3.6888794541139363,4.343805421853684,0.6923076923076923,0.5361574074074074,1.1707317073170733,11.0,0.34210526315789475,0
nose-devs/nose,2013-05-21,2.0794415416798357,3.871201010907891,4.465908118654584,0.6923076923076923,9.602118055555556,0.5217391304347826,16.0,0.45348837209302323,0
nose-devs/nose,2013-08-19,2.0794415416798357,2.3978952727983707,4.060443010546419,0.6538461538461539,7.649849537037037,0.7619047619047619,5.0,0.45614035087719296,0
nose-devs/nose,2013-11-17,1.0986122886681098,1.791759469228055,2.772588722239781,0.38461538461538464,20.10880787037037,0.8571428571428571,4.0,0.4666666666666667,0
nose-devs/nose,2014-02-15,1.791759469228055,2.70805020110221,2.995732273553991,0.34615384615384615,0.5194097222222223,1.4400000000000002,5.0,0.5789473684210527,0
nose-devs/nose,2014-05-16,2.772588722239781,3.6635616461296463,3.970291913552122,0.5769230769230769,7.505856481481482,1.6551724137931036,8.0,0.75,0
nose-devs/nose,2014-08-14,1.9459101490553132,2.302585092994046,3.871201010907891,0.5769230769230769,0.7386689814814815,0.7924528301886794,6.0,0.6808510638297872,0
nose-devs/nose,2014-11-12,0.0,1.791759469228055,2.70805020110221,0.34615384615384615,43.2790625,0.3,2.0,0.35714285714285715,0
nose-devs/nose,2015-02-10,1.791759469228055,1.9459101490553132,2.4849066497880004,0.19230769230769232,14.346423611111112,2.1176470588235294,3.0,0.6363636363636364,0
nose-devs/nose,2015-05-11,0.0,2.4849066497880004,2.8903717578961645,0.2692307692307692,36.64247685185185,0.2608695652173913,3.0,0.7058823529411765,0
nose-devs/nose,2015-08-09,0.6931471805599453,1.9459101490553132,2.8903717578961645,0.2692307692307692,9.831423611111111,0.5217391304347826,4.0,0.6470588235294118,0
nose-devs/nose,2015-11-07,1.9459101490553132,2.70805020110221,3.044522437723423,0.46153846153846156,2.2933101851851854,1.6153846153846152,9.0,0.35,0
nose-devs/nose,2016-02-05,1.0986122886681098,2.833213344056216,3.4339872044851463,0.5,4.250092592592592,0.5,7.0,0.3333333333333333,0
nose-devs/nose,2016-05-05,0.0,0.6931471805599453,2.8903717578961645,0.23076923076923078,62.07820601851852,0.2608695652173913,1.0,0.4117647058823529,1
palantir/tslint,2014-07-14,3.1354942159291497,3.784189633918261,4.890349128221754,0.8461538461538461,0.12938657407407408,1.0,10.0,0.30303030303030304,0
palantir/tslint,2014-10-12,2.4849066497880004,3.58351893845611,4.3694478524670215,0.7692307692307693,2.0133564814814813,0.8571428571428571,11.0,0.4230769230769231,0
palantir/tslint,2015-01-10,0.0,4.060443010546419,4.532599493153256,0.6153846153846154,45.94311342592592,0.06122448979591836,8.0,0.5,0
palantir/tslint,2015-04-10,2.302585092994046,4.9344739331306915,5.278114659230517,0.6538461538461539,0.9087962962962963,0.29850746268656714,13.0,0.41025641025641024,0
palantir/tslint,2015-07-09,3.784189633918261,4.5217885770490405,5.438079308923196,0.9230769230769231,6.002037037037037,1.123404255319149,16.0,0.28820960698689957,0
palantir/tslint,2015-10-07,3.4011973816621555,4.787491742782046,5.351858133476067,1.0,1.9705787037037037,0.8333333333333334,21.0,0.20952380952380953,0
palantir/tslint,2016-01-05,4.060443010546419,4.875197323201151,5.521460917862246,1.0,0.9072800925925926,1.3647058823529412,16.0,0.3895582329317269,0
palantir/tslint,2016-04-04,3.6888794541139363,4.61512051684126,5.442417710521793,0.9615384615384616,2.7985069444444446,1.0169491525423728,23.0,0.5347826086956522,0
palantir/tslint,2016-07-03,4.04305126783455,5.170483995038151,5.62040086571715,1.0,2.2303125,1.2170818505338077,32.0,0.3054545454545455,0
palantir/tslint,2016-10-01,3.044522437723423,4.499809670330265,5.579729825986222,1.0,3.2016666666666667,0.4666666666666667,32.0,0.3181818181818182,0
palantir/tslint,2016-12-30,4.127134385045092,5.327876168789581,5.68697535633982,1.0,0.06771990740740741,1.24,47.0,0.23809523809523808,0
palantir/tslint,2017-03-30,4.442651256490317,5.579729825986222,6.152732694704104,1.0,0.6751273148148148,1.0736842105263158,39.0,0.279317697228145,0
palantir/tslint,2017-06-28,4.060443010546419,5.631211781821365,6.297109319933935,1.0,4.980902777777778,0.635036496350365,35.0,0.31365313653136534,0
palantir/tslint,2017-09-26,3.5263605246161616,4.74493212836325,5.973809611869261,0.9615384615384616,0.272349537037037,0.5125628140703518,46.0,0.3494897959183674,0
palantir/tslint,2017-12-25,3.5263605246161616,4.672828834461906,5.3981627015177525,0.8846153846153846,2.328125,0.9026548672566372,28.0,0.4636363636363636,0
palantir/tslint,2018-03-25,0.0,3.258096538021482,4.882801922586371,0.5,73.91119212962963,0.043795620437956206,9.0,0.5267175572519084,0
palantir/tslint,2018-06-23,2.0794415416798357,3.8918202981106265,4.30406509320417,0.5,11.952650462962962,0.6075949367088608,34.0,0.1780821917808219,0
palantir/tslint,2018-09-21,1.9459101490553132,3.828641396489095,4.543294782270004,0.7692307692307693,0.11269675925925926,0.42424242424242425,35.0,0.08602150537634409,0
palantir/tslint,2018-12-20,3.7376696182833684,4.02535169073515,4.61512051684126,0.6153846153846154,2.1510416666666665,2.3773584905660377,37.0,0.09,0
palantir/tslint,2019-03-20,3.6375861597263857,4.31748811353631,4.867534450455582,0.7307692307692307,1.2023263888888889,1.6888888888888889,45.0,0.11627906976744186,0
palantir/tslint,2019-06-18,2.70805020110221,4.23410650459726,4.962844630259907,0.8846153846153846,0.6237384259259259,0.6081081081081081,38.0,0.18309859154929578,0
palantir/tslint,2019-09-16,2.8903717578961645,3.5263605246161616,4.624972813284271,0.8076923076923077,4.276979166666667,1.0093457943925235,17.0,0.19801980198019803,0
palantir/tslint,2019-12-15,1.0986122886681098,3.295836866004329,4.0943445622221,0.6923076923076923,2.3515625,0.2769230769230769,17.0,0.22033898305084745,0
palantir/tslint,2020-03-14,1.3862943611198906,2.0794415416798357,3.5263605246161616,0.4230769230769231,3.7865625,0.6153846153846154,4.0,0.24242424242424243,0
palantir/tslint,2020-06-12,1.3862943611198906,2.302585092994046,2.833213344056216,0.38461538461538464,17.089039351851852,1.090909090909091,5.0,0.5,0
palantir/tslint,2020-09-10,0.0,1.0986122886681098,2.4849066497880004,0.2692307692307692,41.21646990740741,0.35294117647058826,2.0,0.45454545454545453,1
palantir/tslint,2021-06-07,0.0,0.6931471805599453,0.6931471805599453,0.038461538461538464,74.18722222222222,0.8571428571428571,1.0,1.0,1
pallets/click,2015-04-24,2.9444389791664403,3.58351893845611,3.7612001156935624,0.5,7.999803240740741,2.375,15.0,0.3333333333333333,0
pallets/click,2015-07-23,2.6390573296152584,3.5263605246161616,4.23410650459726,0.7307692307692307,1.5606712962962963,1.135135135135135,12.0,0.29411764705882354,0
pallets/click,2015-10-21,1.791759469228055,3.5553480614894135,4.219507705176107,0.7692307692307693,8.875219907407407,0.4931506849315069,11.0,0.3582089552238806,0
pallets/click,2016-01-19,1.3862943611198906,4.23410650459726,4.634728988229636,0.7307692307692307,13.47775462962963,0.2222222222222222,11.0,0.5980392156862745,0
pallets/click,2016-04-18,3.258096538021482,3.58351893845611,4.6443908991413725,0.7307692307692307,2.840162037037037,1.4311926605504586,9.0,0.5145631067961165,0
pallets/click,2016-07-17,0.6931471805599453,1.9459101490553132,3.7376696182833684,0.5769230769230769,3.0582291666666666,0.25531914893617025,6.0,0.4146341463414634,0
pallets/click,2016-10-15,1.6094379124341003,2.995732273553991,3.258096538021482,0.5769230769230769,16.662488425925925,0.9677419354838709,12.0,0.24,0
pallets/click,2017-01-13,1.9459101490553132,2.5649493574615367,3.4657359027997265,0.6153846153846154,6.465925925925926,1.135135135135135,7.0,0.25806451612903225,0
pallets/click,2017-04-13,2.0794415416798357,2.70805020110221,3.295836866004329,0.5769230769230769,13.773773148148148,1.5,7.0,0.19230769230769232,0
pallets/click,2017-07-12,1.6094379124341003,2.995732273553991,3.5263605246161616,0.6153846153846154,2.6019791666666667,0.7692307692307693,7.0,0.45454545454545453,0
pallets/click,2017-10-10,2.4849066497880004,2.9444389791664403,3.6375861597263857,0.5769230769230769,0.3544212962962963,1.6744186046511627,7.0,0.5405405405405406,0
pallets/click,2018-01-08,1.9459101490553132,2.8903717578961645,3.58351893845611,0.5,0.6738657407407408,1.024390243902439,11.0,0.3142857142857143,0
pallets/click,2018-04-08,2.833213344056216,2.9444389791664403,3.58351893845611,0.5,1.7508217592592592,2.4878048780487805,11.0,0.2571428571428571,0
pallets/click,2018-07-07,2.5649493574615367,4.02535169073515,4.30406509320417,0.5384615384615384,3.7443287037037036,0.9873417721518988,30.0,0.1232876712328767,0
pallets/click,2018-10-05,3.091042453358316,3.713572066704308,4.564348191467836,0.7692307692307693,2.967604166666667,1.3069306930693068,17.0,0.18947368421052632,0
pallets/click,2019-01-03,2.772588722239781,3.4339872044851463,4.2626798770413155,0.7692307692307693,2.745833333333333,1.2631578947368423,15.0,0.2857142857142857,0
pallets/click,2019-04-03,1.9459101490553132,2.772588722239781,3.828641396489095,0.7307692307692307,0.6274652777777778,0.8235294117647058,12.0,0.08888888888888889,0
pallets/click,2019-07-02,2.1972245773362196,3.8501476017100584,4.127134385045092,0.6538461538461539,11.663159722222222,0.8059701492537313,30.0,0.13114754098360656,0
pallets/click,2019-09-30,1.3862943611198906,2.8903717578961645,4.1588830833596715,0.5769230769230769,11.203078703703703,0.34782608695652173,11.0,0.12698412698412698,0
pallets/click,2019-12-29,1.6094379124341003,2.5649493574615367,3.4011973816621555,0.6153846153846154,1.6223032407407407,0.8571428571428572,11.0,0.1724137931034483,0
pallets/click,2020-03-28,3.295836866004329,3.8918202981106265,4.110873864173311,0.6923076923076923,17.162349537037038,2.4545454545454546,12.0,0.55,0
pallets/click,2020-06-26,2.8903717578961645,3.6375861597263857,4.454347296253507,0.7307692307692307,0.6069444444444444,1.1868131868131868,18.0,0.6,0
pallets/click,2020-09-24,0.0,3.332204510175204,4.174387269895637,0.6538461538461539,30.379699074074075,0.08571428571428572,11.0,0.46875,0
pallets/click,2020-12-23,1.791759469228055,3.258096538021482,3.970291913552122,0.6538461538461539,0.4519560185185185,0.6206896551724138,11.0,0.46153846153846156,0
pallets/click,2021-03-23,2.833213344056216,3.4965075614664802,4.060443010546419,0.6923076923076923,5.611342592592592,1.619047619047619,10.0,0.543859649122807,0
pallets/click,2021-06-21,2.833213344056216,4.30406509320417,4.663439094112067,0.7692307692307693,2.7228587962962965,0.918918918918919,22.0,0.5714285714285714,0
pallets/click,2021-09-19,1.9459101490553132,3.295836866004329,4.605170185988092,0.8461538461538461,2.7822569444444443,0.4,16.0,0.45454545454545453,0
pallets/click,2021-12-18,1.0986122886681098,3.295836866004329,3.970291913552122,0.6538461538461539,0.575162037037037,0.3103448275862069,9.0,0.40384615384615385,0
pallets/click,2022-03-18,3.1354942159291497,3.5553480614894135,4.110873864173311,0.6538461538461539,0.4920833333333333,2.090909090909091,9.0,0.7333333333333333,0
pallets/click,2022-06-16,0.0,3.2188758248682006,4.07753744390572,0.5,34.08510416666667,0.09375,10.0,0.7068965517241379,0
pallets/click,2022-09-14,1.3862943611198906,1.791759469228055,3.4011973816621555,0.4230769230769231,6.8715625,0.6857142857142857,4.0,0.5172413793103449,0
pallets/click,2022-12-13,0.6931471805599453,2.302585092994046,2.70805020110221,0.34615384615384615,14.750462962962963,0.6,6.0,0.2857142857142857,0
pallets/click,2023-03-13,0.6931471805599453,2.4849066497880004,3.044522437723423,0.38461538461538464,10.325034722222222,0.46153846153846145,5.0,0.35,0
pallets/click,2023-06-11,1.9459101490553132,2.8903717578961645,3.367295829986474,0.4230769230769231,2.2338078703703705,1.2352941176470587,14.0,0.39285714285714285,0
pallets/click,2023-09-09,3.1354942159291497,4.007333185232471,4.276666119016055,0.6538461538461539,7.527916666666667,1.7922077922077921,10.0,0.5211267605633803,0
pallets/click,2024-03-07,0.0,2.1972245773362196,2.1972245773362196,0.038461538461538464,68.59699074074074,0.4285714285714286,1.0,1.0,0
pallets/click,2024-06-05,2.6390573296152584,3.2188758248682006,3.4965075614664802,0.3076923076923077,13.538796296296296,2.210526315789474,10.0,0.53125,0
pallets/click,2024-09-03,2.3978952727983707,2.3978952727983707,3.5553480614894135,0.34615384615384615,1.7414467592592593,1.65,1.0,0.5588235294117647,0
pallets/click,2024-12-02,3.4965075614664802,3.6888794541139363,3.912023005428146,0.3076923076923077,1.6032754629629629,3.6,23.0,0.2653061224489796,0
pallets/click,2025-03-02,1.9459101490553132,3.6635616461296463,4.356708826689592,0.6153846153846154,0.07368055555555555,0.5060240963855421,11.0,0.33766233766233766,0
pallets/click,2025-05-31,3.828641396489095,4.0943445622221,4.584967478670572,0.6923076923076923,0.1140162037037037,2.6796116504854366,14.0,0.3711340206185567,0
pallets/click,2025-08-29,4.127134385045092,4.553876891600541,5.0369526024136295,0.7307692307692307,4.2501388888888885,2.339622641509434,18.0,0.3333333333333333,0
pallets/click,2025-11-27,2.6390573296152584,4.219507705176107,5.087596335232384,0.9230769230769231,2.5827893518518517,0.5029940119760479,20.0,0.2795031055900621,0
pallets/click,2026-02-25,1.791759469228055,2.5649493574615367,4.382026634673881,0.7307692307692307,3.826539351851852,0.4235294117647059,5.0,0.20253164556962025,0
pallets/flask,2011-04-06,3.4657359027997265,3.9318256327243257,4.394449154672439,0.8076923076923077,1.8471412037037036,2.2325581395348837,18.0,0.4375,0
pallets/flask,2011-07-05,4.574710978503383,4.882801922586371,5.204006687076795,0.8461538461538461,4.511701388888889,3.1122994652406417,16.0,0.6408839779005525,0
pallets/flask,2011-10-03,3.970291913552122,5.241747015059643,5.768320995793772,0.9615384615384616,1.5028125,0.9784615384615385,20.0,0.7836990595611285,0
pallets/flask,2012-01-01,1.791759469228055,3.4339872044851463,5.389071729816501,0.9230769230769231,4.711261574074074,0.1607142857142857,13.0,0.7752293577981652,0
pallets/flask,2012-03-31,3.6109179126442243,4.499809670330265,4.787491742782046,0.9230769230769231,0.16788194444444443,1.776,29.0,0.31932773109243695,0
pallets/flask,2012-06-29,2.6390573296152584,4.2626798770413155,5.075173815233827,0.8846153846153846,1.879375,0.509090909090909,18.0,0.39622641509433965,0
pallets/flask,2012-09-27,2.0794415416798357,3.5263605246161616,4.6443908991413725,0.8076923076923077,6.798784722222222,0.4403669724770642,18.0,0.34951456310679613,0
pallets/flask,2012-12-26,2.1972245773362196,3.9512437185814275,4.442651256490317,0.8461538461538461,0.2553125,0.6,14.0,0.5119047619047619,0
pallets/flask,2013-03-26,2.0794415416798357,3.295836866004329,4.356708826689592,0.8461538461538461,0.9885300925925926,0.5783132530120482,14.0,0.5194805194805194,0
pallets/flask,2013-06-24,4.418840607796598,4.969813299576001,5.135798437050262,0.7692307692307693,1.4420949074074074,2.8457142857142856,19.0,0.514792899408284,0
pallets/flask,2013-09-22,2.6390573296152584,3.7612001156935624,5.225746673713202,0.8461538461538461,2.1956944444444444,0.4397905759162304,26.0,0.4648648648648649,0
pallets/flask,2013-12-21,0.6931471805599453,3.091042453358316,4.1588830833596715,0.7307692307692307,4.213958333333333,0.17391304347826086,19.0,0.14285714285714285,0
pallets/flask,2014-03-21,2.772588722239781,4.110873864173311,4.406719247264253,0.7307692307692307,1.5036458333333333,1.103448275862069,21.0,0.3333333333333333,0
pallets/flask,2014-06-19,2.1972245773362196,4.382026634673881,4.941642422609304,0.8846153846153846,2.628900462962963,0.37241379310344824,26.0,0.4172661870503597,0
pallets/flask,2014-09-17,4.2626798770413155,4.553876891600541,5.159055299214529,0.8461538461538461,2.8471296296296296,2.379888268156425,18.0,0.3179190751445087,0
pallets/flask,2014-12-16,2.6390573296152584,4.394449154672439,5.1647859739235145,0.8846153846153846,0.5619097222222222,0.4666666666666667,25.0,0.28160919540229884,0
pallets/flask,2015-03-16,3.295836866004329,4.430816798843313,5.099866427824199,0.9230769230769231,3.320011574074074,0.9585798816568047,25.0,0.1901840490797546,0
pallets/flask,2015-06-14,2.833213344056216,4.174387269895637,4.997212273764115,0.8846153846153846,0.8310532407407407,0.6666666666666666,25.0,0.2108843537414966,0
pallets/flask,2015-09-12,1.3862943611198906,2.995732273553991,4.430816798843313,0.7692307692307693,16.281400462962964,0.2696629213483146,12.0,0.24096385542168675,0
pallets/flask,2015-12-11,2.5649493574615367,3.4011973816621555,3.8918202981106265,0.7307692307692307,1.3077546296296296,1.4444444444444444,20.0,0.10416666666666667,0
pallets/flask,2016-03-10,1.6094379124341003,2.9444389791664403,3.871201010907891,0.8076923076923077,2.088622685185185,0.5660377358490567,12.0,0.1276595744680851,0
pallets/flask,2016-06-08,4.382026634673881,4.663439094112067,4.820281565605037,0.8076923076923077,0.05710648148148148,3.7209302325581395,56.0,0.14634146341463414,0
pallets/flask,2016-09-06,3.044522437723423,3.9318256327243257,5.049856007249537,0.8076923076923077,0.8444097222222222,0.782608695652174,33.0,0.12258064516129032,0
pallets/flask,2016-12-05,1.791759469228055,3.8501476017100584,4.574710978503383,0.8846153846153846,0.6970601851851852,0.35294117647058826,29.0,0.13541666666666666,0
pallets/flask,2017-03-05,2.5649493574615367,3.828641396489095,4.5217885770490405,0.8076923076923077,0.569837962962963,0.8041237113402063,27.0,0.16483516483516483,0
pallets/flask,2017-06-03,4.6913478822291435,5.081404364984463,5.327876168789581,0.8846153846153846,0.7101736111111111,3.099526066350711,47.0,0.3024390243902439,0
pallets/flask,2017-09-01,2.0794415416798357,4.219507705176107,5.429345628954441,1.0,1.5555555555555556,0.20600858369098712,20.0,0.43171806167400884,0
pallets/flask,2017-11-30,2.1972245773362196,2.995732273553991,4.465908118654584,0.8461538461538461,3.5988541666666665,0.5869565217391304,14.0,0.46511627906976744,0
pallets/flask,2018-02-28,2.6390573296152584,4.007333185232471,4.30406509320417,0.7692307692307693,3.784548611111111,1.0632911392405064,13.0,0.4657534246575342,0
pallets/flask,2018-05-29,3.6109179126442243,4.663439094112067,5.075173815233827,0.8846153846153846,0.22489583333333332,1.3454545454545455,24.0,0.5911949685534591,0
pallets/flask,2018-08-27,0.6931471805599453,3.1354942159291497,4.852030263919617,0.8076923076923077,2.8338194444444444,0.09022556390977443,16.0,0.5039370078740157,0
pallets/flask,2018-11-25,2.5649493574615367,3.6109179126442243,4.07753744390572,0.7692307692307693,11.563298611111112,1.21875,23.0,0.13793103448275862,0
pallets/flask,2019-02-23,1.3862943611198906,3.4339872044851463,4.204692619390966,0.8076923076923077,0.4659259259259259,0.3333333333333333,18.0,0.21212121212121213,0
pallets/flask,2019-05-24,3.6635616461296463,3.970291913552122,4.418840607796598,0.8461538461538461,0.8481365740740741,2.659090909090909,31.0,0.24390243902439024,0
pallets/flask,2019-08-22,2.0794415416798357,4.2626798770413155,4.812184355372417,1.0,6.421805555555555,0.375,28.0,0.3442622950819672,0
pallets/flask,2019-11-20,2.5649493574615367,3.332204510175204,4.584967478670572,0.8461538461538461,1.1515277777777777,0.7572815533980582,17.0,0.44329896907216493,0
pallets/flask,2020-02-18,2.772588722239781,3.091042453358316,3.8918202981106265,0.6538461538461539,6.247152777777778,1.7777777777777777,13.0,0.2916666666666667,0
pallets/flask,2020-05-18,1.6094379124341003,3.6635616461296463,4.0943445622221,0.6923076923076923,9.645891203703703,0.4615384615384615,14.0,0.4067796610169492,0
pallets/flask,2020-08-16,2.6390573296152584,3.6109179126442243,4.31748811353631,0.8076923076923077,3.108460648148148,1.05,16.0,0.4864864864864865,0
pallets/flask,2020-11-14,2.833213344056216,3.4011973816621555,4.189654742026425,0.9230769230769231,0.4477314814814815,1.436619718309859,22.0,0.36923076923076925,0
pallets/flask,2021-02-12,2.8903717578961645,3.295836866004329,4.02535169073515,0.5769230769230769,1.5819328703703703,1.7704918032786887,9.0,0.41818181818181815,0
pallets/flask,2021-05-13,3.871201010907891,4.23410650459726,4.553876891600541,0.6923076923076923,0.03232638888888889,2.8800000000000003,9.0,0.5212765957446809,0
pallets/flask,2021-08-11,2.3978952727983707,4.290459441148391,4.948759890378168,0.8461538461538461,0.8802546296296296,0.452054794520548,28.0,0.4142857142857143,0
pallets/flask,2021-11-09,2.302585092994046,3.332204510175204,4.605170185988092,0.8076923076923077,2.377314814814815,0.5714285714285714,16.0,0.35353535353535354,0
pallets/flask,2022-02-07,1.9459101490553132,3.6375861597263857,4.174387269895637,0.7307692307692307,11.0203125,0.6,9.0,0.625,0
pallets/flask,2022-05-08,3.2188758248682006,4.174387269895637,4.624972813284271,0.8461538461538461,3.9232175925925925,1.4018691588785048,23.0,0.6732673267326733,0
pallets/flask,2022-08-06,3.58351893845611,4.532599493153256,5.056245805348308,0.9615384615384616,0.6967361111111111,1.3333333333333333,18.0,0.6923076923076923,0
pallets/flask,2022-11-04,1.6094379124341003,3.295836866004329,4.77912349311153,0.8461538461538461,4.099780092592592,0.24193548387096772,16.0,0.6610169491525424,0
pallets/flask,2023-02-02,2.4849066497880004,3.2188758248682006,3.9318256327243257,0.7307692307692307,9.841064814814814,1.2857142857142856,9.0,0.44,0
pallets/flask,2023-05-03,3.784189633918261,4.248495242049359,4.543294782270004,0.8076923076923077,0.7322916666666667,2.6666666666666665,13.0,0.7526881720430108,0
pallets/flask,2023-08-01,1.3862943611198906,3.4011973816621555,4.59511985013459,0.8461538461538461,15.92261574074074,0.23076923076923078,7.0,0.7653061224489796,0
pallets/flask,2023-10-30,2.1972245773362196,3.367295829986474,4.060443010546419,0.6923076923076923,2.1311805555555554,0.8571428571428571,9.0,0.49122807017543857,0
pallets/flask,2024-01-28,2.302585092994046,3.295836866004329,4.007333185232471,0.6538461538461539,2.377800925925926,1.0,6.0,0.5740740740740741,0
pallets/flask,2024-04-27,2.4849066497880004,2.70805020110221,3.713572066704308,0.46153846153846156,3.474479166666667,1.5652173913043477,3.0,0.825,0
pallets/flask,2024-07-26,1.0986122886681098,2.4849066497880004,3.258096538021482,0.46153846153846156,15.85792824074074,0.5806451612903225,6.0,0.72,0
pallets/flask,2024-10-24,1.791759469228055,2.9444389791664403,3.4011973816621555,0.46153846153846156,1.611747685185185,1.0285714285714287,4.0,0.7241379310344828,0
pallets/flask,2025-01-22,1.791759469228055,3.58351893845611,3.9889840465642745,0.4230769230769231,16.75712962962963,0.6101694915254237,6.0,0.8490566037735849,0
pallets/flask,2025-04-22,2.1972245773362196,2.4849066497880004,3.8501476017100584,0.46153846153846156,23.49599537037037,1.0384615384615383,5.0,0.8043478260869565,0
pallets/flask,2025-07-21,0.6931471805599453,2.833213344056216,3.332204510175204,0.46153846153846156,5.077164351851851,0.36363636363636365,6.0,0.6666666666666666,0
pallets/flask,2025-10-19,1.0986122886681098,2.70805020110221,3.4339872044851463,0.4230769230769231,4.615636574074074,0.5,4.0,0.7333333333333333,0
pallets/flask,2026-01-17,0.6931471805599453,2.0794415416798357,3.091042453358316,0.38461538461538464,11.766099537037038,0.4444444444444444,3.0,0.7619047619047619,0
pallets/jinja,2008-02-26,0.6931471805599453,2.4849066497880004,4.127134385045092,0.6153846153846154,15.278587962962963,0.17910447761194032,2.0,0.8852459016393442,0
pallets/jinja,2008-05-26,4.787491742782046,5.351858133476067,5.402677381872279,0.5384615384615384,0.38756944444444447,3.171806167400881,8.0,0.8778280542986425,0
pallets/jinja,2008-08-24,1.6094379124341003,3.8918202981106265,5.556828061699537,0.6538461538461539,7.148726851851852,0.11363636363636363,3.0,0.9031007751937985,0
pallets/jinja,2008-11-22,1.9459101490553132,3.6375861597263857,4.454347296253507,0.7692307692307693,5.894016203703703,0.46153846153846156,4.0,0.9411764705882353,0
pallets/jinja,2009-02-20,2.6390573296152584,3.4657359027997265,4.23410650459726,0.6923076923076923,1.090497685185185,1.135135135135135,2.0,0.9411764705882353,0
pallets/jinja,2009-05-21,1.6094379124341003,3.091042453358316,3.970291913552122,0.6538461538461539,18.430833333333332,0.5172413793103449,3.0,0.9230769230769231,0
pallets/jinja,2009-08-19,2.302585092994046,2.4849066497880004,3.4965075614664802,0.46153846153846156,14.11974537037037,1.5789473684210527,1.0,0.90625,0
pallets/jinja,2009-11-17,1.6094379124341003,3.1780538303479458,3.5553480614894135,0.3076923076923077,22.433391203703703,0.75,2.0,0.9705882352941176,0
pallets/jinja,2010-02-15,3.8066624897703196,3.9318256327243257,4.30406509320417,0.34615384615384615,4.326493055555556,3.4177215189873418,2.0,0.9726027397260274,0
pallets/jinja,2010-05-16,1.6094379124341003,3.8501476017100584,4.574710978503383,0.46153846153846156,26.14497685185185,0.29411764705882354,2.0,0.96875,0
pallets/jinja,2010-08-14,1.0986122886681098,3.58351893845611,4.406719247264253,0.5384615384615384,6.037280092592592,0.20689655172413793,2.0,0.9629629629629629,0
pallets/jinja,2010-11-12,2.9444389791664403,3.4965075614664802,4.219507705176107,0.34615384615384615,12.40837962962963,1.5616438356164384,4.0,0.9104477611940298,0
pallets/jinja,2011-02-10,2.833213344056216,3.4657359027997265,4.1588830833596715,0.4230769230769231,4.4090625,1.4782608695652173,1.0,0.9206349206349206,0
pallets/jinja,2011-05-11,1.791759469228055,2.0794415416798357,3.6635616461296463,0.5384615384615384,9.99244212962963,0.8181818181818182,6.0,0.868421052631579,0
pallets/jinja,2011-08-09,2.3978952727983707,3.1354942159291497,3.4011973816621555,0.46153846153846156,14.080324074074074,1.885714285714286,11.0,0.3793103448275862,0
pallets/jinja,2011-11-07,0.6931471805599453,2.772588722239781,3.6375861597263857,0.5384615384615384,15.20386574074074,0.27906976744186046,5.0,0.4594594594594595,0
pallets/jinja,2012-02-05,2.4849066497880004,2.9444389791664403,3.5263605246161616,0.46153846153846156,0.30162037037037037,1.8461538461538463,10.0,0.3939393939393939,0
pallets/jinja,2012-05-05,0.0,1.791759469228055,3.1780538303479458,0.38461538461538464,30.141585648148148,0.2068965517241379,4.0,0.21739130434782608,0
pallets/jinja,2012-08-03,2.70805020110221,2.772588722239781,3.044522437723423,0.23076923076923078,13.615925925925925,3.4615384615384612,4.0,0.6,0
pallets/jinja,2012-11-01,0.0,1.3862943611198906,2.9444389791664403,0.19230769230769232,41.33465277777778,0.25,2.0,0.6666666666666666,0
pallets/jinja,2013-01-30,1.3862943611198906,2.302585092994046,2.5649493574615367,0.3076923076923077,15.364386574074073,1.3333333333333333,9.0,0.16666666666666666,0
pallets/jinja,2013-04-30,1.6094379124341003,2.3978952727983707,2.995732273553991,0.46153846153846156,7.351863425925926,1.2000000000000002,9.0,0.10526315789473684,0
pallets/jinja,2013-07-29,1.3862943611198906,4.553876891600541,4.653960350157523,0.5384615384615384,13.453854166666666,0.2181818181818182,13.0,0.625,0
pallets/jinja,2013-10-27,0.0,2.70805020110221,4.6913478822291435,0.38461538461538464,49.24275462962963,0.05263157894736842,2.0,0.6944444444444444,0
pallets/jinja,2014-01-25,2.0794415416798357,2.995732273553991,3.5263605246161616,0.38461538461538464,6.99400462962963,1.2307692307692308,8.0,0.6363636363636364,0
pallets/jinja,2014-04-25,1.9459101490553132,2.302585092994046,3.367295829986474,0.5,8.689305555555556,1.2352941176470587,8.0,0.39285714285714285,0
pallets/jinja,2014-07-24,1.0986122886681098,3.6888794541139363,3.8918202981106265,0.46153846153846156,11.967789351851852,0.3333333333333333,10.0,0.5,0
pallets/jinja,2014-10-22,0.6931471805599453,1.6094379124341003,3.784189633918261,0.3076923076923077,24.256296296296295,0.24489795918367344,4.0,0.5581395348837209,0
pallets/jinja,2015-01-20,1.3862943611198906,2.0794415416798357,2.4849066497880004,0.3076923076923077,1.7881712962962963,1.411764705882353,7.0,0.09090909090909091,0
pallets/jinja,2015-04-20,3.044522437723423,3.6375861597263857,3.8066624897703196,0.5,13.047349537037038,2.5200000000000005,11.0,0.36363636363636365,0
pallets/jinja,2015-07-19,0.6931471805599453,2.70805020110221,3.9512437185814275,0.5384615384615384,7.969722222222222,0.21052631578947367,8.0,0.43137254901960786,0
pallets/jinja,2015-10-17,1.791759469228055,3.044522437723423,3.5553480614894135,0.5384615384615384,4.225983796296297,0.8999999999999999,6.0,0.3235294117647059,0
pallets/jinja,2016-01-15,1.6094379124341003,2.0794415416798357,3.332204510175204,0.38461538461538464,7.912569444444444,0.9090909090909091,6.0,0.4074074074074074,0
pallets/jinja,2016-04-14,2.3978952727983707,2.3978952727983707,2.8903717578961645,0.2692307692307692,0.3478935185185185,2.869565217391304,10.0,0.11764705882352941,0
pallets/jinja,2016-07-13,0.0,2.3978952727983707,3.044522437723423,0.2692307692307692,44.270381944444445,0.23076923076923073,8.0,0.1,0
pallets/jinja,2016-10-11,0.6931471805599453,1.6094379124341003,2.70805020110221,0.34615384615384615,16.99445601851852,0.6,3.0,0.14285714285714285,0
pallets/jinja,2017-01-09,5.056245805348308,5.075173815233827,5.099866427824199,0.38461538461538464,0.1946064814814815,5.57396449704142,9.0,0.8895705521472392,0
pallets/jinja,2017-04-09,2.1972245773362196,3.8501476017100584,5.327876168789581,0.5769230769230769,4.097337962962963,0.2559241706161138,13.0,0.8195121951219512,0
pallets/jinja,2017-07-08,3.044522437723423,3.332204510175204,4.30406509320417,0.6153846153846154,0.21739583333333334,1.5949367088607596,6.0,0.3561643835616438,0
pallets/jinja,2017-10-06,1.0986122886681098,2.302585092994046,3.6109179126442243,0.4230769230769231,18.28673611111111,0.42857142857142855,7.0,0.5277777777777778,0
pallets/jinja,2018-01-04,0.0,2.0794415416798357,2.833213344056216,0.4230769230769231,34.12978009259259,0.27272727272727276,4.0,0.3125,0
pallets/jinja,2018-04-04,2.5649493574615367,3.1780538303479458,3.4339872044851463,0.5769230769230769,6.990613425925926,2.1666666666666665,14.0,0.23333333333333334,0
pallets/jinja,2018-07-03,1.9459101490553132,2.772588722239781,3.6635616461296463,0.5384615384615384,6.05193287037037,0.9545454545454546,10.0,0.18421052631578946,0
pallets/jinja,2018-10-01,0.0,1.3862943611198906,2.9444389791664403,0.2692307692307692,32.71880787037037,0.25,2.0,0.2777777777777778,0
pallets/jinja,2018-12-30,0.6931471805599453,2.1972245773362196,2.4849066497880004,0.2692307692307692,22.134305555555557,0.7058823529411765,6.0,0.36363636363636365,0
pallets/jinja,2019-03-30,1.0986122886681098,1.9459101490553132,2.70805020110221,0.38461538461538464,12.24883101851852,0.8999999999999999,6.0,0.14285714285714285,0
pallets/jinja,2019-06-28,2.772588722239781,3.6109179126442243,3.7612001156935624,0.5769230769230769,3.882303240740741,2.0,28.0,0.07142857142857142,0
pallets/jinja,2019-09-26,1.6094379124341003,3.295836866004329,4.143134726391533,0.6923076923076923,4.5175578703703705,0.4411764705882353,10.0,0.20967741935483872,0
pallets/jinja,2019-12-25,2.0794415416798357,4.02535169073515,4.406719247264253,0.6923076923076923,11.994930555555555,0.5517241379310345,11.0,0.6790123456790124,0
pallets/jinja,2020-03-24,2.0794415416798357,4.07753744390572,4.736198448394496,0.7692307692307693,2.18,0.40336134453781514,13.0,0.7610619469026548,0
pallets/jinja,2020-06-22,2.3978952727983707,5.272999558563747,5.53338948872752,0.7307692307692307,0.07655092592592593,0.2558139534883721,14.0,0.6150793650793651,0
pallets/jinja,2020-09-20,0.6931471805599453,1.9459101490553132,5.303304908059076,0.5,21.95721064814815,0.058252427184466014,4.0,0.775,0
pallets/jinja,2020-12-19,0.0,1.6094379124341003,2.3978952727983707,0.23076923076923078,35.86813657407407,0.37499999999999994,3.0,0.3,0
pallets/jinja,2021-03-19,2.5649493574615367,3.4339872044851463,3.5553480614894135,0.5,9.173472222222221,1.95,12.0,0.5294117647058824,0
pallets/jinja,2021-06-17,2.0794415416798357,3.784189633918261,4.30406509320417,0.6923076923076923,3.2222685185185185,0.6075949367088608,7.0,0.7123287671232876,0
pallets/jinja,2021-09-15,0.6931471805599453,1.0986122886681098,3.828641396489095,0.4230769230769231,18.63982638888889,0.23529411764705882,2.0,0.8,0
pallets/jinja,2021-12-14,0.6931471805599453,3.58351893845611,3.6375861597263857,0.38461538461538464,16.113298611111112,0.27906976744186046,8.0,0.7027027027027027,0
pallets/jinja,2022-03-14,2.6390573296152584,3.295836866004329,4.127134385045092,0.6153846153846154,2.1868055555555554,1.2537313432835822,6.0,0.7704918032786885,0
pallets/jinja,2022-06-12,0.0,3.044522437723423,3.8501476017100584,0.5384615384615384,40.98858796296296,0.11538461538461536,6.0,0.7608695652173914,0
pallets/jinja,2022-09-10,0.6931471805599453,2.4849066497880004,3.4657359027997265,0.5,8.33769675925926,0.3243243243243243,7.0,0.5806451612903226,0
pallets/jinja,2022-12-09,1.0986122886681098,1.791759469228055,2.833213344056216,0.38461538461538464,8.698518518518519,0.8181818181818182,5.0,0.3125,0
pallets/jinja,2023-03-09,1.3862943611198906,2.6390573296152584,2.9444389791664403,0.3076923076923077,2.265138888888889,1.0,4.0,0.5555555555555556,0
pallets/jinja,2023-06-07,1.9459101490553132,2.0794415416798357,3.044522437723423,0.3076923076923077,6.146122685185185,1.6153846153846152,2.0,0.75,0
pallets/jinja,2023-09-05,1.0986122886681098,1.9459101490553132,2.6390573296152584,0.2692307692307692,7.664965277777778,0.9473684210526316,4.0,0.6923076923076923,0
pallets/jinja,2023-12-04,0.6931471805599453,1.0986122886681098,2.1972245773362196,0.23076923076923078,17.38391203703704,0.8571428571428572,2.0,0.375,0
pallets/jinja,2024-03-03,0.6931471805599453,2.4849066497880004,2.6390573296152584,0.19230769230769232,16.567916666666665,0.6315789473684211,4.0,0.6153846153846154,0
pallets/jinja,2024-06-01,3.4011973816621555,3.7612001156935624,3.9889840465642745,0.34615384615384615,10.165358796296296,3.0508474576271185,5.0,0.4339622641509434,0
pallets/jinja,2024-08-30,2.0794415416798357,2.1972245773362196,3.9318256327243257,0.34615384615384615,6.841296296296297,0.8571428571428571,3.0,0.42,0
pallets/jinja,2024-11-28,0.0,2.5649493574615367,3.044522437723423,0.34615384615384615,35.00100694444444,0.23076923076923073,7.0,0.6,0
pallets/jinja,2025-02-26,0.0,2.833213344056216,3.367295829986474,0.38461538461538464,42.98184027777778,0.1764705882352941,4.0,0.6785714285714286,0
pallets/jinja,2025-05-27,0.0,1.3862943611198906,2.995732273553991,0.15384615384615385,83.05989583333333,0.24000000000000005,1.0,0.8421052631578947,0
pallets/jinja,2025-08-25,0.0,2.5649493574615367,2.772588722239781,0.11538461538461539,72.04775462962964,0.2857142857142857,2.0,0.8666666666666667,1
prettier/prettier,2017-11-29,4.700480365792417,5.8916442118257715,6.610696044717759,1.0,0.01675925925925926,0.8823529411764706,57.0,0.20215633423180593,0
prettier/prettier,2018-02-27,4.74493212836325,5.820082930352362,6.548219102762372,1.0,0.1625925925925926,0.9815078236130867,95.0,0.22955523672883787,0
prettier/prettier,2018-05-28,4.718498871295094,5.605802066295998,6.410174881966167,1.0,0.12907407407407406,1.0962479608482871,49.0,0.2372322899505766,0
prettier/prettier,2018-08-26,3.7612001156935624,5.241747015059643,6.131226489483141,1.0,4.625844907407408,0.5548387096774193,45.0,0.28104575163398693,0
prettier/prettier,2018-11-24,4.48863636973214,5.25227342804663,5.937536205082426,1.0,0.14332175925925925,1.390625,55.0,0.4708994708994709,0
prettier/prettier,2019-02-22,3.4657359027997265,4.74493212836325,5.720311776607412,1.0,0.05043981481481481,0.6193548387096774,36.0,0.5098684210526315,0
prettier/prettier,2019-05-23,3.713572066704308,4.30406509320417,5.236441962829949,0.9615384615384616,0.15063657407407408,1.2746113989637304,32.0,0.32085561497326204,0
prettier/prettier,2019-08-21,3.1354942159291497,4.430816798843313,5.056245805348308,0.9615384615384616,0.8248726851851852,0.8518518518518519,32.0,0.3269230769230769,0
prettier/prettier,2019-11-19,4.795790545596741,5.438079308923196,5.746203190540153,1.0,0.18363425925925925,2.2830188679245285,49.0,0.34615384615384615,0
prettier/prettier,2020-02-17,4.564348191467836,5.25227342804663,6.040254711277414,1.0,0.105625,1.355294117647059,28.0,0.5155131264916468,0
prettier/prettier,2020-05-17,4.394449154672439,5.484796933490655,6.066108090103747,1.0,1.7259837962962963,1.1146788990825687,36.0,0.5046511627906977,0
prettier/prettier,2020-08-15,3.8918202981106265,5.209486152841421,6.0473721790462776,1.0,0.1648263888888889,0.6869158878504673,28.0,0.5023696682464455,0
prettier/prettier,2020-11-13,4.189654742026425,5.209486152841421,5.8998973535824915,1.0,0.25077546296296294,1.0702702702702702,23.0,0.6236263736263736,0
prettier/prettier,2021-02-11,4.430816798843313,5.407171771460119,6.003887067106539,1.0,0.1465625,1.2292682926829268,16.0,0.6089108910891089,0
prettier/prettier,2021-05-12,3.871201010907891,5.159055299214529,5.981414211254481,1.0,0.7100347222222222,0.7182044887780549,19.0,0.49873417721518987,0
prettier/prettier,2021-08-10,3.5263605246161616,4.6443908991413725,5.6240175061873385,1.0,1.9912962962962963,0.723404255319149,17.0,0.39492753623188404,0
prettier/prettier,2021-11-08,2.9444389791664403,4.477336814478207,5.25227342804663,1.0,0.14016203703703703,0.5816326530612244,17.0,0.45263157894736844,0
prettier/prettier,2022-02-06,4.110873864173311,4.955827057601261,5.43372200355424,1.0,0.1171412037037037,1.564102564102564,20.0,0.4342105263157895,0
prettier/prettier,2022-05-07,3.9889840465642745,5.4510384535657,5.924255797414532,1.0,0.3953009259259259,0.8548812664907652,24.0,0.6434316353887399,0
prettier/prettier,2022-08-05,3.9889840465642745,4.875197323201151,5.8944028342648505,0.9615384615384616,0.13078703703703703,0.8804347826086956,14.0,0.6933701657458563,0
prettier/prettier,2022-11-03,4.30406509320417,5.3230099791384085,5.814130531825066,0.9615384615384616,0.45211805555555556,1.3058823529411765,23.0,0.6706586826347305,0
prettier/prettier,2023-02-01,4.189654742026425,5.176149732573829,5.942799375126701,1.0,0.45386574074074076,1.0259067357512952,21.0,0.6684210526315789,0
prettier/prettier,2023-05-02,3.6888794541139363,5.3230099791384085,5.942799375126701,0.9615384615384616,5.392106481481481,0.621761658031088,17.0,0.7684210526315789,0
prettier/prettier,2023-07-31,3.6375861597263857,4.110873864173311,5.579729825986222,0.9230769230769231,2.633611111111111,0.8444444444444444,26.0,0.7272727272727273,0
prettier/prettier,2023-10-29,3.091042453358316,4.584967478670572,5.062595033026967,0.9615384615384616,0.1104050925925926,0.8098159509202454,21.0,0.3248407643312102,0
prettier/prettier,2024-01-27,4.31748811353631,5.298317366548036,5.6937321388027,1.0,1.2102893518518518,1.4900662251655628,30.0,0.44932432432432434,0
prettier/prettier,2024-04-26,2.302585092994046,4.0943445622221,5.556828061699537,0.8076923076923077,16.315092592592592,0.22727272727272727,22.0,0.49224806201550386,0
prettier/prettier,2024-07-25,3.2188758248682006,4.672828834461906,5.111987788356544,0.7692307692307693,3.246886574074074,0.8771929824561403,22.0,0.48484848484848486,0
prettier/prettier,2024-10-23,3.295836866004329,4.1588830833596715,5.135798437050262,0.9230769230769231,5.111932870370371,0.9257142857142857,17.0,0.48520710059171596,0
prettier/prettier,2025-01-21,2.70805020110221,4.23410650459726,4.882801922586371,0.8846153846153846,0.5394212962962963,0.6569343065693432,14.0,0.5190839694656488,0
prettier/prettier,2025-04-21,3.8501476017100584,5.1647859739235145,5.493061443340548,0.9230769230769231,0.06892361111111112,1.1370967741935483,19.0,0.7066115702479339,0
prettier/prettier,2025-07-20,3.8066624897703196,4.875197323201151,5.720311776607412,0.9230769230769231,1.5483101851851853,0.8709677419354839,17.0,0.7861842105263158,0
prettier/prettier,2025-10-18,4.61512051684126,4.919980925828125,5.58724865840025,0.8461538461538461,0.7062037037037037,2.2279411764705883,15.0,0.7781954887218046,0
prettier/prettier,2026-01-16,4.7535901911063645,5.780743515792329,6.131226489483141,0.8846153846153846,0.21260416666666668,1.4967741935483871,23.0,0.8082788671023965,0
psf/black,2019-03-14,3.1780538303479458,3.6888794541139363,4.382026634673881,0.9230769230769231,0.1155324074074074,1.6941176470588235,22.0,0.25316455696202533,0
psf/black,2019-06-12,2.5649493574615367,3.9512437185814275,4.51085950651685,0.6538461538461539,6.514282407407407,0.8125,23.0,0.2111111111111111,0
psf/black,2019-09-10,1.9459101490553132,3.4657359027997265,4.418840607796598,0.6538461538461539,6.336099537037037,0.4772727272727273,14.0,0.21951219512195122,0
psf/black,2019-12-09,2.1972245773362196,4.356708826689592,4.6913478822291435,0.6923076923076923,1.070625,0.47368421052631576,32.0,0.19444444444444445,0
psf/black,2020-03-08,2.5649493574615367,3.1780538303479458,4.61512051684126,0.6538461538461539,3.900127314814815,0.7358490566037735,15.0,0.26,0
psf/black,2020-06-06,4.143134726391533,4.356708826689592,4.61512051684126,0.8076923076923077,2.902523148148148,3.5660377358490565,41.0,0.11,0
psf/black,2020-09-04,3.7612001156935624,4.1588830833596715,4.948759890378168,0.9230769230769231,3.3548726851851853,1.767123287671233,27.0,0.18571428571428572,0
psf/black,2020-12-03,1.9459101490553132,3.6375861597263857,4.61512051684126,0.8846153846153846,7.811770833333333,0.3962264150943396,23.0,0.22,0
psf/black,2021-03-03,3.4011973816621555,3.970291913552122,4.499809670330265,0.9230769230769231,0.7734027777777778,1.894736842105263,30.0,0.1797752808988764,0
psf/black,2021-06-01,4.0943445622221,4.787491742782046,5.147494476813453,0.8846153846153846,0.7567361111111112,2.0338983050847457,36.0,0.15789473684210525,0
psf/black,2021-08-30,3.091042453358316,4.248495242049359,5.241747015059643,0.9615384615384616,0.10359953703703703,0.6804123711340208,26.0,0.2074468085106383,0
psf/black,2021-11-28,3.6109179126442243,4.174387269895637,4.897839799950911,1.0,1.7099074074074074,1.5971223021582732,29.0,0.20300751879699247,0
psf/black,2022-02-26,3.5263605246161616,4.74493212836325,5.187385805840755,0.9615384615384616,2.676273148148148,1.108695652173913,37.0,0.19101123595505617,0
psf/black,2022-05-27,2.4849066497880004,3.9512437185814275,5.111987788356544,0.9615384615384616,1.1320601851851853,0.42105263157894735,25.0,0.20606060606060606,0
psf/black,2022-08-25,3.1354942159291497,3.912023005428146,4.61512051684126,1.0,2.677013888888889,1.3018867924528301,24.0,0.24,0
psf/black,2022-11-23,2.6390573296152584,3.9318256327243257,4.605170185988092,0.9615384615384616,9.183206018518518,0.8,30.0,0.26262626262626265,0
psf/black,2023-02-21,2.70805020110221,4.564348191467836,4.983606621708336,0.7307692307692307,7.771574074074074,0.5960264900662251,23.0,0.30344827586206896,0
psf/black,2023-05-22,2.0794415416798357,3.295836866004329,4.804021044733257,0.6923076923076923,3.1215625,0.3779527559055118,17.0,0.3884297520661157,0
psf/black,2023-08-20,2.70805020110221,4.07753744390572,4.442651256490317,0.8846153846153846,1.1961458333333332,1.0,26.0,0.27380952380952384,0
psf/black,2023-11-18,3.871201010907891,4.564348191467836,5.0369526024136295,0.9615384615384616,0.005868055555555555,1.8113207547169812,41.0,0.2549019607843137,0
psf/black,2024-02-16,3.5263605246161616,4.532599493153256,5.236441962829949,0.8846153846153846,3.9647685185185186,1.0569948186528495,20.0,0.29411764705882354,0
psf/black,2024-05-16,3.1780538303479458,3.8918202981106265,4.948759890378168,0.8846153846153846,0.8076967592592592,0.9863013698630138,22.0,0.37142857142857144,0
psf/black,2024-08-14,2.1972245773362196,2.70805020110221,4.143134726391533,0.6923076923076923,5.8646875,0.7941176470588235,7.0,0.3064516129032258,0
psf/black,2024-11-12,1.9459101490553132,3.332204510175204,3.7376696182833684,0.6153846153846154,7.161111111111111,0.8936170212765958,10.0,0.34146341463414637,0
psf/black,2025-02-10,2.833213344056216,3.4657359027997265,4.07753744390572,0.8076923076923077,3.705740740740741,1.59375,12.0,0.2413793103448276,0
psf/black,2025-05-11,0.0,2.8903717578961645,3.8918202981106265,0.7307692307692307,32.63420138888889,0.1111111111111111,12.0,0.20833333333333334,0
psf/black,2025-08-09,2.1972245773362196,3.258096538021482,3.7612001156935624,0.7307692307692307,5.312997685185185,1.125,9.0,0.30952380952380953,0
psf/black,2025-11-07,3.091042453358316,3.8501476017100584,4.276666119016055,0.8076923076923077,2.0703009259259257,1.7142857142857142,21.0,0.3380281690140845,0
psf/black,2026-02-05,2.4849066497880004,4.23410650459726,4.74493212836325,0.7692307692307693,13.160069444444444,0.6,19.0,0.39473684210526316,0
psf/requests,2012-02-13,4.795790545596741,5.564520407322694,6.625392368007956,1.0,0.11728009259259259,0.9565217391304348,37.0,0.7755644090305445,0
psf/requests,2012-05-13,4.672828834461906,5.6937321388027,6.322565239927284,1.0,0.36234953703703704,1.1423487544483986,43.0,0.6007194244604317,0
psf/requests,2012-08-11,4.07753744390572,5.0238805208462765,6.104793232414985,1.0,0.5150810185185185,0.7814569536423841,45.0,0.4608501118568233,0
psf/requests,2012-11-09,3.1354942159291497,4.820281565605037,5.616771097666572,1.0,0.8410300925925925,0.4928571428571429,37.0,0.3248175182481752,0
psf/requests,2013-02-07,4.1588830833596715,5.5909869805108565,5.968707559985366,1.0,0.9860416666666667,0.9696969696969697,52.0,0.4641025641025641,0
psf/requests,2013-05-08,3.828641396489095,4.969813299576001,6.018593214496234,1.0,1.7507523148148147,0.6634615384615385,46.0,0.4121951219512195,0
psf/requests,2013-08-06,4.007333185232471,4.61512051684126,5.497168225293202,1.0,0.025868055555555554,1.3253012048192772,32.0,0.13991769547325103,0
psf/requests,2013-11-04,4.110873864173311,4.820281565605037,5.4116460518550396,0.9615384615384616,0.21459490740740741,1.5982532751091705,31.0,0.17040358744394618,0
psf/requests,2014-02-02,3.828641396489095,4.820281565605037,5.5093883366279774,0.9615384615384616,0.30703703703703705,1.0952380952380953,26.0,0.1991869918699187,0
psf/requests,2014-05-03,3.1780538303479458,4.204692619390966,5.247024072160486,1.0,0.3625462962962963,0.7384615384615385,18.0,0.2328042328042328,0
psf/requests,2014-08-01,3.367295829986474,4.23410650459726,4.90527477843843,0.9230769230769231,2.6344907407407407,1.2428571428571429,25.0,0.1865671641791045,0
psf/requests,2014-10-30,3.5263605246161616,4.59511985013459,5.117993812416755,0.8461538461538461,3.0729166666666665,1.1860465116279069,23.0,0.12048192771084337,0
psf/requests,2015-01-28,2.8903717578961645,3.8918202981106265,4.990432586778736,0.9230769230769231,0.15457175925925926,0.7105263157894737,20.0,0.1506849315068493,0
psf/requests,2015-04-28,3.7612001156935624,4.499809670330265,4.927253685157205,1.0,2.868923611111111,1.8041958041958044,25.0,0.20437956204379562,0
psf/requests,2015-07-27,2.70805020110221,3.8501476017100584,4.912654885736052,0.9615384615384616,8.82695601851852,0.6382978723404256,19.0,0.1925925925925926,0
psf/requests,2015-10-25,3.7612001156935624,4.465908118654584,4.890349128221754,0.8461538461538461,1.4249421296296296,1.8695652173913044,29.0,0.3560606060606061,0
psf/requests,2016-01-23,3.258096538021482,4.454347296253507,5.147494476813453,0.9615384615384616,1.578425925925926,0.8813559322033898,22.0,0.3567251461988304,0
psf/requests,2016-04-22,2.995732273553991,5.0689042022202315,5.497168225293202,0.9230769230769231,1.1452893518518519,0.4819277108433735,21.0,0.411522633744856,0
psf/requests,2016-07-21,2.995732273553991,4.143134726391533,5.3981627015177525,0.9615384615384616,1.0399421296296296,0.5309734513274337,25.0,0.4681818181818182,0
psf/requests,2016-10-19,3.4339872044851463,4.356708826689592,4.941642422609304,1.0,0.2649074074074074,1.282758620689655,21.0,0.20863309352517986,0
psf/requests,2017-01-17,3.1354942159291497,4.61512051684126,5.181783550292085,1.0,0.15072916666666666,0.7540983606557377,31.0,0.2542372881355932,0
psf/requests,2017-04-17,2.8903717578961645,4.897839799950911,5.455321115357702,1.0,0.008078703703703704,0.4518828451882845,26.0,0.33905579399141633,0
psf/requests,2017-07-16,2.5649493574615367,5.602118820879701,6.0014148779611505,1.0,1.5807986111111112,0.19070904645476772,29.0,0.6104218362282878,0
psf/requests,2017-10-14,2.5649493574615367,4.59511985013459,5.910796644040527,0.9615384615384616,4.055636574074074,0.20855614973262032,19.0,0.6440217391304348,0
psf/requests,2018-01-12,2.70805020110221,3.7612001156935624,4.948759890378168,0.8846153846153846,1.6693981481481481,0.6164383561643836,18.0,0.37857142857142856,0
psf/requests,2018-04-12,3.6635616461296463,4.976733742420574,5.231108616854587,0.7692307692307693,0.8325925925925926,1.21875,13.0,0.6666666666666666,0
psf/requests,2018-07-11,2.833213344056216,3.58351893845611,5.19295685089021,0.8846153846153846,3.0634027777777777,0.5513513513513514,16.0,0.6983240223463687,0
psf/requests,2018-10-09,3.4011973816621555,3.7376696182833684,4.343805421853684,0.8461538461538461,8.753622685185185,2.1951219512195124,13.0,0.2894736842105263,0
psf/requests,2019-01-07,1.9459101490553132,3.4011973816621555,4.2626798770413155,0.7307692307692307,9.127743055555555,0.5526315789473685,11.0,0.38571428571428573,0
psf/requests,2019-04-07,1.791759469228055,3.1780538303479458,3.970291913552122,0.6153846153846154,0.2949537037037037,0.6206896551724138,13.0,0.21153846153846154,0
psf/requests,2019-07-06,1.3862943611198906,3.4011973816621555,3.970291913552122,0.6923076923076923,4.391493055555555,0.4137931034482759,17.0,0.21153846153846154,0
psf/requests,2019-10-04,5.081404364984463,5.267858159063328,5.407171771460119,0.7307692307692307,5.104386574074074,4.2368421052631575,12.0,0.8063063063063063,0
psf/requests,2020-01-02,0.0,1.6094379124341003,5.288267030694535,0.38461538461538464,63.97644675925926,0.029556650246305417,4.0,0.8781725888324873,0
psf/requests,2020-04-01,1.3862943611198906,3.2188758248682006,3.367295829986474,0.46153846153846156,3.803275462962963,0.7058823529411764,14.0,0.2857142857142857,0
psf/requests,2020-06-30,2.302585092994046,2.833213344056216,3.713572066704308,0.5769230769230769,3.997361111111111,1.3043478260869565,11.0,0.325,0
psf/requests,2020-09-28,1.0986122886681098,2.5649493574615367,3.367295829986474,0.5,5.306817129629629,0.5294117647058824,8.0,0.21428571428571427,0
psf/requests,2020-12-27,2.1972245773362196,3.1780538303479458,3.58351893845611,0.5384615384615384,11.03195601851852,1.3170731707317074,14.0,0.17142857142857143,0
psf/requests,2021-03-27,1.791759469228055,2.302585092994046,3.4965075614664802,0.5,7.855428240740741,0.9473684210526316,7.0,0.15625,0
psf/requests,2021-06-25,0.6931471805599453,1.6094379124341003,2.6390573296152584,0.3076923076923077,24.595416666666665,0.6315789473684211,4.0,0.23076923076923078,0
psf/requests,2021-09-23,2.772588722239781,3.4339872044851463,3.5553480614894135,0.5384615384615384,1.8049305555555555,2.4,17.0,0.2647058823529412,0
psf/requests,2021-12-22,1.791759469228055,2.1972245773362196,3.6635616461296463,0.5769230769230769,17.32578703703704,0.8181818181818182,7.0,0.2894736842105263,0
psf/requests,2022-03-22,0.6931471805599453,3.044522437723423,3.367295829986474,0.4230769230769231,25.011087962962964,0.3529411764705882,6.0,0.6071428571428571,0
psf/requests,2022-06-20,2.1972245773362196,2.70805020110221,3.5553480614894135,0.5,11.166064814814815,1.3499999999999999,4.0,0.7647058823529411,0
psf/requests,2022-09-18,0.6931471805599453,2.1972245773362196,3.1354942159291497,0.4230769230769231,11.452997685185185,0.4285714285714286,8.0,0.5454545454545454,0
psf/requests,2022-12-17,1.0986122886681098,1.791759469228055,2.6390573296152584,0.3076923076923077,10.303425925925925,0.9473684210526316,5.0,0.07692307692307693,0
psf/requests,2023-03-17,1.6094379124341003,2.3978952727983707,2.772588722239781,0.4230769230769231,14.54755787037037,1.4285714285714286,9.0,0.13333333333333333,0
psf/requests,2023-06-15,1.3862943611198906,2.6390573296152584,3.1780538303479458,0.46153846153846156,24.128425925925924,0.8275862068965516,5.0,0.30434782608695654,0
psf/requests,2023-09-13,1.6094379124341003,2.8903717578961645,3.4339872044851463,0.46153846153846156,0.17175925925925925,0.8333333333333334,12.0,0.36666666666666664,0
psf/requests,2023-12-12,2.70805020110221,3.2188758248682006,3.7376696182833684,0.5769230769230769,11.191192129629629,1.9148936170212767,11.0,0.17073170731707318,0
psf/requests,2024-03-11,2.0794415416798357,2.9444389791664403,3.7612001156935624,0.5,8.236446759259259,1.0,7.0,0.16666666666666666,0
psf/requests,2024-06-09,2.70805020110221,2.995732273553991,3.6375861597263857,0.46153846153846156,11.128564814814816,2.093023255813953,7.0,0.4594594594594595,0
psf/requests,2024-09-07,0.0,1.791759469228055,3.2188758248682006,0.4230769230769231,40.61909722222222,0.2,3.0,0.625,0
psf/requests,2024-12-06,0.6931471805599453,2.302585092994046,2.70805020110221,0.34615384615384615,26.53527777777778,0.6,3.0,0.42857142857142855,0
psf/requests,2025-03-06,1.9459101490553132,2.0794415416798357,2.833213344056216,0.3076923076923077,15.691550925925926,1.9090909090909092,4.0,0.3125,0
psf/requests,2025-06-04,1.3862943611198906,2.0794415416798357,2.70805020110221,0.3076923076923077,3.192673611111111,1.2,6.0,0.21428571428571427,0
psf/requests,2025-09-02,1.0986122886681098,2.5649493574615367,2.995732273553991,0.4230769230769231,14.929143518518519,0.7200000000000001,8.0,0.21052631578947367,0
psf/requests,2026-03-01,2.70805020110221,2.70805020110221,2.70805020110221,0.19230769230769232,2.3827430555555558,4.5,4.0,0.7857142857142857,0
pyenv/pyenv,2012-07-31,0.6931471805599453,1.0986122886681098,2.302585092994046,0.23076923076923078,0.8419560185185185,0.8,2.0,0.4444444444444444,0
pyenv/pyenv,2012-10-29,2.6390573296152584,3.6375861597263857,3.6888794541139363,0.34615384615384615,6.496192129629629,1.8666666666666667,6.0,0.7948717948717948,0
pyenv/pyenv,2013-01-27,3.9512437185814275,4.382026634673881,4.762173934797756,0.6538461538461539,2.116840277777778,2.557377049180328,12.0,0.3706896551724138,0
pyenv/pyenv,2013-04-27,3.258096538021482,4.007333185232471,4.897839799950911,0.7692307692307693,0.3687037037037037,1.1223021582733812,11.0,0.3233082706766917,0
pyenv/pyenv,2013-07-26,3.091042453358316,4.564348191467836,5.0106352940962555,0.9230769230769231,0.5356365740740741,0.8516129032258065,6.0,0.7114093959731543,0
pyenv/pyenv,2013-10-24,2.833213344056216,3.8066624897703196,4.941642422609304,1.0,1.6047800925925926,0.7034482758620689,10.0,0.8201438848920863,0
pyenv/pyenv,2014-01-22,4.204692619390966,4.6913478822291435,5.030437921392435,0.9615384615384616,1.5639699074074074,2.5443037974683547,10.0,0.6776315789473685,0
pyenv/pyenv,2014-04-22,3.2188758248682006,4.5217885770490405,5.298317366548036,0.9615384615384616,4.8409375,0.7317073170731708,14.0,0.7185929648241206,0
pyenv/pyenv,2014-07-21,2.0794415416798357,4.060443010546419,5.003946305945459,0.8846153846153846,16.21847222222222,0.3116883116883117,7.0,0.6891891891891891,0
pyenv/pyenv,2014-10-19,3.713572066704308,4.060443010546419,4.74493212836325,0.7692307692307693,0.1974189814814815,2.05,5.0,0.3333333333333333,0
pyenv/pyenv,2015-01-17,1.0986122886681098,3.828641396489095,4.634728988229636,0.7692307692307693,2.2755787037037036,0.16666666666666666,12.0,0.39215686274509803,0
pyenv/pyenv,2015-04-17,2.6390573296152584,3.871201010907891,4.532599493153256,0.8076923076923077,2.298113425925926,0.857142857142857,13.0,0.4782608695652174,0
pyenv/pyenv,2015-07-16,2.1972245773362196,3.784189633918261,4.51085950651685,0.8461538461538461,8.270972222222222,0.5625,12.0,0.34444444444444444,0
pyenv/pyenv,2015-10-14,2.6390573296152584,3.8066624897703196,4.477336814478207,0.8846153846153846,2.887835648148148,0.9032258064516129,11.0,0.3333333333333333,0
pyenv/pyenv,2016-01-12,3.970291913552122,4.795790545596741,5.10594547390058,1.0,0.07402777777777778,1.8705882352941177,18.0,0.40853658536585363,0
pyenv/pyenv,2016-04-11,1.6094379124341003,3.6635616461296463,5.0689042022202315,0.8076923076923077,2.8017824074074076,0.18292682926829268,12.0,0.4430379746835443,0
pyenv/pyenv,2016-07-10,3.4965075614664802,4.127134385045092,4.605170185988092,0.7692307692307693,5.771122685185185,1.8857142857142857,10.0,0.5656565656565656,0
pyenv/pyenv,2016-10-08,3.713572066704308,4.454347296253507,4.990432586778736,0.9615384615384616,3.822488425925926,1.618421052631579,12.0,0.5068493150684932,0
pyenv/pyenv,2017-01-06,3.1780538303479458,4.02535169073515,4.948759890378168,0.9230769230769231,0.2687847222222222,0.9863013698630138,18.0,0.3142857142857143,0
pyenv/pyenv,2017-04-06,3.4011973816621555,4.02535169073515,4.709530201312334,0.9230769230769231,1.009976851851852,1.5517241379310345,18.0,0.17272727272727273,0
pyenv/pyenv,2017-07-05,3.2188758248682006,3.7376696182833684,4.574710978503383,0.9230769230769231,0.5239467592592593,1.4705882352941178,22.0,0.21875,0
pyenv/pyenv,2017-10-03,2.9444389791664403,3.784189633918261,4.442651256490317,0.8846153846153846,0.6004976851851852,1.2666666666666666,14.0,0.25,0
pyenv/pyenv,2018-01-01,2.3978952727983707,3.8501476017100584,4.499809670330265,0.9230769230769231,6.227303240740741,0.6947368421052631,15.0,0.2696629213483146,0
pyenv/pyenv,2018-04-01,2.995732273553991,3.713572066704308,4.465908118654584,0.9230769230769231,2.0735763888888887,1.3043478260869565,16.0,0.3023255813953488,0
pyenv/pyenv,2018-06-30,2.6390573296152584,3.5553480614894135,4.31748811353631,0.8461538461538461,1.6214583333333332,1.05,16.0,0.25675675675675674,0
pyenv/pyenv,2018-09-28,1.3862943611198906,2.6390573296152584,3.871201010907891,0.6153846153846154,9.272210648148148,0.45283018867924535,7.0,0.2978723404255319,0
pyenv/pyenv,2018-12-27,1.3862943611198906,2.70805020110221,3.332204510175204,0.38461538461538464,0.631099537037037,0.7272727272727273,8.0,0.3333333333333333,0
pyenv/pyenv,2019-03-27,2.70805020110221,3.295836866004329,3.713572066704308,0.5769230769230769,0.06215277777777778,1.9565217391304348,16.0,0.2,0
pyenv/pyenv,2019-06-25,2.0794415416798357,3.367295829986474,4.007333185232471,0.5769230769230769,0.13202546296296297,0.8,12.0,0.24074074074074073,0
pyenv/pyenv,2019-09-23,1.791759469228055,2.302585092994046,3.6375861597263857,0.5769230769230769,4.9013078703703705,0.8372093023255813,6.0,0.35135135135135137,0
pyenv/pyenv,2019-12-22,1.791759469228055,3.5553480614894135,3.784189633918261,0.5769230769230769,2.100138888888889,0.7346938775510203,17.0,0.16279069767441862,0
pyenv/pyenv,2020-03-21,2.3978952727983707,3.4339872044851463,4.174387269895637,0.7307692307692307,1.9685185185185186,0.942857142857143,18.0,0.171875,0
pyenv/pyenv,2020-06-19,1.9459101490553132,3.4657359027997265,4.127134385045092,0.7692307692307693,2.2790162037037036,0.6268656716417911,21.0,0.18032786885245902,0
pyenv/pyenv,2020-09-17,1.6094379124341003,2.9444389791664403,3.912023005428146,0.7307692307692307,2.2382407407407405,0.5454545454545455,13.0,0.22448979591836735,0
pyenv/pyenv,2020-12-16,2.3978952727983707,3.4657359027997265,3.912023005428146,0.6923076923076923,0.1787962962962963,1.2000000000000002,25.0,0.12244897959183673,0
pyenv/pyenv,2021-03-16,4.0943445622221,4.653960350157523,4.912654885736052,0.7692307692307693,8.36636574074074,2.5531914893617023,23.0,0.3037037037037037,0
pyenv/pyenv,2021-06-14,3.5553480614894135,4.553876891600541,5.293304824724492,0.8846153846153846,0.2789351851851852,1.0294117647058822,22.0,0.2878787878787879,0
pyenv/pyenv,2021-09-12,2.833213344056216,3.9889840465642745,4.997212273764115,0.9615384615384616,3.3315509259259257,0.6666666666666666,15.0,0.3741496598639456,0
pyenv/pyenv,2021-12-11,2.9444389791664403,4.605170185988092,5.030437921392435,0.9230769230769231,2.0897800925925925,0.7215189873417722,31.0,0.25,0
pyenv/pyenv,2022-03-11,2.302585092994046,3.4657359027997265,4.875197323201151,0.8846153846153846,2.108888888888889,0.4411764705882353,21.0,0.3,0
pyenv/pyenv,2022-06-09,2.9444389791664403,3.9318256327243257,4.406719247264253,0.8461538461538461,0.8733333333333333,1.3103448275862069,20.0,0.32098765432098764,0
pyenv/pyenv,2022-09-07,2.9444389791664403,3.6888794541139363,4.499809670330265,0.7692307692307693,0.19253472222222223,1.2,18.0,0.449438202247191,0
pyenv/pyenv,2022-12-06,2.9444389791664403,4.31748811353631,4.736198448394496,0.8461538461538461,1.0346527777777779,0.957983193277311,32.0,0.3274336283185841,0
pyenv/pyenv,2023-03-06,3.1780538303479458,4.418840607796598,5.056245805348308,0.9615384615384616,4.516006944444444,0.8888888888888888,32.0,0.2948717948717949,0
pyenv/pyenv,2023-06-04,2.1972245773362196,3.4657359027997265,4.736198448394496,0.8846153846153846,10.518599537037037,0.45378151260504207,15.0,0.25663716814159293,0
pyenv/pyenv,2023-09-02,2.70805020110221,4.007333185232471,4.454347296253507,0.7692307692307693,4.503645833333334,0.989010989010989,16.0,0.29411764705882354,0
pyenv/pyenv,2023-12-01,2.70805020110221,3.9318256327243257,4.653960350157523,0.8076923076923077,2.0077777777777777,0.8181818181818182,18.0,0.2980769230769231,0
pyenv/pyenv,2024-02-29,2.8903717578961645,3.6109179126442243,4.465908118654584,0.7692307692307693,1.2027893518518518,1.1739130434782608,18.0,0.2441860465116279,0
pyenv/pyenv,2024-05-29,2.3978952727983707,3.295836866004329,4.143134726391533,0.7307692307692307,1.8155092592592592,0.9705882352941176,9.0,0.24193548387096775,0
pyenv/pyenv,2024-08-27,2.1972245773362196,3.828641396489095,4.276666119016055,0.7307692307692307,0.2775810185185185,0.7012987012987013,15.0,0.39436619718309857,0
pyenv/pyenv,2024-11-25,2.4849066497880004,3.58351893845611,4.394449154672439,0.8076923076923077,2.3023148148148147,0.8372093023255813,15.0,0.425,0
pyenv/pyenv,2025-02-23,2.70805020110221,4.174387269895637,4.605170185988092,0.8461538461538461,9.58474537037037,0.8571428571428571,16.0,0.4444444444444444,0
pyenv/pyenv,2025-05-24,2.772588722239781,3.2188758248682006,4.48863636973214,0.7692307692307693,2.6611226851851852,1.021276595744681,11.0,0.4772727272727273,0
pyenv/pyenv,2025-08-22,2.3978952727983707,3.58351893845611,4.0943445622221,0.8076923076923077,6.1476041666666665,1.0153846153846153,8.0,0.5423728813559322,0
pyenv/pyenv,2025-11-20,2.0794415416798357,3.8918202981106265,4.430816798843313,0.8846153846153846,1.3887268518518519,0.5393258426966292,9.0,0.5662650602409639,0
pyenv/pyenv,2026-02-18,2.1972245773362196,4.143134726391533,4.709530201312334,0.8076923076923077,1.8830902777777778,0.4655172413793104,11.0,0.6363636363636364,0
pyinvoke/invoke,2012-05-01,3.258096538021482,4.02535169073515,4.02535169073515,0.2692307692307692,0.11023148148148149,2.557377049180328,1.0,1.0,0
pyinvoke/invoke,2012-07-30,4.127134385045092,5.298317366548036,5.541263545158426,0.7307692307692307,3.058923611111111,1.4307692307692308,2.0,0.9330708661417323,0
pyinvoke/invoke,2012-10-28,4.060443010546419,4.532599493153256,5.676753802268282,0.6923076923076923,0.698287037037037,1.1717171717171717,1.0,0.9415807560137457,0
pyinvoke/invoke,2013-01-26,3.044522437723423,4.127134385045092,5.0369526024136295,0.6153846153846154,5.086469907407407,0.7924528301886793,1.0,1.0,0
pyinvoke/invoke,2013-04-26,3.912023005428146,5.442417710521793,5.676753802268282,0.6923076923076923,11.236770833333333,1.0101010101010102,3.0,0.9450171821305842,0
pyinvoke/invoke,2013-07-25,3.4339872044851463,4.276666119016055,5.71042701737487,0.5769230769230769,8.745393518518519,0.6058631921824105,3.0,0.9368770764119602,0
pyinvoke/invoke,2013-10-23,3.4339872044851463,4.04305126783455,4.852030263919617,0.5384615384615384,10.645439814814814,1.3984962406015038,4.0,0.9133858267716536,0
pyinvoke/invoke,2014-01-21,3.2188758248682006,3.871201010907891,4.6443908991413725,0.5769230769230769,0.14318287037037036,1.3761467889908257,3.0,0.9029126213592233,0
pyinvoke/invoke,2014-04-21,2.772588722239781,4.07753744390572,4.663439094112067,0.6538461538461539,6.085,0.8648648648648649,7.0,0.8571428571428571,0
pyinvoke/invoke,2014-07-20,0.6931471805599453,5.198497031265826,5.476463551931511,0.6923076923076923,25.70690972222222,0.049180327868852465,3.0,0.9327731092436975,0
pyinvoke/invoke,2014-10-18,5.14166355650266,5.529429087511423,6.068425588244111,0.7307692307692307,2.837789351851852,2.347826086956522,3.0,0.9860788863109049,0
pyinvoke/invoke,2015-01-16,2.1972245773362196,4.9344739331306915,5.966146739123692,0.7307692307692307,4.036226851851852,0.13670886075949368,3.0,0.987146529562982,0
pyinvoke/invoke,2015-04-16,3.828641396489095,5.056245805348308,5.68697535633982,0.7307692307692307,2.0309606481481484,0.92,5.0,0.95578231292517,0
pyinvoke/invoke,2015-07-15,2.3978952727983707,5.209486152841421,5.82600010738045,0.7692307692307693,0.1597337962962963,0.19186046511627905,3.0,0.9615384615384616,0
pyinvoke/invoke,2015-10-13,4.553876891600541,5.093750200806762,5.84354441703136,0.6153846153846154,14.7328125,1.6285714285714286,3.0,0.9883720930232558,0
pyinvoke/invoke,2016-01-11,4.48863636973214,4.804021044733257,5.648974238161206,0.5384615384615384,6.814305555555555,1.8477508650519032,5.0,0.9787985865724381,0
pyinvoke/invoke,2016-04-10,3.2188758248682006,4.584967478670572,5.389071729816501,0.5769230769230769,16.192893518518517,0.6696428571428571,4.0,0.9587155963302753,0
pyinvoke/invoke,2016-07-09,3.258096538021482,4.709530201312334,5.337538079701318,0.6153846153846154,12.759340277777778,0.7323943661971831,3.0,0.961352657004831,0
pyinvoke/invoke,2016-10-07,4.532599493153256,4.7535901911063645,5.420534999272286,0.5384615384615384,3.9764699074074072,2.4155844155844157,1.0,0.9866666666666667,0
pyinvoke/invoke,2017-01-05,3.6635616461296463,4.8283137373023015,5.480638923341991,0.6923076923076923,2.7870949074074076,0.9551020408163264,4.0,0.9581589958158996,0
pyinvoke/invoke,2017-04-05,3.8066624897703196,5.0238805208462765,5.62040086571715,0.8461538461538461,2.1849189814814816,0.9608540925266903,3.0,0.9563636363636364,0
pyinvoke/invoke,2017-07-04,2.4849066497880004,4.727387818712341,5.575949103146316,0.8461538461538461,4.949722222222222,0.26765799256505574,4.0,0.9619771863117871,0
pyinvoke/invoke,2017-10-02,2.9444389791664403,4.8283137373023015,5.4680601411351315,0.7307692307692307,13.289270833333333,0.47107438016528924,4.0,0.9322033898305084,0
pyinvoke/invoke,2017-12-31,0.6931471805599453,3.2188758248682006,5.003946305945459,0.5,0.011712962962962963,0.07792207792207792,1.0,0.9459459459459459,0
pyinvoke/invoke,2018-03-31,0.6931471805599453,2.8903717578961645,3.7376696182833684,0.2692307692307692,7.890960648148148,0.25531914893617025,1.0,1.0,0
pyinvoke/invoke,2018-06-29,3.58351893845611,5.2574953720277815,5.342334251964811,0.46153846153846156,1.8760300925925926,1.0093457943925235,1.0,1.0,0
pyinvoke/invoke,2018-09-27,1.9459101490553132,4.3694478524670215,5.598421958998375,0.5769230769230769,1.9535879629629629,0.1527272727272727,7.0,0.9628252788104089,0
pyinvoke/invoke,2018-12-26,0.0,4.02535169073515,4.897839799950911,0.5,42.705300925925926,0.043165467625899276,2.0,0.9172932330827067,0
pyinvoke/invoke,2019-03-26,0.0,2.1972245773362196,4.1588830833596715,0.3076923076923077,78.00315972222222,0.08695652173913043,3.0,0.873015873015873,0
pyinvoke/invoke,2019-06-24,2.4849066497880004,3.044522437723423,3.367295829986474,0.23076923076923078,10.075266203703704,2.1176470588235294,2.0,0.7142857142857143,0
pyinvoke/invoke,2019-09-22,0.0,3.6888794541139363,4.0943445622221,0.4230769230769231,37.91559027777778,0.0923076923076923,3.0,0.9491525423728814,0
pyinvoke/invoke,2019-12-21,2.3978952727983707,2.3978952727983707,3.912023005428146,0.3076923076923077,1.0522337962962962,1.2000000000000002,1.0,0.9591836734693877,0
pyinvoke/invoke,2020-03-20,0.0,3.58351893845611,3.828641396489095,0.19230769230769232,50.84903935185185,0.11764705882352941,2.0,0.9777777777777777,1
pyinvoke/invoke,2020-12-15,2.302585092994046,2.772588722239781,2.772588722239781,0.15384615384615385,3.8384953703703704,2.857142857142857,1.0,1.0,0
pyinvoke/invoke,2021-03-15,0.0,2.772588722239781,3.4339872044851463,0.23076923076923078,71.3859375,0.16666666666666666,2.0,0.9666666666666667,0
pyinvoke/invoke,2021-06-13,2.0794415416798357,2.1972245773362196,3.1780538303479458,0.19230769230769232,7.118541666666666,1.6551724137931032,2.0,0.9130434782608695,0
pyinvoke/invoke,2021-09-11,0.0,2.0794415416798357,2.772588722239781,0.23076923076923078,61.329363425925926,0.2857142857142857,2.0,0.8666666666666667,0
pyinvoke/invoke,2021-12-10,0.0,1.3862943611198906,2.3978952727983707,0.19230769230769232,55.694340277777776,0.37499999999999994,1.0,0.9,0
pyinvoke/invoke,2022-03-10,0.6931471805599453,2.70805020110221,2.8903717578961645,0.19230769230769232,24.854050925925925,0.5217391304347826,2.0,0.9411764705882353,0
pyinvoke/invoke,2022-06-08,1.6094379124341003,3.295836866004329,3.713572066704308,0.34615384615384615,1.0538078703703704,0.6521739130434783,2.0,0.775,0
pyinvoke/invoke,2022-12-05,0.0,2.3978952727983707,2.3978952727983707,0.07692307692307693,65.9791087962963,0.37499999999999994,1.0,1.0,0
pyinvoke/invoke,2023-03-05,3.4965075614664802,4.442651256490317,4.553876891600541,0.46153846153846156,10.730543981481482,1.9800000000000002,3.0,0.6063829787234043,0
pyinvoke/invoke,2023-06-03,2.0794415416798357,3.091042453358316,4.663439094112067,0.5769230769230769,11.229930555555555,0.43243243243243246,2.0,0.6190476190476191,0
pyinvoke/invoke,2023-09-01,0.0,1.6094379124341003,3.258096538021482,0.2692307692307692,51.13791666666667,0.1935483870967742,2.0,0.84,0
pyinvoke/invoke,2023-11-30,0.0,0.6931471805599453,1.791759469228055,0.11538461538461539,67.91337962962963,0.5454545454545454,1.0,0.8,0
pyinvoke/invoke,2024-02-28,0.0,0.6931471805599453,1.0986122886681098,0.07692307692307693,89.09512731481482,0.75,1.0,1.0,0
pyinvoke/invoke,2024-05-28,0.0,0.6931471805599453,1.0986122886681098,0.07692307692307693,74.26675925925926,0.75,1.0,1.0,0
pyinvoke/invoke,2024-11-24,0.0,0.6931471805599453,0.6931471805599453,0.038461538461538464,36.89534722222222,0.8571428571428571,1.0,1.0,0
pyinvoke/invoke,2025-02-22,0.6931471805599453,0.6931471805599453,1.0986122886681098,0.07692307692307693,15.248541666666666,1.5,1.0,1.0,0
pyinvoke/invoke,2025-08-21,0.0,2.8903717578961645,2.8903717578961645,0.11538461538461539,61.16471064814815,0.2608695652173913,3.0,0.8235294117647058,0
pyinvoke/invoke,2025-11-19,0.0,3.5263605246161616,3.9318256327243257,0.19230769230769232,30.775648148148147,0.10714285714285714,2.0,0.92,0
pypa/pip,2009-10-15,3.7376696182833684,4.382026634673881,4.795790545596741,0.6538461538461539,7.053495370370371,2.0,6.0,0.5083333333333333,0
pypa/pip,2010-01-13,0.0,4.543294782270004,5.153291594497779,0.6538461538461539,31.983668981481483,0.033707865168539325,5.0,0.4186046511627907,0
pypa/pip,2010-04-13,3.1354942159291497,4.430816798843313,5.176149732573829,0.7307692307692307,0.05126157407407408,0.7582417582417583,11.0,0.32386363636363635,0
pypa/pip,2010-07-12,3.6109179126442243,5.327876168789581,5.666426688112432,0.8461538461538461,1.4427546296296296,0.7551020408163265,12.0,0.2534722222222222,0
pypa/pip,2010-10-10,1.9459101490553132,4.442651256490317,5.66988092298052,0.8461538461538461,26.223761574074075,0.1423728813559322,6.0,0.3771626297577855,0
pypa/pip,2011-01-08,1.3862943611198906,2.9444389791664403,4.634728988229636,0.6153846153846154,4.371469907407407,0.2222222222222222,5.0,0.4019607843137255,0
pypa/pip,2011-04-08,4.574710978503383,4.770684624465665,4.912654885736052,0.6153846153846154,0.9406828703703703,4.127659574468085,17.0,0.31851851851851853,0
pypa/pip,2011-07-07,1.3862943611198906,3.9318256327243257,5.123963979403259,0.6538461538461539,23.142511574074074,0.13872832369942198,9.0,0.3413173652694611,0
pypa/pip,2011-10-05,2.6390573296152584,3.58351893845611,4.454347296253507,0.6923076923076923,1.3279050925925926,0.9230769230769231,10.0,0.16470588235294117,0
pypa/pip,2012-01-03,3.295836866004329,3.9512437185814275,4.465908118654584,0.8461538461538461,1.0752893518518518,1.7608695652173911,13.0,0.26744186046511625,0
pypa/pip,2012-04-02,3.1354942159291497,4.343805421853684,4.852030263919617,0.8846153846153846,1.0145833333333334,1.037593984962406,19.0,0.3779527559055118,0
pypa/pip,2012-07-01,3.828641396489095,4.51085950651685,5.117993812416755,0.9230769230769231,0.24380787037037038,1.6046511627906976,17.0,0.2469879518072289,0
pypa/pip,2012-09-29,4.3694478524670215,4.77912349311153,5.342334251964811,0.9230769230769231,0.9086342592592592,2.2149532710280377,21.0,0.23076923076923078,0
pypa/pip,2012-12-28,3.9512437185814275,4.74493212836325,5.4510384535657,0.9230769230769231,1.1748032407407407,1.3109243697478992,12.0,0.3922413793103448,0
pypa/pip,2013-03-28,3.9512437185814275,5.075173815233827,5.6131281063880705,0.9230769230769231,0.17017361111111112,1.118279569892473,11.0,0.6483516483516484,0
pypa/pip,2013-06-26,4.07753744390572,4.770684624465665,5.6240175061873385,0.9230769230769231,0.1803935185185185,1.2553191489361701,20.0,0.6485507246376812,0
pypa/pip,2013-09-24,3.8918202981106265,5.351858133476067,5.793013608384144,1.0,2.722673611111111,0.8828828828828829,18.0,0.38837920489296635,0
pypa/pip,2013-12-23,3.4011973816621555,4.820281565605037,5.811140992976701,1.0,2.94,0.5309734513274337,11.0,0.4444444444444444,0
pypa/pip,2014-03-23,4.007333185232471,5.272999558563747,5.762051382780177,1.0,0.2315625,1.021671826625387,22.0,0.3659305993690852,0
pypa/pip,2014-06-21,3.258096538021482,4.948759890378168,5.814130531825066,1.0,2.0247106481481483,0.45882352941176474,27.0,0.3592814371257485,0
pypa/pip,2014-09-19,4.23410650459726,4.770684624465665,5.552959584921617,1.0,0.5476157407407407,1.5741444866920151,22.0,0.42412451361867703,0
pypa/pip,2014-12-18,4.276666119016055,4.6913478822291435,5.420534999272286,0.9230769230769231,0.18640046296296298,1.87012987012987,17.0,0.44,0
pypa/pip,2015-03-18,4.7535901911063645,5.598421958998375,5.934894195619588,0.9230769230769231,0.08513888888888889,1.8172323759791122,32.0,0.4509283819628647,0
pypa/pip,2015-06-16,4.174387269895637,5.545177444479562,6.263398262591624,1.0,1.0180324074074074,0.7358490566037736,27.0,0.3931297709923664,0
pypa/pip,2015-09-14,4.02535169073515,4.5217885770490405,5.849324779946859,0.9230769230769231,0.35885416666666664,0.9545454545454546,26.0,0.3092485549132948,0
pypa/pip,2015-12-13,3.784189633918261,4.962844630259907,5.455321115357702,1.0,2.1690162037037037,1.104602510460251,22.0,0.24892703862660945,0
pypa/pip,2016-03-12,4.007333185232471,5.262690188904886,5.814130531825066,1.0,2.7969560185185185,0.9705882352941176,45.0,0.27844311377245506,0
pypa/pip,2016-06-10,3.4965075614664802,4.0943445622221,5.529429087511423,0.9230769230769231,0.10821759259259259,0.7704280155642023,31.0,0.26693227091633465,0
pypa/pip,2016-09-08,2.833213344056216,3.970291913552122,4.718498871295094,0.9230769230769231,1.054849537037037,0.8717948717948718,24.0,0.12612612612612611,0
pypa/pip,2016-12-07,3.1354942159291497,4.477336814478207,4.941642422609304,0.8846153846153846,0.25201388888888887,0.9517241379310344,22.0,0.17985611510791366,0
pypa/pip,2017-03-07,2.0794415416798357,3.8918202981106265,4.912654885736052,0.9230769230769231,2.2313310185185187,0.3404255319148936,19.0,0.18518518518518517,0
pypa/pip,2017-06-05,5.003946305945459,5.631211781821365,5.7899601708972535,0.9230769230769231,0.314224537037037,2.692771084337349,25.0,0.3987730061349693,0
pypa/pip,2017-09-03,3.8918202981106265,4.812184355372417,5.993961427306569,0.9230769230769231,1.4376041666666666,0.7241379310344828,11.0,0.42,0
pypa/pip,2017-12-02,3.258096538021482,4.48863636973214,5.351858133476067,0.8846153846153846,1.5651157407407408,0.7222222222222222,24.0,0.43333333333333335,0
pypa/pip,2018-03-02,2.302585092994046,4.418840607796598,5.14166355650266,0.8076923076923077,0.04633101851851852,0.34090909090909094,15.0,0.4294117647058823,0
pypa/pip,2018-05-31,3.970291913552122,5.2832037287379885,5.631211781821365,0.8461538461538461,0.4262037037037037,1.1197183098591548,28.0,0.37050359712230213,0
pypa/pip,2018-08-29,4.0943445622221,5.700443573390687,6.20455776256869,1.0,1.1970833333333333,0.7200000000000001,31.0,0.48582995951417,0
pypa/pip,2018-11-27,4.2626798770413155,5.66988092298052,6.376726947898627,1.0,0.37701388888888887,0.718381112984823,48.0,0.3526405451448041,0
pypa/pip,2019-02-25,4.143134726391533,5.153291594497779,6.135564891081739,0.9615384615384616,0.22427083333333334,0.8094218415417559,24.0,0.22559652928416485,0
pypa/pip,2019-05-26,4.430816798843313,5.081404364984463,5.808142489980444,0.9615384615384616,0.10651620370370371,1.4911242603550294,37.0,0.35240963855421686,0
pypa/pip,2019-08-24,4.836281906951478,5.723585101952381,6.144185634125646,1.0,0.02431712962962963,1.605095541401274,33.0,0.3655913978494624,0
pypa/pip,2019-11-22,5.278114659230517,6.517671272912275,6.889591308354466,1.0,0.29311342592592593,1.1914893617021276,54.0,0.28338430173292556,0
pypa/pip,2020-02-20,4.867534450455582,6.186208623900494,7.057897937411856,1.0,2.688599537037037,0.6683804627249358,31.0,0.38931955211024977,0
pypa/pip,2020-05-20,5.393627546352362,6.380122536899765,6.980075940561763,1.0,0.0581712962962963,1.2222222222222223,39.0,0.22346368715083798,0
pypa/pip,2020-08-18,5.225746673713202,6.35088571671474,7.057897937411856,1.0,0.038078703703703705,0.9562982005141388,35.0,0.1739879414298019,0
pypa/pip,2020-11-16,4.663439094112067,5.424950017481403,6.683360945766275,1.0,2.4962962962962965,0.7910447761194029,28.0,0.14160401002506265,0
pypa/pip,2021-02-14,4.605170185988092,5.730099782973574,6.280395838960195,1.0,1.4249537037037037,1.1131725417439704,31.0,0.24765478424015008,0
pypa/pip,2021-05-15,3.970291913552122,5.3706380281276624,6.257667587882639,1.0,4.343460648148148,0.603415559772296,36.0,0.21880998080614203,0
pypa/pip,2021-08-13,5.056245805348308,5.717027701406222,6.249975242259483,1.0,0.35921296296296296,1.8011472275334608,36.0,0.30947775628626695,0
pypa/pip,2021-11-11,4.174387269895637,5.594711379601839,6.349138991379798,1.0,1.398414351851852,0.6759098786828422,35.0,0.19614711033274956,0
pypa/pip,2022-02-09,4.418840607796598,5.231108616854587,6.12029741895095,1.0,0.844224537037037,1.0826086956521739,30.0,0.3237885462555066,0
pypa/pip,2022-05-10,4.174387269895637,4.919980925828125,5.777652323222656,1.0,3.2772453703703706,1.1890243902439024,27.0,0.33540372670807456,0
pypa/pip,2022-08-08,4.962844630259907,5.488937726156687,5.934894195619588,1.0,1.2144212962962964,2.240208877284595,29.0,0.22281167108753316,0
pypa/pip,2022-11-06,3.713572066704308,4.543294782270004,5.814130531825066,1.0,1.2648611111111112,0.7235294117647059,29.0,0.25449101796407186,0
pypa/pip,2023-02-04,3.8501476017100584,4.836281906951478,5.389071729816501,1.0,0.031099537037037037,1.2589285714285714,26.0,0.1559633027522936,0
pypa/pip,2023-05-05,4.007333185232471,5.170483995038151,5.707110264748875,0.9615384615384616,9.131631944444445,1.0784313725490196,30.0,0.26,0
pypa/pip,2023-08-03,4.30406509320417,5.247024072160486,5.8998973535824915,0.9230769230769231,0.5085648148148149,1.2,29.0,0.2032967032967033,0
pypa/pip,2023-11-01,3.5553480614894135,4.787491742782046,5.733341276897746,1.0,5.3770949074074075,0.6687898089171974,30.0,0.1331168831168831,0
pypa/pip,2024-01-30,2.8903717578961645,3.912023005428146,5.1298987149230735,0.8846153846153846,0.09262731481481482,0.6206896551724138,16.0,0.2916666666666667,0
pypa/pip,2024-04-29,4.0943445622221,5.1298987149230735,5.384495062789089,0.9615384615384616,0.1087962962962963,1.6143497757847534,30.0,0.35944700460829493,0
pypa/pip,2024-07-28,3.9318256327243257,4.90527477843843,5.713732805509369,0.9615384615384616,0.1009837962962963,0.9935064935064934,37.0,0.2052980132450331,0
pypa/pip,2024-10-26,3.1354942159291497,4.418840607796598,5.37989735354046,0.9230769230769231,0.495625,0.6216216216216216,15.0,0.2222222222222222,0
pypa/pip,2025-01-24,3.713572066704308,4.48863636973214,5.14166355650266,0.9230769230769231,5.197349537037037,1.3977272727272727,20.0,0.29411764705882354,0
pypa/pip,2025-04-24,3.7376696182833684,5.056245805348308,5.501258210544727,0.8846153846153846,2.9936574074074076,1.008,28.0,0.27459016393442626,0
pypa/pip,2025-07-23,3.4965075614664802,4.653960350157523,5.564520407322694,0.9615384615384616,0.8400347222222222,0.7443609022556391,21.0,0.2653846153846154,0
pypa/pip,2025-10-21,4.0943445622221,5.0238805208462765,5.545177444479562,0.9615384615384616,0.9697569444444445,1.3793103448275863,23.0,0.2901960784313726,0
pypa/pip,2026-01-19,3.9889840465642745,4.7535901911063645,5.58724865840025,0.9615384615384616,2.751099537037037,1.1911764705882353,25.0,0.40977443609022557,0
pytest-dev/pytest,2008-01-24,1.6094379124341003,2.0794415416798357,3.713572066704308,0.5,5.908657407407407,0.6521739130434783,1.0,1.0,0
pytest-dev/pytest,2008-04-23,0.0,2.8903717578961645,3.2188758248682006,0.38461538461538464,35.726597222222225,0.2,1.0,1.0,0
pytest-dev/pytest,2008-07-22,2.70805020110221,2.8903717578961645,3.5553480614894135,0.4230769230769231,3.166574074074074,2.25,1.0,1.0,0
pytest-dev/pytest,2008-10-20,3.4011973816621555,4.844187086458591,4.969813299576001,0.6538461538461539,0.026979166666666665,1.2080536912751678,1.0,1.0,0
pytest-dev/pytest,2009-01-18,1.6094379124341003,2.772588722239781,4.955827057601261,0.6923076923076923,3.7200925925925925,0.20408163265306123,1.0,1.0,0
pytest-dev/pytest,2009-04-18,5.393627546352362,5.707110264748875,5.755742213586912,0.6923076923076923,0.8254398148148148,4.11214953271028,3.0,0.8952380952380953,0
pytest-dev/pytest,2009-07-17,3.912023005428146,4.962844630259907,6.093569770045136,0.8846153846153846,0.003263888888888889,0.6696428571428571,3.0,0.6040723981900452,0
pytest-dev/pytest,2009-10-15,3.5263605246161616,5.327876168789581,5.8522024797744745,0.9615384615384616,0.0035185185185185185,0.5779036827195467,5.0,0.7896253602305475,0
pytest-dev/pytest,2010-01-13,4.442651256490317,5.0689042022202315,5.8971538676367405,1.0,0.6088078703703703,1.3821138211382114,4.0,0.8044077134986226,0
pytest-dev/pytest,2010-04-13,0.6931471805599453,4.007333185232471,5.3612921657094255,0.8076923076923077,1.0109837962962962,0.055045871559633024,2.0,0.9339622641509434,0
pytest-dev/pytest,2010-07-12,3.970291913552122,5.247024072160486,5.497168225293202,0.8076923076923077,3.8405324074074074,1.2771084337349397,4.0,0.9094650205761317,0
pytest-dev/pytest,2010-10-10,4.0943445622221,4.477336814478207,5.6240175061873385,0.8076923076923077,0.022083333333333333,1.2765957446808511,5.0,0.8514492753623188,0
pytest-dev/pytest,2011-01-08,1.3862943611198906,5.267858159063328,5.638354669333745,0.6923076923076923,15.727349537037037,0.08391608391608392,5.0,0.8607142857142858,0
pytest-dev/pytest,2011-04-08,2.1972245773362196,4.127134385045092,5.541263545158426,0.7692307692307693,19.799270833333335,0.20769230769230768,4.0,0.9133858267716536,0
pytest-dev/pytest,2011-07-07,3.5553480614894135,4.867534450455582,5.25227342804663,0.8846153846153846,0.41663194444444446,1.0714285714285712,4.0,0.5,0
pytest-dev/pytest,2011-10-05,2.9444389791664403,4.276666119016055,5.303304908059076,0.8461538461538461,5.694155092592593,0.5533980582524272,6.0,0.53,0
pytest-dev/pytest,2012-01-03,3.332204510175204,4.454347296253507,5.056245805348308,0.7692307692307693,5.861168981481481,1.037037037037037,6.0,0.6730769230769231,0
pytest-dev/pytest,2012-04-02,2.302585092994046,3.4339872044851463,4.7535901911063645,0.7307692307692307,1.890949074074074,0.4958677685950413,4.0,0.7391304347826086,0
pytest-dev/pytest,2012-07-01,3.5263605246161616,4.060443010546419,4.477336814478207,0.7692307692307693,3.9563194444444445,2.193548387096774,6.0,0.6551724137931034,0
pytest-dev/pytest,2012-09-29,3.367295829986474,4.3694478524670215,4.912654885736052,0.9615384615384616,2.1226736111111113,1.2340425531914894,7.0,0.7185185185185186,0
pytest-dev/pytest,2012-12-28,2.3978952727983707,4.969813299576001,5.402677381872279,1.0,0.9414814814814815,0.2907488986784141,8.0,0.8461538461538461,0
pytest-dev/pytest,2013-03-28,2.995732273553991,3.8501476017100584,5.247024072160486,0.8846153846153846,0.2103935185185185,0.6153846153846154,7.0,0.7671957671957672,0
pytest-dev/pytest,2013-06-26,2.772588722239781,4.219507705176107,4.736198448394496,0.8076923076923077,3.291122685185185,0.8067226890756303,15.0,0.4247787610619469,0
pytest-dev/pytest,2013-09-24,2.772588722239781,4.624972813284271,5.1298987149230735,0.8076923076923077,15.154537037037038,0.5517241379310345,11.0,0.5238095238095238,0
pytest-dev/pytest,2013-12-23,4.59511985013459,5.4510384535657,5.811140992976701,0.8846153846153846,3.0574537037037035,1.752212389380531,17.0,0.6096096096096096,0
pytest-dev/pytest,2014-03-23,2.8903717578961645,4.59511985013459,5.802118375377063,0.8461538461538461,8.976215277777778,0.32142857142857145,13.0,0.5787878787878787,0
pytest-dev/pytest,2014-06-21,2.3978952727983707,4.653960350157523,5.313205979041787,0.8461538461538461,5.205891203703704,0.31730769230769235,15.0,0.4504950495049505,0
pytest-dev/pytest,2014-09-19,3.4965075614664802,4.709530201312334,5.3706380281276624,0.9615384615384616,1.059247685185185,0.9,17.0,0.4392523364485981,0
pytest-dev/pytest,2014-12-18,1.0986122886681098,4.727387818712341,5.407171771460119,0.7692307692307693,24.23324074074074,0.07894736842105263,13.0,0.47297297297297297,0
pytest-dev/pytest,2015-03-18,3.6109179126442243,3.9318256327243257,5.093750200806762,0.6923076923076923,1.0849189814814815,1.3214285714285714,16.0,0.4506172839506173,0
pytest-dev/pytest,2015-06-16,3.7612001156935624,5.099866427824199,5.365976015021851,0.8846153846153846,0.5109259259259259,1.178082191780822,16.0,0.4507042253521127,0
pytest-dev/pytest,2015-09-14,3.8066624897703196,5.459585514144159,5.986452005284438,0.9615384615384616,0.017256944444444443,0.6699751861042184,35.0,0.2619647355163728,0
pytest-dev/pytest,2015-12-13,4.418840607796598,5.662960480135946,6.257667587882639,1.0,1.5504050925925925,0.9449715370018976,45.0,0.33397312859884837,0
pytest-dev/pytest,2016-03-12,4.430816798843313,5.135798437050262,6.124683390894205,1.0,0.5796643518518518,1.0909090909090908,34.0,0.3574561403508772,0
pytest-dev/pytest,2016-06-10,3.7376696182833684,4.770684624465665,5.659482215759621,0.9615384615384616,1.3346064814814815,0.863013698630137,26.0,0.33916083916083917,0
pytest-dev/pytest,2016-09-08,4.6443908991413725,5.808142489980444,6.1092475827643655,0.9615384615384616,0.25504629629629627,1.3714285714285714,52.0,0.2828507795100223,0
pytest-dev/pytest,2016-12-07,4.23410650459726,5.0106352940962555,6.1779441140506,1.0,1.2573611111111112,0.8501026694045174,35.0,0.35135135135135137,0
pytest-dev/pytest,2017-03-07,4.007333185232471,4.890349128221754,5.641907070938114,0.9615384615384616,1.777638888888889,1.1498257839721253,37.0,0.3202846975088968,0
pytest-dev/pytest,2017-06-05,3.970291913552122,4.875197323201151,5.572154032177765,1.0,0.028310185185185185,1.1865671641791045,21.0,0.366412213740458,0
pytest-dev/pytest,2017-09-03,3.713572066704308,5.501258210544727,5.926926025970411,1.0,1.613738425925926,0.6473684210526316,38.0,0.4037433155080214,0
pytest-dev/pytest,2017-12-02,4.442651256490317,5.493061443340548,6.18826412308259,1.0,1.0220023148148147,1.0365853658536586,42.0,0.35802469135802467,0
pytest-dev/pytest,2018-03-02,5.003946305945459,5.765191102784844,6.329720905522696,1.0,0.24688657407407408,1.579505300353357,43.0,0.40535714285714286,0
pytest-dev/pytest,2018-05-31,4.204692619390966,5.5134287461649825,6.338594078203183,1.0,0.21467592592592594,0.7040280210157618,33.0,0.38761061946902653,0
pytest-dev/pytest,2018-08-29,5.231108616854587,5.988961416889864,6.470799503782602,1.0,0.5961458333333334,1.7235023041474655,51.0,0.34418604651162793,0
pytest-dev/pytest,2018-11-27,5.0106352940962555,6.253828811575473,6.822197390620491,1.0,1.0336458333333334,0.9750812567713976,48.0,0.33478735005452565,0
pytest-dev/pytest,2019-02-25,4.663439094112067,5.5134287461649825,6.642486801367256,1.0,0.12027777777777778,0.8238341968911916,48.0,0.3263707571801567,0
pytest-dev/pytest,2019-05-26,4.672828834461906,5.955837369464831,6.450470422144176,1.0,1.2573148148148148,1.006269592476489,45.0,0.3813291139240506,0
pytest-dev/pytest,2019-08-24,4.406719247264253,6.0063531596017325,6.673297967767654,1.0,0.06598379629629629,0.6180904522613065,53.0,0.33164556962025316,0
pytest-dev/pytest,2019-11-22,5.14166355650266,5.739792912179234,6.573680166960646,1.0,0.4029976851851852,1.4230235783633842,46.0,0.23916083916083916,0
pytest-dev/pytest,2020-02-20,5.049856007249537,5.796057750765372,6.459904454377535,1.0,0.07918981481481481,1.453416149068323,44.0,0.44670846394984326,0
pytest-dev/pytest,2020-05-20,5.0689042022202315,5.872117789475416,6.52649485957079,1.0,0.6598379629629629,1.3866279069767442,37.0,0.375366568914956,0
pytest-dev/pytest,2020-08-18,4.574710978503383,5.765191102784844,6.511745329644728,1.0,0.7101851851851851,0.8584070796460177,48.0,0.39880952380952384,0
pytest-dev/pytest,2020-11-16,4.532599493153256,5.44673737166631,6.309918278226516,1.0,1.6926041666666667,1.0054054054054054,45.0,0.3989071038251366,0
pytest-dev/pytest,2021-02-14,3.828641396489095,5.10594547390058,5.981414211254481,1.0,0.5686921296296297,0.688279301745636,38.0,0.4050632911392405,0
pytest-dev/pytest,2021-05-15,3.970291913552122,5.087596335232384,5.786897381366708,1.0,0.005763888888888889,0.9607250755287009,43.0,0.28615384615384615,0
pytest-dev/pytest,2021-08-13,3.258096538021482,4.634728988229636,5.575949103146316,1.0,4.024467592592592,0.5799256505576208,30.0,0.155893536121673,0
pytest-dev/pytest,2021-11-11,4.07753744390572,4.990432586778736,5.517452896464707,1.0,0.7289351851851852,1.3937007874015748,31.0,0.2862903225806452,0
pytest-dev/pytest,2022-02-09,4.204692619390966,5.153291594497779,5.765191102784844,1.0,0.12753472222222223,1.2407407407407407,26.0,0.36792452830188677,0
pytest-dev/pytest,2022-05-10,3.367295829986474,4.61512051684126,5.60947179518496,1.0,0.5479050925925926,0.6258992805755396,27.0,0.2536764705882353,0
pytest-dev/pytest,2022-08-08,2.9444389791664403,4.5217885770490405,5.2574953720277815,1.0,0.21472222222222223,0.5786802030456853,34.0,0.2670157068062827,0
pytest-dev/pytest,2022-11-06,4.330733340286331,4.890349128221754,5.4116460518550396,1.0,1.8651851851851853,1.9912663755458517,41.0,0.20179372197309417,0
pytest-dev/pytest,2023-02-04,3.4011973816621555,4.0943445622221,5.2574953720277815,0.9615384615384616,7.868229166666667,0.9137055837563454,25.0,0.15706806282722513,0
pytest-dev/pytest,2023-05-05,3.6375861597263857,4.290459441148391,4.882801922586371,0.9615384615384616,5.583576388888889,1.664233576642336,26.0,0.21374045801526717,0
pytest-dev/pytest,2023-08-03,3.6888794541139363,5.0238805208462765,5.4116460518550396,0.9615384615384616,0.7734722222222222,1.0480349344978166,37.0,0.37668161434977576,0
pytest-dev/pytest,2023-11-01,3.4965075614664802,4.8283137373023015,5.62040086571715,0.9615384615384616,2.307025462962963,0.7046263345195729,37.0,0.31272727272727274,0
pytest-dev/pytest,2024-01-30,4.343805421853684,4.955827057601261,5.583496308781699,1.0,0.07133101851851852,1.7047970479704797,35.0,0.3471698113207547,0
pytest-dev/pytest,2024-04-29,3.6888794541139363,5.303304908059076,5.834810737062605,1.0,0.8135648148148148,0.6916426512968299,35.0,0.4222873900293255,0
pytest-dev/pytest,2024-07-28,4.02535169073515,5.424950017481403,6.056784013228625,1.0,0.5839467592592592,0.7777777777777778,44.0,0.24178403755868544,0
pytest-dev/pytest,2024-10-26,2.8903717578961645,4.1588830833596715,5.66988092298052,1.0,1.0635069444444445,0.36610169491525424,34.0,0.15570934256055363,0
pytest-dev/pytest,2025-01-24,3.4965075614664802,4.844187086458591,5.247024072160486,1.0,0.5310648148148148,1.0153846153846153,32.0,0.14285714285714285,0
pytest-dev/pytest,2025-04-24,2.772588722239781,4.394449154672439,5.332718793265369,1.0,4.701296296296296,0.45283018867924524,32.0,0.16990291262135923,0
pytest-dev/pytest,2025-07-23,2.4849066497880004,4.465908118654584,5.117993812416755,1.0,4.754027777777778,0.41860465116279066,27.0,0.2469879518072289,0
pytest-dev/pytest,2025-10-21,3.6375861597263857,4.3694478524670215,5.10594547390058,1.0,1.3394907407407408,1.3411764705882354,28.0,0.43902439024390244,0
pytest-dev/pytest,2026-01-19,3.4339872044851463,5.313205979041787,5.638354669333745,0.9615384615384616,0.7396180555555556,0.6503496503496504,33.0,0.5714285714285714,0
rbenv/rbenv,2012-07-31,0.6931471805599453,1.0986122886681098,2.302585092994046,0.23076923076923078,0.8419560185185185,0.8,2.0,0.4444444444444444,0
rbenv/rbenv,2012-10-29,1.3862943611198906,1.791759469228055,2.0794415416798357,0.19230769230769232,21.334664351851853,1.8461538461538458,4.0,0.2857142857142857,0
rbenv/rbenv,2013-01-27,3.8501476017100584,4.248495242049359,4.31748811353631,0.38461538461538464,2.116840277777778,3.525,11.0,0.581081081081081,0
rbenv/rbenv,2013-04-27,2.9444389791664403,3.4657359027997265,4.61512051684126,0.5384615384615384,11.36761574074074,1.0754716981132075,7.0,0.43,0
rbenv/rbenv,2013-07-26,0.6931471805599453,1.791759469228055,3.6109179126442243,0.46153846153846156,1.9919097222222222,0.2857142857142857,3.0,0.75,0
rbenv/rbenv,2013-10-24,2.3978952727983707,2.772588722239781,3.044522437723423,0.38461538461538464,17.355439814814815,2.5384615384615383,6.0,0.65,0
rbenv/rbenv,2014-01-22,2.995732273553991,3.332204510175204,3.7612001156935624,0.5769230769230769,13.596493055555555,2.5,6.0,0.7380952380952381,0
rbenv/rbenv,2014-04-22,0.6931471805599453,2.1972245773362196,3.58351893845611,0.38461538461538464,4.8409375,0.29268292682926833,5.0,0.6,0
rbenv/rbenv,2014-07-21,0.0,0.6931471805599453,2.302585092994046,0.15384615384615385,49.13445601851852,0.4,1.0,0.2222222222222222,0
rbenv/rbenv,2014-10-19,2.8903717578961645,2.8903717578961645,2.9444389791664403,0.07692307692307693,0.1974189814814815,4.5,1.0,1.0,0
rbenv/rbenv,2015-01-17,0.0,0.6931471805599453,2.9444389791664403,0.11538461538461539,49.64875,0.25,1.0,0.9444444444444444,0
rbenv/rbenv,2015-04-17,0.0,2.4849066497880004,2.5649493574615367,0.23076923076923078,35.52502314814815,0.3333333333333333,6.0,0.5,0
rbenv/rbenv,2015-07-16,0.0,2.0794415416798357,2.9444389791664403,0.38461538461538464,36.97436342592592,0.25,3.0,0.4444444444444444,0
rbenv/rbenv,2015-10-14,1.6094379124341003,1.9459101490553132,2.6390573296152584,0.2692307692307692,2.887835648148148,1.5789473684210527,2.0,0.5384615384615384,0
rbenv/rbenv,2016-01-12,3.295836866004329,4.02535169073515,4.127134385045092,0.5,0.07402777777777778,2.4179104477611943,9.0,0.5409836065573771,0
rbenv/rbenv,2016-04-11,0.0,1.791759469228055,4.110873864173311,0.5384615384615384,51.22415509259259,0.09090909090909091,5.0,0.4666666666666667,0
rbenv/rbenv,2016-07-10,1.0986122886681098,1.3862943611198906,2.1972245773362196,0.23076923076923078,6.829375,1.2857142857142858,2.0,0.25,0
rbenv/rbenv,2016-10-08,0.6931471805599453,2.302585092994046,2.5649493574615367,0.23076923076923078,29.51474537037037,0.6666666666666666,3.0,0.6666666666666666,0
rbenv/rbenv,2017-01-06,1.0986122886681098,1.6094379124341003,2.6390573296152584,0.23076923076923078,4.613738425925926,0.9473684210526316,3.0,0.46153846153846156,0
rbenv/rbenv,2017-04-06,1.6094379124341003,1.9459101490553132,2.3978952727983707,0.2692307692307692,1.009976851851852,1.8749999999999998,4.0,0.2,0
rbenv/rbenv,2017-07-05,1.791759469228055,2.3978952727983707,2.833213344056216,0.38461538461538464,0.5239467592592593,1.6363636363636365,7.0,0.1875,0
rbenv/rbenv,2017-10-03,0.6931471805599453,1.0986122886681098,2.5649493574615367,0.34615384615384615,29.16601851851852,0.6666666666666666,2.0,0.25,0
rbenv/rbenv,2018-01-01,0.6931471805599453,1.0986122886681098,1.6094379124341003,0.15384615384615385,25.805995370370372,1.2000000000000002,2.0,0.25,0
rbenv/rbenv,2018-04-01,0.0,0.6931471805599453,1.3862943611198906,0.11538461538461539,34.51230324074074,0.6666666666666666,1.0,0.3333333333333333,0
rbenv/rbenv,2018-06-30,1.6094379124341003,1.791759469228055,1.9459101490553132,0.11538461538461539,22.968032407407406,2.5,4.0,0.3333333333333333,0
rbenv/rbenv,2018-09-28,0.6931471805599453,1.6094379124341003,2.302585092994046,0.19230769230769232,9.601909722222222,0.8,2.0,0.4444444444444444,0
rbenv/rbenv,2019-03-27,0.6931471805599453,1.0986122886681098,1.0986122886681098,0.07692307692307693,2.284571759259259,1.5,1.0,1.0,0
rbenv/rbenv,2019-06-25,0.0,0.6931471805599453,1.3862943611198906,0.11538461538461539,83.41112268518519,0.6666666666666666,1.0,1.0,0
rbenv/rbenv,2019-12-22,0.0,1.9459101490553132,1.9459101490553132,0.07692307692307693,59.93459490740741,0.5,3.0,0.6666666666666666,0
rbenv/rbenv,2020-03-21,0.6931471805599453,2.6390573296152584,2.995732273553991,0.2692307692307692,4.994722222222222,0.4800000000000001,6.0,0.3684210526315789,0
rbenv/rbenv,2020-06-19,0.6931471805599453,1.3862943611198906,2.833213344056216,0.2692307692307692,24.05472222222222,0.5454545454545455,1.0,0.3125,0
rbenv/rbenv,2020-09-17,0.0,0.6931471805599453,1.6094379124341003,0.11538461538461539,45.20210648148148,0.6000000000000001,1.0,0.75,0
rbenv/rbenv,2020-12-16,0.6931471805599453,1.0986122886681098,1.3862943611198906,0.11538461538461539,1.2163194444444445,1.3333333333333333,2.0,0.3333333333333333,0
rbenv/rbenv,2021-03-16,0.6931471805599453,1.3862943611198906,1.791759469228055,0.15384615384615385,15.625451388888889,1.0909090909090908,3.0,0.4,0
rbenv/rbenv,2021-06-14,0.0,2.0794415416798357,2.3978952727983707,0.15384615384615385,39.36144675925926,0.37499999999999994,5.0,0.3,0
rbenv/rbenv,2021-12-11,1.0986122886681098,2.1972245773362196,2.1972245773362196,0.15384615384615385,24.348460648148148,1.2857142857142858,4.0,0.625,0
rbenv/rbenv,2022-03-11,1.6094379124341003,1.791759469228055,2.6390573296152584,0.3076923076923077,3.0774074074074074,1.5789473684210527,4.0,0.46153846153846156,0
rbenv/rbenv,2022-09-07,0.0,0.6931471805599453,0.6931471805599453,0.038461538461538464,54.33604166666667,0.8571428571428571,1.0,1.0,0
rbenv/rbenv,2022-12-06,0.6931471805599453,3.295836866004329,3.332204510175204,0.2692307692307692,14.251388888888888,0.36363636363636365,5.0,0.7407407407407407,0
rbenv/rbenv,2023-03-06,1.0986122886681098,1.6094379124341003,3.4339872044851463,0.38461538461538464,19.195208333333333,0.5,4.0,0.7,0
rbenv/rbenv,2023-06-04,1.3862943611198906,1.791759469228055,2.302585092994046,0.23076923076923078,22.162546296296295,1.6,4.0,0.2222222222222222,0
rbenv/rbenv,2023-09-02,0.0,1.0986122886681098,2.0794415416798357,0.11538461538461539,53.16375,0.46153846153846145,2.0,0.2857142857142857,0
rbenv/rbenv,2023-12-01,0.6931471805599453,0.6931471805599453,1.3862943611198906,0.07692307692307693,11.353275462962962,1.3333333333333333,1.0,0.3333333333333333,0
rbenv/rbenv,2024-02-29,0.0,1.3862943611198906,1.6094379124341003,0.11538461538461539,66.71434027777778,0.6000000000000001,3.0,0.25,0
rbenv/rbenv,2024-05-29,1.3862943611198906,1.791759469228055,2.1972245773362196,0.19230769230769232,1.8155092592592592,1.7142857142857144,3.0,0.375,0
rbenv/rbenv,2024-08-27,0.6931471805599453,1.9459101490553132,2.4849066497880004,0.23076923076923078,0.2775810185185185,0.7058823529411765,3.0,0.5454545454545454,0
rbenv/rbenv,2025-02-23,0.0,2.0794415416798357,2.0794415416798357,0.11538461538461539,46.28123842592593,0.46153846153846145,2.0,0.8571428571428571,0
rbenv/rbenv,2025-05-24,0.0,0.6931471805599453,2.1972245773362196,0.15384615384615385,54.367210648148145,0.4285714285714286,1.0,0.75,0
rbenv/rbenv,2025-11-20,0.0,0.6931471805599453,0.6931471805599453,0.038461538461538464,41.35074074074074,0.8571428571428571,1.0,1.0,0
rbenv/rbenv,2026-02-18,0.0,0.6931471805599453,1.0986122886681098,0.07692307692307693,50.03149305555556,0.75,1.0,0.5,0
reduxjs/redux,2016-05-28,3.4339872044851463,4.727387818712341,5.905361848054571,1.0,0.29060185185185183,0.5,57.0,0.34972677595628415,0
reduxjs/redux,2016-08-26,2.6390573296152584,3.8066624897703196,5.056245805348308,0.9230769230769231,7.222280092592593,0.5185185185185185,32.0,0.20512820512820512,0
reduxjs/redux,2016-11-24,3.367295829986474,4.68213122712422,5.0238805208462765,0.9615384615384616,0.4141087962962963,1.10828025477707,63.0,0.11258278145695365,0
reduxjs/redux,2017-02-22,3.1354942159291497,4.174387269895637,5.147494476813453,1.0,0.2452777777777778,0.7796610169491526,43.0,0.0935672514619883,0
reduxjs/redux,2017-05-23,3.1354942159291497,4.248495242049359,4.897839799950911,0.9615384615384616,2.2001157407407406,0.9928057553956834,49.0,0.08270676691729323,0
reduxjs/redux,2017-08-21,3.332204510175204,4.143134726391533,4.882801922586371,0.9230769230769231,1.2831018518518518,1.2262773722627738,38.0,0.10687022900763359,0
reduxjs/redux,2017-11-19,3.6109179126442243,4.418840607796598,4.976733742420574,0.8846153846153846,0.07525462962962963,1.48,57.0,0.10416666666666667,0
reduxjs/redux,2018-02-17,2.772588722239781,3.912023005428146,4.882801922586371,0.9230769230769231,1.2966666666666666,0.7007299270072993,38.0,0.11450381679389313,0
reduxjs/redux,2018-05-18,2.833213344056216,4.174387269895637,4.736198448394496,0.9230769230769231,6.173773148148148,0.8571428571428572,43.0,0.11504424778761062,0
reduxjs/redux,2018-08-16,1.6094379124341003,3.4339872044851463,4.553876891600541,0.8846153846153846,1.2186921296296296,0.30000000000000004,24.0,0.09574468085106383,0
reduxjs/redux,2018-11-14,2.772588722239781,4.02535169073515,4.454347296253507,0.8846153846153846,4.098055555555556,1.054945054945055,37.0,0.16470588235294117,0
reduxjs/redux,2019-02-12,2.8903717578961645,4.499809670330265,4.976733742420574,0.9230769230769231,13.191979166666666,0.72,39.0,0.2986111111111111,0
reduxjs/redux,2019-05-13,2.5649493574615367,3.2188758248682006,4.736198448394496,0.8076923076923077,5.299409722222222,0.6554621848739496,19.0,0.30973451327433627,0
reduxjs/redux,2019-08-11,2.70805020110221,3.4657359027997265,4.02535169073515,0.8076923076923077,1.1620601851851853,1.4754098360655739,24.0,0.2,0
reduxjs/redux,2019-11-09,1.3862943611198906,4.110873864173311,4.5217885770490405,0.7692307692307693,4.372152777777778,0.24742268041237117,14.0,0.46153846153846156,0
reduxjs/redux,2020-02-07,1.6094379124341003,3.8501476017100584,4.672828834461906,0.8461538461538461,4.989722222222222,0.26785714285714285,24.0,0.39622641509433965,0
reduxjs/redux,2020-05-07,2.5649493574615367,3.6375861597263857,4.430816798843313,0.8846153846153846,1.3614699074074075,0.8764044943820224,19.0,0.2289156626506024,0
reduxjs/redux,2020-08-05,3.258096538021482,3.58351893845611,4.290459441148391,0.8076923076923077,2.888240740740741,2.0,25.0,0.1388888888888889,0
reduxjs/redux,2020-11-03,3.9889840465642745,4.7535901911063645,5.017279836814924,0.8846153846153846,0.3149189814814815,2.076923076923077,33.0,0.4533333333333333,0
reduxjs/redux,2021-02-01,2.302585092994046,3.58351893845611,5.017279836814924,0.9230769230769231,0.3008564814814815,0.38461538461538464,27.0,0.41333333333333333,0
reduxjs/redux,2021-05-02,2.70805020110221,4.356708826689592,4.727387818712341,0.7692307692307693,1.3246527777777777,0.7627118644067796,14.0,0.375,0
reduxjs/redux,2021-07-31,2.6390573296152584,4.2626798770413155,4.997212273764115,0.8076923076923077,3.0697800925925924,0.5490196078431373,21.0,0.5510204081632653,0
reduxjs/redux,2021-10-29,2.70805020110221,3.912023005428146,4.787491742782046,0.8076923076923077,0.4654050925925926,0.7200000000000001,25.0,0.3865546218487395,0
reduxjs/redux,2022-01-27,2.833213344056216,3.6888794541139363,4.48863636973214,0.8461538461538461,4.342118055555556,1.0851063829787235,19.0,0.19318181818181818,0
reduxjs/redux,2022-04-27,3.295836866004329,3.8501476017100584,4.454347296253507,0.8846153846153846,0.16295138888888888,1.7802197802197803,28.0,0.2823529411764706,0
reduxjs/redux,2022-07-26,2.995732273553991,3.9318256327243257,4.574710978503383,0.8076923076923077,2.9115972222222224,1.1764705882352942,17.0,0.34375,0
reduxjs/redux,2022-10-24,0.0,2.8903717578961645,4.219507705176107,0.6538461538461539,34.024675925925926,0.08219178082191782,14.0,0.2835820895522388,0
reduxjs/redux,2023-01-22,2.0794415416798357,3.044522437723423,3.6375861597263857,0.6153846153846154,12.216516203703703,1.1162790697674418,14.0,0.13513513513513514,0
reduxjs/redux,2023-04-22,3.295836866004329,4.430816798843313,4.6443908991413725,0.8846153846153846,0.3670486111111111,1.4862385321100917,17.0,0.4174757281553398,0
reduxjs/redux,2023-07-21,1.0986122886681098,3.6375861597263857,4.795790545596741,0.8076923076923077,28.365266203703705,0.14285714285714285,17.0,0.39166666666666666,0
reduxjs/redux,2023-10-19,1.6094379124341003,1.9459101490553132,3.784189633918261,0.5,29.434398148148148,0.6122448979591836,3.0,0.18604651162790697,0
reduxjs/redux,2024-01-17,3.295836866004329,4.330733340286331,4.406719247264253,0.6153846153846154,4.127673611111111,1.8620689655172413,20.0,0.35802469135802467,0
reduxjs/redux,2024-04-16,2.70805020110221,3.5553480614894135,4.700480365792417,0.8076923076923077,2.267824074074074,0.7826086956521738,11.0,0.29357798165137616,0
reduxjs/redux,2024-07-15,2.833213344056216,3.6635616461296463,4.290459441148391,0.8076923076923077,6.543530092592593,1.3076923076923077,9.0,0.375,0
reduxjs/redux,2024-10-13,2.0794415416798357,3.6635616461296463,4.343805421853684,0.7692307692307693,16.426377314814815,0.5853658536585367,13.0,0.5526315789473685,0
reduxjs/redux,2025-01-11,1.3862943611198906,2.4849066497880004,3.912023005428146,0.5769230769230769,0.9111574074074074,0.4363636363636364,9.0,0.40816326530612246,0
reduxjs/redux,2025-04-11,1.791759469228055,2.772588722239781,3.295836866004329,0.5769230769230769,6.47300925925926,1.125,12.0,0.07692307692307693,0
reduxjs/redux,2025-07-10,0.0,2.5649493574615367,3.332204510175204,0.4230769230769231,64.17634259259259,0.18181818181818182,3.0,0.37037037037037035,0
reduxjs/redux,2025-10-08,0.6931471805599453,2.302585092994046,3.091042453358316,0.34615384615384615,23.374513888888888,0.4444444444444444,5.0,0.5714285714285714,0
reduxjs/redux,2026-01-06,1.791759469228055,3.1780538303479458,3.4965075614664802,0.46153846153846156,11.169560185185185,0.9473684210526316,10.0,0.3125,0
request/request-promise,2014-10-04,2.1972245773362196,2.9444389791664403,3.044522437723423,0.34615384615384615,5.5943402777777775,2.0769230769230766,8.0,0.25,0
request/request-promise,2015-01-02,0.6931471805599453,4.543294782270004,4.718498871295094,0.5384615384615384,13.672847222222222,0.10256410256410256,5.0,0.7747747747747747,0
request/request-promise,2015-04-02,1.9459101490553132,2.8903717578961645,4.709530201312334,0.5,0.10599537037037036,0.3620689655172414,3.0,0.9090909090909091,0
request/request-promise,2015-07-01,0.0,1.791759469228055,3.1354942159291497,0.3076923076923077,46.756967592592595,0.2142857142857143,1.0,0.9090909090909091,0
request/request-promise,2015-09-29,1.0986122886681098,2.1972245773362196,2.6390573296152584,0.19230769230769232,2.022025462962963,0.9473684210526316,2.0,0.8461538461538461,0
request/request-promise,2015-12-28,0.0,3.4965075614664802,3.713572066704308,0.3076923076923077,38.90931712962963,0.13043478260869565,2.0,0.925,0
request/request-promise,2016-03-27,1.0986122886681098,2.1972245773362196,3.713572066704308,0.3076923076923077,9.017870370370371,0.3913043478260869,4.0,0.9,0
request/request-promise,2016-06-25,0.6931471805599453,3.044522437723423,3.367295829986474,0.38461538461538464,29.41732638888889,0.3529411764705882,4.0,0.7857142857142857,0
request/request-promise,2016-09-23,0.0,3.2188758248682006,3.8066624897703196,0.38461538461538464,33.93826388888889,0.12000000000000002,2.0,0.9090909090909091,0
request/request-promise,2016-12-22,0.0,0.6931471805599453,3.258096538021482,0.23076923076923078,64.99444444444444,0.1935483870967742,1.0,0.96,0
request/request-promise,2017-03-22,1.0986122886681098,1.0986122886681098,1.3862943611198906,0.07692307692307693,5.841851851851852,2.0,2.0,0.6666666666666666,0
request/request-promise,2017-06-20,0.0,1.791759469228055,2.0794415416798357,0.11538461538461539,43.6730787037037,0.46153846153846145,1.0,0.8571428571428571,0
request/request-promise,2017-09-18,1.0986122886681098,1.9459101490553132,2.4849066497880004,0.23076923076923078,14.319444444444445,1.0588235294117647,4.0,0.7272727272727273,0
request/request-promise,2017-12-17,0.0,1.9459101490553132,2.5649493574615367,0.23076923076923078,65.05956018518519,0.3333333333333333,2.0,0.6666666666666666,1
request/request-promise,2019-03-12,2.3978952727983707,2.70805020110221,2.70805020110221,0.11538461538461539,25.503854166666667,3.3,3.0,0.7857142857142857,0
request/request-promise,2019-09-08,0.0,0.6931471805599453,0.6931471805599453,0.038461538461538464,63.7703125,0.8571428571428571,1.0,1.0,0
request/request-promise,2019-12-07,0.0,1.3862943611198906,1.6094379124341003,0.07692307692307693,33.694768518518515,0.6000000000000001,1.0,0.75,0
request/request-promise,2020-03-06,0.6931471805599453,0.6931471805599453,1.6094379124341003,0.07692307692307693,20.46090277777778,1.2000000000000002,1.0,0.75,0
request/request-promise,2020-06-04,0.0,1.3862943611198906,1.6094379124341003,0.11538461538461539,32.77040509259259,0.6000000000000001,2.0,0.5,0
request/request-promise,2020-09-02,0.0,1.0986122886681098,1.791759469228055,0.11538461538461539,42.66814814814815,0.5454545454545454,1.0,0.6,1
request/request,2011-05-07,1.3862943611198906,3.295836866004329,4.276666119016055,0.38461538461538464,19.871018518518518,0.3116883116883117,3.0,0.7887323943661971,0
request/request,2011-08-05,2.995732273553991,3.367295829986474,4.007333185232471,0.5769230769230769,3.7536342592592593,2.0,5.0,0.7962962962962963,0
request/request,2011-11-03,2.302585092994046,3.7612001156935624,4.2626798770413155,0.7307692307692307,8.759097222222222,0.7894736842105263,8.0,0.6285714285714286,0
request/request,2012-02-01,2.1972245773362196,4.110873864173311,4.634728988229636,0.7307692307692307,8.807569444444445,0.5,15.0,0.4411764705882353,0
request/request,2012-05-01,2.8903717578961645,4.454347296253507,4.983606621708336,0.8846153846153846,1.1793402777777777,0.7152317880794702,18.0,0.4482758620689655,0
request/request,2012-07-30,2.772588722239781,3.4657359027997265,4.762173934797756,0.9230769230769231,2.6343055555555557,0.7868852459016394,16.0,0.4482758620689655,0
request/request,2012-10-28,1.791759469228055,3.332204510175204,4.07753744390572,0.8076923076923077,0.18802083333333333,0.5625,9.0,0.3448275862068966,0
request/request,2013-01-26,2.4849066497880004,3.4011973816621555,4.04305126783455,0.6923076923076923,5.108518518518519,1.161290322580645,16.0,0.3392857142857143,0
request/request,2013-04-26,3.367295829986474,4.430816798843313,4.727387818712341,0.7692307692307693,0.267349537037037,1.4745762711864405,26.0,0.49107142857142855,0
request/request,2013-07-25,2.9444389791664403,3.367295829986474,4.718498871295094,0.7307692307692307,1.1444907407407408,0.9743589743589743,15.0,0.5405405405405406,0
request/request,2013-10-23,2.70805020110221,3.7612001156935624,4.2626798770413155,0.6538461538461539,8.148425925925926,1.1842105263157896,13.0,0.3142857142857143,0
request/request,2014-01-21,2.8903717578961645,3.784189633918261,4.454347296253507,0.8461538461538461,1.2371064814814814,1.1868131868131868,24.0,0.2823529411764706,0
request/request,2014-04-21,2.1972245773362196,3.4011973816621555,4.290459441148391,0.8461538461538461,6.285451388888889,0.6923076923076923,17.0,0.2361111111111111,0
request/request,2014-07-20,2.995732273553991,3.6635616461296463,4.219507705176107,0.8461538461538461,11.40988425925926,1.6438356164383563,19.0,0.16417910447761194,0
request/request,2014-10-18,5.056245805348308,5.488937726156687,5.634789603169249,0.8846153846153846,0.39339120370370373,3.305263157894737,43.0,0.3333333333333333,0
request/request,2015-01-16,3.5263605246161616,5.049856007249537,5.983936280687191,0.9615384615384616,2.1935300925925927,0.5074626865671642,28.0,0.35353535353535354,0
request/request,2015-04-16,3.784189633918261,4.836281906951478,5.638354669333745,1.0,2.193020833333333,0.9230769230769231,26.0,0.2892857142857143,0
request/request,2015-07-15,2.70805020110221,4.007333185232471,5.19295685089021,1.0,5.314363425925926,0.4864864864864865,11.0,0.441340782122905,0
request/request,2015-10-13,3.713572066704308,4.248495242049359,4.820281565605037,0.9230769230769231,0.27971064814814817,1.9069767441860466,25.0,0.5691056910569106,0
request/request,2016-01-11,0.6931471805599453,3.7612001156935624,4.718498871295094,0.8076923076923077,9.809305555555556,0.10256410256410256,11.0,0.45045045045045046,0
request/request,2016-04-10,2.0794415416798357,3.6888794541139363,4.406719247264253,0.8076923076923077,5.497233796296296,0.5517241379310345,9.0,0.5061728395061729,0
request/request,2016-07-09,2.0794415416798357,3.58351893845611,4.31748811353631,0.7692307692307693,0.5972800925925926,0.6,11.0,0.5675675675675675,0
request/request,2016-10-07,2.1972245773362196,3.091042453358316,4.04305126783455,0.6153846153846154,3.643240740740741,0.8709677419354839,7.0,0.5178571428571429,0
request/request,2017-01-05,1.0986122886681098,3.7376696182833684,4.143134726391533,0.5769230769230769,15.654155092592593,0.2647058823529412,11.0,0.3870967741935484,0
request/request,2017-04-05,2.6390573296152584,3.5553480614894135,4.330733340286331,0.7307692307692307,0.9219907407407407,1.037037037037037,11.0,0.24,0
request/request,2017-07-04,1.0986122886681098,2.6390573296152584,3.871201010907891,0.6153846153846154,2.4802199074074074,0.339622641509434,6.0,0.2553191489361702,0
request/request,2017-10-02,1.9459101490553132,2.0794415416798357,3.044522437723423,0.3076923076923077,5.79375,1.6153846153846152,3.0,0.4,0
request/request,2017-12-31,0.0,0.6931471805599453,2.1972245773362196,0.15384615384615385,80.75447916666667,0.4285714285714286,1.0,0.625,0
request/request,2018-03-31,2.302585092994046,2.302585092994046,2.3978952727983707,0.11538461538461539,19.476111111111113,3.7499999999999996,3.0,0.7,0
request/request,2018-06-29,0.0,2.6390573296152584,3.1354942159291497,0.23076923076923078,39.60302083333333,0.2142857142857143,3.0,0.7727272727272727,0
request/request,2018-09-27,0.0,2.6390573296152584,3.295836866004329,0.34615384615384615,43.23608796296296,0.1875,7.0,0.46153846153846156,0
request/request,2018-12-26,2.0794415416798357,3.1354942159291497,3.58351893845611,0.34615384615384615,2.108773148148148,1.1707317073170733,14.0,0.2571428571428571,0
request/request,2019-03-26,0.6931471805599453,1.0986122886681098,3.2188758248682006,0.23076923076923078,28.82300925925926,0.4,2.0,0.375,0
request/request,2019-06-24,0.6931471805599453,1.3862943611198906,1.791759469228055,0.19230769230769232,26.090474537037036,1.0909090909090908,3.0,0.2,1
request/request,2020-03-20,0.0,1.3862943611198906,1.3862943611198906,0.038461538461538464,37.93322916666666,0.6666666666666666,2.0,0.6666666666666666,1
sass/node-sass,2013-01-30,2.3978952727983707,4.330733340286331,5.3981627015177525,0.8076923076923077,7.069768518518519,0.2920353982300885,9.0,0.7818181818181819,0
sass/node-sass,2013-04-30,3.1354942159291497,4.007333185232471,4.867534450455582,0.8461538461538461,3.005266203703704,1.0222222222222221,12.0,0.4806201550387597,0
sass/node-sass,2013-07-29,4.382026634673881,5.723585101952381,5.886104031450156,0.9230769230769231,3.3815856481481483,1.3150684931506849,23.0,0.5988857938718662,0
sass/node-sass,2013-10-27,3.367295829986474,4.61512051684126,6.0063531596017325,1.0,1.5856828703703705,0.4233576642335766,22.0,0.5209876543209877,0
sass/node-sass,2014-01-25,4.624972813284271,5.293304824724492,5.700443573390687,1.0,2.991597222222222,2.013157894736842,26.0,0.28187919463087246,0
sass/node-sass,2014-04-25,3.4965075614664802,4.74493212836325,5.746203190540153,1.0,3.1161458333333334,0.6226415094339622,19.0,0.32371794871794873,0
sass/node-sass,2014-07-24,3.6888794541139363,4.983606621708336,5.560681631015528,0.9615384615384616,12.232303240740741,0.9056603773584906,28.0,0.2625482625482625,0
sass/node-sass,2014-10-22,4.553876891600541,5.638354669333745,6.054439346269371,0.9615384615384616,1.2213078703703704,1.3225058004640373,36.0,0.16,0
sass/node-sass,2015-01-20,4.897839799950911,5.921578419643816,6.481577129276431,1.0,1.063773148148148,1.221884498480243,30.0,0.20245398773006135,0
sass/node-sass,2015-04-20,4.804021044733257,5.58724865840025,6.459904454377535,1.0,0.3839814814814815,1.1366459627329193,25.0,0.31347962382445144,0
sass/node-sass,2015-07-19,4.276666119016055,5.236441962829949,6.118097198041348,1.0,0.2721527777777778,0.9411764705882353,19.0,0.44150110375275936,0
sass/node-sass,2015-10-17,3.5263605246161616,5.407171771460119,6.016157159698354,1.0,0.10890046296296296,0.4915662650602409,21.0,0.41075794621026895,0
sass/node-sass,2016-01-15,4.127134385045092,5.267858159063328,6.030685260261263,1.0,1.346863425925926,0.8836104513064132,24.0,0.41927710843373495,0
sass/node-sass,2016-04-14,3.7376696182833684,4.624972813284271,5.68697535633982,0.9615384615384616,0.04172453703703704,0.84,24.0,0.5136054421768708,0
sass/node-sass,2016-07-13,2.3978952727983707,4.77912349311153,5.393627546352362,0.9615384615384616,1.2895717592592593,0.29333333333333333,14.0,0.410958904109589,0
sass/node-sass,2016-10-11,3.58351893845611,4.543294782270004,5.356586274672012,0.9230769230769231,0.20708333333333334,0.9953917050691244,13.0,0.4549763033175355,0
sass/node-sass,2017-01-09,4.0943445622221,4.997212273764115,5.484796933490655,0.9615384615384616,1.7808912037037037,1.4634146341463414,17.0,0.5125,0
sass/node-sass,2017-04-09,2.4849066497880004,4.795790545596741,5.5909869805108565,0.9230769230769231,1.1090625,0.26373626373626374,11.0,0.4157303370786517,0
sass/node-sass,2017-07-08,2.833213344056216,4.23410650459726,5.241747015059643,0.9615384615384616,4.125162037037037,0.5257731958762888,9.0,0.5478723404255319,0
sass/node-sass,2017-10-06,2.70805020110221,3.784189633918261,4.718498871295094,0.6923076923076923,0.08900462962962963,0.7692307692307693,7.0,0.5495495495495496,0
sass/node-sass,2018-01-04,2.0794415416798357,4.174387269895637,4.68213122712422,0.6538461538461539,0.6107638888888889,0.42477876106194695,14.0,0.5420560747663551,0
sass/node-sass,2018-04-04,4.919980925828125,5.293304824724492,5.572154032177765,0.8076923076923077,0.34824074074074074,3.067164179104478,16.0,0.5114503816793893,0
sass/node-sass,2018-07-03,2.772588722239781,3.970291913552122,5.5254529391317835,0.8076923076923077,0.5640162037037038,0.375,9.0,0.424,0
sass/node-sass,2018-10-01,1.3862943611198906,3.4339872044851463,4.418840607796598,0.6538461538461539,7.315902777777778,0.27272727272727276,7.0,0.6097560975609756,0
sass/node-sass,2018-12-30,2.9444389791664403,4.382026634673881,4.700480365792417,0.6538461538461539,5.790636574074074,0.9913043478260869,5.0,0.47706422018348627,0
sass/node-sass,2019-03-30,2.6390573296152584,2.995732273553991,4.59511985013459,0.6923076923076923,0.9287037037037037,0.8076923076923077,11.0,0.5510204081632653,0
sass/node-sass,2019-06-28,2.8903717578961645,4.143134726391533,4.406719247264253,0.7692307692307693,0.7922916666666666,1.2413793103448276,9.0,0.2716049382716049,0
sass/node-sass,2019-09-26,2.0794415416798357,3.044522437723423,4.418840607796598,0.7692307692307693,9.977164351851853,0.5454545454545455,9.0,0.2682926829268293,0
sass/node-sass,2019-12-25,0.0,3.6635616461296463,4.07753744390572,0.6153846153846154,32.76851851851852,0.09375,9.0,0.27586206896551724,0
sass/node-sass,2020-03-24,1.0986122886681098,2.1972245773362196,3.8501476017100584,0.38461538461538464,0.8465393518518518,0.3461538461538461,4.0,0.45652173913043476,0
sass/node-sass,2020-06-22,0.0,2.302585092994046,2.8903717578961645,0.2692307692307692,41.8103125,0.2608695652173913,4.0,0.5294117647058824,0
sass/node-sass,2020-09-20,1.6094379124341003,1.791759469228055,2.70805020110221,0.23076923076923078,2.818761574074074,1.5,2.0,0.5,0
sass/node-sass,2020-12-19,1.0986122886681098,3.5263605246161616,3.6635616461296463,0.2692307692307692,8.708877314814815,0.4090909090909091,3.0,0.8947368421052632,0
sass/node-sass,2021-03-19,0.0,1.0986122886681098,3.58351893845611,0.23076923076923078,87.19171296296297,0.14634146341463417,1.0,0.8571428571428571,0
sass/node-sass,2021-06-17,1.0986122886681098,2.1972245773362196,2.3978952727983707,0.23076923076923078,10.2,1.1249999999999998,3.0,0.6,0
sass/node-sass,2021-09-15,1.0986122886681098,1.791759469228055,2.6390573296152584,0.3076923076923077,21.858506944444443,0.9473684210526316,4.0,0.5384615384615384,0
sass/node-sass,2021-12-14,1.0986122886681098,1.6094379124341003,2.302585092994046,0.23076923076923078,16.45275462962963,1.2,3.0,0.3333333333333333,0
sass/node-sass,2022-03-14,0.0,1.791759469228055,2.302585092994046,0.19230769230769232,30.79045138888889,0.4,4.0,0.4444444444444444,0
sass/node-sass,2022-06-12,0.0,1.0986122886681098,2.0794415416798357,0.11538461538461539,60.34728009259259,0.46153846153846145,1.0,0.5714285714285714,0
sass/node-sass,2022-09-10,2.0794415416798357,2.0794415416798357,2.302585092994046,0.11538461538461539,2.5971759259259257,3.2,3.0,0.5555555555555556,0
sass/node-sass,2022-12-09,0.0,1.791759469228055,2.5649493574615367,0.11538461538461539,30.536516203703705,0.3333333333333333,2.0,0.75,0
sass/node-sass,2023-06-07,0.6931471805599453,0.6931471805599453,0.6931471805599453,0.038461538461538464,18.726122685185185,1.7142857142857142,1.0,1.0,1
sass/node-sass,2024-08-30,0.0,0.6931471805599453,0.6931471805599453,0.038461538461538464,37.03646990740741,0.8571428571428571,1.0,1.0,1
sequelize/sequelize,2011-07-22,1.0986122886681098,4.290459441148391,5.062595033026967,0.4230769230769231,18.33685185185185,0.11042944785276074,4.0,0.9617834394904459,0
sequelize/sequelize,2011-10-20,2.1972245773362196,3.258096538021482,4.584967478670572,0.4230769230769231,1.6080787037037036,0.5242718446601942,2.0,0.9278350515463918,0
sequelize/sequelize,2012-01-18,4.343805421853684,5.834810737062605,5.905361848054571,0.6153846153846154,1.5644444444444445,1.2419354838709677,6.0,0.953551912568306,0
sequelize/sequelize,2012-04-17,3.713572066704308,4.564348191467836,6.07993319509559,1.0,0.6101388888888889,0.5565610859728506,13.0,0.8715596330275229,0
sequelize/sequelize,2012-07-16,4.465908118654584,5.117993812416755,5.568344503761097,0.9615384615384616,1.2037847222222222,1.9550561797752808,13.0,0.632183908045977,0
sequelize/sequelize,2012-10-14,4.574710978503383,4.7535901911063645,5.641907070938114,0.8461538461538461,0.06623842592592592,2.02787456445993,7.0,0.7651245551601423,0
sequelize/sequelize,2013-01-12,3.8066624897703196,5.402677381872279,5.820082930352362,0.8846153846153846,0.02017361111111111,0.7894736842105263,27.0,0.6011904761904762,0
sequelize/sequelize,2013-04-12,3.912023005428146,5.241747015059643,6.016157159698354,1.0,1.0791319444444445,0.7228915662650602,19.0,0.4572127139364303,0
sequelize/sequelize,2013-07-11,4.343805421853684,5.598421958998375,6.126869184114185,1.0,0.02675925925925926,0.9978401727861771,32.0,0.2800875273522976,0
sequelize/sequelize,2013-10-09,4.5217885770490405,5.976350909297934,6.4967749901858625,1.0,2.1483564814814815,0.8263473053892216,29.0,0.2990936555891239,0
sequelize/sequelize,2014-01-07,5.288267030694535,6.0063531596017325,6.683360945766275,1.0,0.021909722222222223,1.4776119402985075,33.0,0.2819548872180451,0
sequelize/sequelize,2014-04-07,4.875197323201151,6.251903883165888,6.828712071641684,1.0,2.167986111111111,0.8460710441334768,37.0,0.4084507042253521,0
sequelize/sequelize,2014-07-06,4.51085950651685,5.924255797414532,6.79346613258001,1.0,2.418136574074074,0.6086956521739131,41.0,0.3759820426487093,0
sequelize/sequelize,2014-10-04,5.327876168789581,5.805134968916488,6.558197802812269,1.0,0.8081018518518519,1.7408450704225353,39.0,0.28267045454545453,0
sequelize/sequelize,2015-01-02,5.049856007249537,5.863631175598097,6.52649485957079,1.0,0.2232638888888889,1.3604651162790697,56.0,0.218475073313783,0
sequelize/sequelize,2015-04-02,4.700480365792417,6.124683390894205,6.694562058521095,1.0,0.7121875,0.8118081180811808,65.0,0.3023543990086741,0
sequelize/sequelize,2015-07-01,4.430816798843313,5.823045895483019,6.677083461247136,1.0,0.034375,0.6307884856070088,78.0,0.31399747793190413,0
sequelize/sequelize,2015-09-29,4.07753744390572,5.442417710521793,6.342121418721152,1.0,0.23246527777777778,0.6178010471204188,75.0,0.2239858906525573,0
sequelize/sequelize,2015-12-28,4.0943445622221,5.247024072160486,6.040254711277414,1.0,0.1316550925925926,0.8470588235294119,68.0,0.2052505966587112,0
sequelize/sequelize,2016-03-27,3.8501476017100584,5.342334251964811,5.986452005284438,1.0,0.3788773148148148,0.6997518610421836,63.0,0.15869017632241814,0
sequelize/sequelize,2016-06-25,4.30406509320417,5.187385805840755,5.958424693029782,1.0,2.042048611111111,1.1326530612244898,50.0,0.12435233160621761,0
sequelize/sequelize,2016-09-23,4.31748811353631,5.081404364984463,5.82600010738045,1.0,0.050138888888888886,1.3081395348837208,39.0,0.20414201183431951,0
sequelize/sequelize,2016-12-22,3.5263605246161616,4.700480365792417,5.598421958998375,1.0,0.19913194444444443,0.7418181818181818,44.0,0.24907063197026022,0
sequelize/sequelize,2017-03-22,2.9444389791664403,4.290459441148391,5.204006687076795,1.0,2.1153703703703703,0.6096256684491979,39.0,0.1712707182320442,0
sequelize/sequelize,2017-06-20,3.58351893845611,4.418840607796598,5.043425116919247,0.9615384615384616,0.21226851851851852,1.3499999999999999,42.0,0.14285714285714285,0
sequelize/sequelize,2017-09-18,3.7376696182833684,4.499809670330265,5.147494476813453,0.9615384615384616,0.22125,1.423728813559322,57.0,0.22807017543859648,0
sequelize/sequelize,2017-12-17,3.9318256327243257,4.844187086458591,5.375278407684165,0.9615384615384616,1.2580324074074074,1.3846153846153846,57.0,0.3395348837209302,0
sequelize/sequelize,2018-03-17,3.295836866004329,4.3694478524670215,5.3230099791384085,0.9615384615384616,1.5920486111111112,0.7714285714285715,33.0,0.4166666666666667,0
sequelize/sequelize,2018-06-15,3.4339872044851463,4.584967478670572,5.170483995038151,0.9230769230769231,0.42983796296296295,1.0276243093922652,32.0,0.5314285714285715,0
sequelize/sequelize,2018-09-13,3.4657359027997265,4.442651256490317,5.204006687076795,0.9230769230769231,0.2311574074074074,1.0267379679144384,31.0,0.5469613259668509,0
sequelize/sequelize,2018-12-12,3.044522437723423,4.499809670330265,5.159055299214529,0.9615384615384616,3.337361111111111,0.7039106145251397,33.0,0.4161849710982659,0
sequelize/sequelize,2019-03-12,3.367295829986474,4.060443010546419,4.990432586778736,0.9230769230769231,1.389537037037037,1.1447368421052633,21.0,0.3561643835616438,0
sequelize/sequelize,2019-06-10,2.6390573296152584,5.117993812416755,5.4116460518550396,0.9230769230769231,0.7491666666666666,0.36681222707423583,53.0,0.2242152466367713,0
sequelize/sequelize,2019-09-08,3.295836866004329,4.584967478670572,5.575949103146316,0.9230769230769231,0.32013888888888886,0.6022304832713754,51.0,0.20912547528517111,0
sequelize/sequelize,2019-12-07,2.3978952727983707,4.330733340286331,5.153291594497779,0.9230769230769231,15.552523148148149,0.37078651685393255,48.0,0.23837209302325582,0
sequelize/sequelize,2020-03-06,2.5649493574615367,3.970291913552122,4.852030263919617,0.6923076923076923,7.5282175925925925,0.5864661654135338,28.0,0.16535433070866143,0
sequelize/sequelize,2020-06-04,3.6635616461296463,4.820281565605037,5.170483995038151,0.8461538461538461,0.559675925925926,1.292817679558011,34.0,0.21142857142857144,0
sequelize/sequelize,2020-09-02,1.0986122886681098,4.430816798843313,5.332718793265369,0.8076923076923077,1.0876504629629629,0.08490566037735849,33.0,0.2669902912621359,0
sequelize/sequelize,2020-12-01,1.0986122886681098,1.9459101490553132,4.499809670330265,0.5384615384615384,15.908333333333333,0.18947368421052632,5.0,0.2696629213483146,0
sequelize/sequelize,2021-03-01,0.0,3.9512437185814275,4.060443010546419,0.38461538461538464,33.64975694444445,0.09523809523809523,4.0,0.8245614035087719,0
sequelize/sequelize,2021-05-30,0.6931471805599453,3.4965075614664802,4.430816798843313,0.4230769230769231,3.6300694444444446,0.1348314606741573,20.0,0.6746987951807228,0
sequelize/sequelize,2021-08-28,0.6931471805599453,3.295836866004329,4.07753744390572,0.38461538461538464,24.900034722222223,0.1875,15.0,0.29310344827586204,0
sequelize/sequelize,2021-11-26,4.143134726391533,4.804021044733257,4.997212273764115,0.5,1.4319097222222221,2.4705882352941178,69.0,0.1292517006802721,0
sequelize/sequelize,2022-02-24,3.970291913552122,5.472270673671475,5.883322388488279,0.8461538461538461,0.05530092592592593,0.8736263736263736,46.0,0.1340782122905028,0
sequelize/sequelize,2022-05-25,2.9444389791664403,4.48863636973214,5.786897381366708,0.9615384615384616,0.950474537037037,0.34441087613293053,16.0,0.27692307692307694,0
sequelize/sequelize,2022-08-23,2.70805020110221,4.3694478524670215,5.117993812416755,0.9230769230769231,0.2146412037037037,0.5232558139534883,26.0,0.4578313253012048,0
sequelize/sequelize,2022-11-21,3.9318256327243257,4.6913478822291435,5.231108616854587,0.9230769230769231,0.9900578703703704,1.59375,28.0,0.25806451612903225,0
sequelize/sequelize,2023-02-19,2.5649493574615367,4.0943445622221,5.123963979403259,0.8846153846153846,2.0257060185185187,0.4508670520231214,15.0,0.25748502994011974,0
sequelize/sequelize,2023-05-20,1.791759469228055,4.394449154672439,4.941642422609304,0.8461538461538461,16.51991898148148,0.2482758620689655,16.0,0.38848920863309355,0
sequelize/sequelize,2023-08-18,2.70805020110221,4.394449154672439,5.081404364984463,0.8076923076923077,3.406759259259259,0.5421686746987951,16.0,0.30625,0
sequelize/sequelize,2023-11-16,1.9459101490553132,4.23410650459726,5.003946305945459,0.8461538461538461,4.172685185185185,0.2727272727272727,19.0,0.20945945945945946,0
sequelize/sequelize,2024-02-14,3.1780538303479458,3.58351893845611,4.6443908991413725,0.7307692307692307,2.956712962962963,1.3211009174311925,10.0,0.2815533980582524,0
sequelize/sequelize,2024-05-14,0.6931471805599453,4.564348191467836,4.875197323201151,0.5769230769230769,28.216597222222223,0.08823529411764705,8.0,0.4307692307692308,0
sequelize/sequelize,2024-08-12,0.0,1.791759469228055,4.61512051684126,0.5,67.54890046296296,0.056603773584905655,3.0,0.5,0
sequelize/sequelize,2024-11-10,1.6094379124341003,3.1354942159291497,3.332204510175204,0.34615384615384615,9.237905092592593,0.9090909090909091,7.0,0.4074074074074074,0
sequelize/sequelize,2025-02-08,1.791759469228055,2.1972245773362196,3.4339872044851463,0.4230769230769231,1.3922222222222222,1.0,6.0,0.3333333333333333,0
sequelize/sequelize,2025-05-09,1.0986122886681098,4.0943445622221,4.219507705176107,0.46153846153846156,28.588055555555556,0.24657534246575344,12.0,0.582089552238806,0
sequelize/sequelize,2025-08-07,1.9459101490553132,1.9459101490553132,4.189654742026425,0.4230769230769231,9.07099537037037,0.5915492957746479,3.0,0.6307692307692307,0
sequelize/sequelize,2025-11-05,1.6094379124341003,2.0794415416798357,2.6390573296152584,0.3076923076923077,3.927326388888889,1.5789473684210527,4.0,0.5384615384615384,0
sequelize/sequelize,2026-02-03,1.3862943611198906,1.9459101490553132,2.6390573296152584,0.34615384615384615,11.084733796296296,1.2631578947368423,4.0,0.38461538461538464,0
sinatra/sinatra,2008-09-07,3.4339872044851463,3.6109179126442243,4.969813299576001,0.6538461538461539,0.3738078703703704,1.2483221476510067,5.0,0.34265734265734266,0
sinatra/sinatra,2008-12-06,2.302585092994046,3.4965075614664802,4.23410650459726,0.34615384615384615,1.8692476851851851,0.8108108108108107,9.0,0.6470588235294118,0
sinatra/sinatra,2009-03-06,3.912023005428146,5.241747015059643,5.3981627015177525,0.6538461538461539,1.7353703703703705,1.3274336283185841,26.0,0.5590909090909091,0
sinatra/sinatra,2009-06-04,3.4011973816621555,4.6443908991413725,5.676753802268282,0.9230769230769231,5.518530092592592,0.6060606060606061,21.0,0.5017182130584192,0
sinatra/sinatra,2009-09-02,1.3862943611198906,3.4657359027997265,4.90527477843843,0.7307692307692307,8.058587962962964,0.17142857142857143,7.0,0.4701492537313433,0
sinatra/sinatra,2009-12-01,1.9459101490553132,3.58351893845611,4.204692619390966,0.6153846153846154,3.5179976851851853,0.5833333333333334,10.0,0.4090909090909091,0
sinatra/sinatra,2010-03-01,2.6390573296152584,4.454347296253507,4.795790545596741,0.7307692307692307,0.48488425925925926,0.6666666666666666,11.0,0.425,0
sinatra/sinatra,2010-05-30,2.1972245773362196,3.9889840465642745,4.9344739331306915,0.7692307692307693,0.4695138888888889,0.375,10.0,0.47101449275362317,0
sinatra/sinatra,2010-08-28,0.0,2.1972245773362196,4.127134385045092,0.5769230769230769,31.391400462962963,0.08955223880597016,5.0,0.45901639344262296,0
sinatra/sinatra,2010-11-26,3.5553480614894135,5.198497031265826,5.241747015059643,0.6538461538461539,0.6520023148148149,1.0824742268041239,24.0,0.7074468085106383,0
sinatra/sinatra,2011-02-24,4.6443908991413725,5.541263545158426,6.075346031088684,0.9615384615384616,0.5131828703703704,1.4181818181818182,13.0,0.6912442396313364,0
sinatra/sinatra,2011-05-25,5.1647859739235145,6.104793232414985,6.553933404025811,0.9615384615384616,0.542349537037037,1.4851485148514851,29.0,0.7261055634807418,0
sinatra/sinatra,2011-08-23,4.110873864173311,5.541263545158426,6.553933404025811,1.0,0.4317824074074074,0.5176803394625177,23.0,0.717546362339515,0
sinatra/sinatra,2011-11-21,3.713572066704308,5.062595033026967,6.021023349349527,1.0,0.34965277777777776,0.5899280575539568,19.0,0.6228710462287105,0
sinatra/sinatra,2012-02-19,2.995732273553991,4.442651256490317,5.488937726156687,0.9230769230769231,9.114270833333334,0.4858299595141701,16.0,0.5850622406639004,0
sinatra/sinatra,2012-05-19,2.833213344056216,5.181783550292085,5.568344503761097,0.8846153846153846,6.061655092592592,0.38202247191011235,18.0,0.6206896551724138,0
sinatra/sinatra,2012-08-17,2.8903717578961645,4.532599493153256,5.598421958998375,0.8846153846153846,0.6635185185185185,0.3927272727272727,35.0,0.4758364312267658,0
sinatra/sinatra,2012-11-15,1.0986122886681098,3.332204510175204,4.787491742782046,0.8076923076923077,6.40537037037037,0.14400000000000002,11.0,0.19327731092436976,0
sinatra/sinatra,2013-02-13,3.8501476017100584,4.624972813284271,4.859812404361672,0.7307692307692307,1.0761805555555555,2.1044776119402986,30.0,0.4375,0
sinatra/sinatra,2013-05-14,2.302585092994046,5.44673737166631,5.808142489980444,0.9615384615384616,2.1215625,0.17751479289940827,34.0,0.536144578313253,0
sinatra/sinatra,2013-08-12,2.995732273553991,3.6375861597263857,5.594711379601839,0.9230769230769231,1.8589814814814816,0.43795620437956206,15.0,0.5149253731343284,0
sinatra/sinatra,2013-11-10,3.1354942159291497,4.3694478524670215,4.7535901911063645,0.8846153846153846,0.09848379629629629,1.140495867768595,21.0,0.16521739130434782,0
sinatra/sinatra,2014-02-08,3.2188758248682006,3.6375861597263857,4.7535901911063645,0.8461538461538461,0.29875,1.2396694214876032,18.0,0.16521739130434782,0
sinatra/sinatra,2014-05-09,2.0794415416798357,3.9889840465642745,4.51085950651685,0.8076923076923077,0.1274074074074074,0.5,26.0,0.1111111111111111,0
sinatra/sinatra,2014-08-07,2.4849066497880004,3.6635616461296463,4.5217885770490405,0.8846153846153846,1.9344560185185184,0.7422680412371135,22.0,0.10989010989010989,0
sinatra/sinatra,2014-11-05,0.0,3.4657359027997265,4.248495242049359,0.6923076923076923,43.92087962962963,0.08,11.0,0.15942028985507245,0
sinatra/sinatra,2015-02-03,2.3978952727983707,2.8903717578961645,3.8918202981106265,0.6153846153846154,0.4208912037037037,1.2222222222222223,12.0,0.22916666666666666,0
sinatra/sinatra,2015-05-04,2.8903717578961645,3.6635616461296463,4.02535169073515,0.7692307692307693,2.548900462962963,1.7704918032786887,15.0,0.16363636363636364,0
sinatra/sinatra,2015-08-02,1.9459101490553132,3.6888794541139363,4.356708826689592,0.8076923076923077,4.887395833333334,0.5060240963855421,12.0,0.2597402597402597,0
sinatra/sinatra,2015-10-31,2.302585092994046,3.258096538021482,4.174387269895637,0.8461538461538461,2.330960648148148,0.8571428571428572,13.0,0.1875,0
sinatra/sinatra,2016-01-29,3.8501476017100584,4.02535169073515,4.394449154672439,0.6153846153846154,0.07189814814814814,3.2790697674418605,22.0,0.1875,0
sinatra/sinatra,2016-04-28,2.6390573296152584,3.332204510175204,4.418840607796598,0.5384615384615384,0.4985185185185185,0.9545454545454546,10.0,0.34146341463414637,0
sinatra/sinatra,2016-07-27,4.060443010546419,4.68213122712422,4.90527477843843,0.6538461538461539,0.640613425925926,2.4857142857142858,16.0,0.3358208955223881,0
sinatra/sinatra,2016-10-25,1.3862943611198906,3.8501476017100584,5.0369526024136295,0.6923076923076923,2.542650462962963,0.1509433962264151,13.0,0.42483660130718953,0
sinatra/sinatra,2017-01-23,3.1780538303479458,3.6375861597263857,4.430816798843313,0.7692307692307693,0.05236111111111111,1.6179775280898876,12.0,0.3855421686746988,0
sinatra/sinatra,2017-04-23,2.772588722239781,3.7612001156935624,4.382026634673881,0.7692307692307693,13.310208333333334,1.1294117647058823,13.0,0.34177215189873417,0
sinatra/sinatra,2017-07-22,2.5649493574615367,3.8066624897703196,4.465908118654584,0.8076923076923077,4.100868055555556,0.8478260869565217,12.0,0.46511627906976744,0
sinatra/sinatra,2017-10-20,0.6931471805599453,2.833213344056216,4.110873864173311,0.5384615384615384,17.125949074074075,0.18181818181818182,4.0,0.4,0
sinatra/sinatra,2018-01-18,1.6094379124341003,2.4849066497880004,3.332204510175204,0.4230769230769231,2.866979166666667,0.9090909090909091,6.0,0.5555555555555556,0
sinatra/sinatra,2018-04-18,2.0794415416798357,3.6635616461296463,3.912023005428146,0.6153846153846154,2.259710648148148,0.8727272727272728,10.0,0.2653061224489796,0
sinatra/sinatra,2018-07-17,1.791759469228055,3.4011973816621555,4.219507705176107,0.6538461538461539,24.188738425925926,0.4931506849315069,11.0,0.2537313432835821,0
sinatra/sinatra,2018-10-15,1.3862943611198906,2.3978952727983707,3.6888794541139363,0.5,5.297002314814815,0.5333333333333333,5.0,0.3333333333333333,0
sinatra/sinatra,2019-01-13,2.1972245773362196,3.2188758248682006,3.5553480614894135,0.5769230769230769,6.117638888888889,1.3499999999999999,8.0,0.35294117647058826,0
sinatra/sinatra,2019-04-13,1.9459101490553132,2.5649493574615367,3.6109179126442243,0.5384615384615384,1.107002314814815,1.0,5.0,0.2777777777777778,0
sinatra/sinatra,2019-07-12,1.3862943611198906,2.302585092994046,3.091042453358316,0.38461538461538464,5.845335648148148,0.8888888888888888,4.0,0.2857142857142857,0
sinatra/sinatra,2019-10-10,1.0986122886681098,2.833213344056216,3.258096538021482,0.3076923076923077,4.1214814814814815,0.5806451612903225,6.0,0.36,0
sinatra/sinatra,2020-01-08,1.9459101490553132,2.6390573296152584,3.4011973816621555,0.4230769230769231,7.159583333333333,1.2,6.0,0.4827586206896552,0
sinatra/sinatra,2020-04-07,3.258096538021482,3.332204510175204,3.713572066704308,0.46153846153846156,13.185856481481482,3.391304347826087,11.0,0.325,0
sinatra/sinatra,2020-07-06,1.0986122886681098,1.6094379124341003,3.4657359027997265,0.3076923076923077,1.3959606481481481,0.48648648648648646,3.0,0.41935483870967744,0
sinatra/sinatra,2020-10-04,2.302585092994046,3.6635616461296463,3.7612001156935624,0.5,1.3474421296296297,1.25,12.0,0.21428571428571427,0
sinatra/sinatra,2021-01-02,2.9444389791664403,3.4339872044851463,4.23410650459726,0.6153846153846154,3.2983564814814814,1.5405405405405406,12.0,0.19117647058823528,0
sinatra/sinatra,2021-04-02,1.6094379124341003,2.6390573296152584,3.784189633918261,0.46153846153846156,8.463842592592593,0.6122448979591836,6.0,0.23255813953488372,0
sinatra/sinatra,2021-07-01,1.791759469228055,2.3978952727983707,3.1780538303479458,0.4230769230769231,6.562974537037037,1.2413793103448274,5.0,0.21739130434782608,0
sinatra/sinatra,2021-09-29,0.6931471805599453,2.0794415416798357,2.8903717578961645,0.34615384615384615,29.82923611111111,0.5217391304347826,6.0,0.17647058823529413,0
sinatra/sinatra,2021-12-28,1.0986122886681098,2.302585092994046,2.833213344056216,0.4230769230769231,7.275034722222222,0.8181818181818182,7.0,0.25,0
sinatra/sinatra,2022-03-28,2.5649493574615367,4.060443010546419,4.204692619390966,0.5384615384615384,16.30755787037037,1.0833333333333333,13.0,0.2878787878787879,0
sinatra/sinatra,2022-06-26,0.6931471805599453,2.4849066497880004,4.23410650459726,0.5,12.383078703703704,0.16216216216216214,6.0,0.29411764705882354,0
sinatra/sinatra,2022-09-24,0.0,3.9512437185814275,4.143134726391533,0.38461538461538464,47.13174768518518,0.08823529411764705,8.0,0.3709677419354839,0
sinatra/sinatra,2022-12-23,3.044522437723423,3.8066624897703196,4.564348191467836,0.6538461538461539,0.16175925925925927,1.2475247524752473,11.0,0.43157894736842106,0
sinatra/sinatra,2023-03-23,2.8903717578961645,3.58351893845611,4.382026634673881,0.7692307692307693,12.041689814814815,1.2705882352941178,8.0,0.3037974683544304,0
sinatra/sinatra,2023-06-21,0.0,1.9459101490553132,3.7376696182833684,0.4230769230769231,37.0958912037037,0.12765957446808512,5.0,0.4634146341463415,0
sinatra/sinatra,2023-09-19,2.3978952727983707,3.044522437723423,3.295836866004329,0.4230769230769231,3.230300925925926,2.0625,8.0,0.5384615384615384,0
sinatra/sinatra,2023-12-18,1.9459101490553132,2.772588722239781,3.58351893845611,0.5384615384615384,8.543587962962963,1.024390243902439,5.0,0.6285714285714286,0
sinatra/sinatra,2024-03-17,0.0,3.7376696182833684,4.04305126783455,0.4230769230769231,58.504189814814815,0.0967741935483871,2.0,0.875,0
sinatra/sinatra,2024-06-15,0.0,1.791759469228055,3.8501476017100584,0.23076923076923078,80.35126157407407,0.11538461538461536,2.0,0.9347826086956522,0
sinatra/sinatra,2024-09-13,0.0,3.1354942159291497,3.332204510175204,0.07692307692307693,64.3612962962963,0.18181818181818182,3.0,0.6296296296296297,0
sinatra/sinatra,2024-12-12,1.9459101490553132,3.4657359027997265,3.9889840465642745,0.19230769230769232,22.33613425925926,0.711864406779661,3.0,0.7547169811320755,0
sinatra/sinatra,2025-03-12,0.0,2.0794415416798357,3.6635616461296463,0.19230769230769232,31.503900462962964,0.13636363636363638,3.0,0.7894736842105263,0
sinatra/sinatra,2025-06-10,1.791759469228055,2.4849066497880004,2.9444389791664403,0.23076923076923078,17.987476851851852,1.5,4.0,0.3888888888888889,0
sinatra/sinatra,2025-09-08,0.0,1.0986122886681098,2.6390573296152584,0.19230769230769232,37.57216435185185,0.31578947368421056,1.0,0.38461538461538464,0
sinatra/sinatra,2025-12-07,0.6931471805599453,2.1972245773362196,2.3978952727983707,0.11538461538461539,4.3744907407407405,0.7499999999999999,3.0,0.6,0
sinatra/sinatra,2026-03-07,0.6931471805599453,2.1972245773362196,2.833213344056216,0.19230769230769232,5.5382291666666665,0.5454545454545455,2.0,0.8125,0
sindresorhus/got,2015-03-27,1.6094379124341003,3.5263605246161616,3.970291913552122,0.7307692307692307,3.162175925925926,0.5172413793103449,3.0,0.4807692307692308,0
sindresorhus/got,2015-06-25,2.1972245773362196,4.2626798770413155,4.6443908991413725,0.7692307692307693,0.1754050925925926,0.4954128440366972,6.0,0.6601941747572816,0
sindresorhus/got,2015-09-23,2.4849066497880004,3.784189633918261,4.736198448394496,0.8461538461538461,5.698530092592593,0.6050420168067228,5.0,0.6991150442477876,0
sindresorhus/got,2015-12-22,3.6635616461296463,4.574710978503383,4.941642422609304,0.8846153846153846,0.1644212962962963,1.6137931034482758,6.0,0.7338129496402878,0
sindresorhus/got,2016-03-21,2.3978952727983707,4.143134726391533,5.0689042022202315,0.8846153846153846,8.620034722222222,0.4024390243902439,10.0,0.7341772151898734,0
sindresorhus/got,2016-06-19,1.3862943611198906,2.9444389791664403,4.394449154672439,0.6923076923076923,0.3822337962962963,0.27906976744186046,5.0,0.55,0
sindresorhus/got,2016-09-17,2.4849066497880004,2.833213344056216,3.5553480614894135,0.46153846153846156,3.568287037037037,1.7999999999999998,7.0,0.38235294117647056,0
sindresorhus/got,2016-12-16,1.9459101490553132,3.4965075614664802,3.8918202981106265,0.5384615384615384,2.3238310185185185,0.7777777777777778,7.0,0.3125,0
sindresorhus/got,2017-03-16,1.0986122886681098,2.6390573296152584,3.828641396489095,0.5769230769230769,8.156886574074074,0.35294117647058826,6.0,0.4,0
sindresorhus/got,2017-06-14,2.833213344056216,3.5553480614894135,3.871201010907891,0.5769230769230769,0.17233796296296297,1.9245283018867927,8.0,0.3617021276595745,0
sindresorhus/got,2017-09-12,1.0986122886681098,2.8903717578961645,3.9512437185814275,0.6153846153846154,8.687476851851851,0.3157894736842105,8.0,0.49019607843137253,0
sindresorhus/got,2017-12-11,2.8903717578961645,3.5263605246161616,3.9318256327243257,0.6538461538461539,2.0764583333333335,1.9285714285714284,10.0,0.48,0
sindresorhus/got,2018-03-11,2.6390573296152584,3.1780538303479458,4.04305126783455,0.7307692307692307,2.2382175925925925,1.3548387096774193,11.0,0.4642857142857143,0
sindresorhus/got,2018-06-09,0.0,2.3978952727983707,3.5263605246161616,0.38461538461538464,39.49429398148148,0.15384615384615385,3.0,0.5757575757575758,0
sindresorhus/got,2018-09-07,3.828641396489095,4.804021044733257,4.882801922586371,0.5384615384615384,1.5050462962962963,2.0145985401459856,13.0,0.3816793893129771,0
sindresorhus/got,2018-12-06,2.3978952727983707,3.6888794541139363,5.081404364984463,0.8461538461538461,2.706851851851852,0.39759036144578314,9.0,0.425,0
sindresorhus/got,2019-03-06,2.4849066497880004,4.127134385045092,4.61512051684126,0.8846153846153846,1.472210648148148,0.6792452830188679,16.0,0.38,0
sindresorhus/got,2019-06-04,1.6094379124341003,3.332204510175204,4.48863636973214,0.9230769230769231,4.43099537037037,0.3191489361702128,5.0,0.3977272727272727,0
sindresorhus/got,2019-09-02,1.0986122886681098,2.995732273553991,3.8501476017100584,0.6923076923076923,1.5430555555555556,0.3461538461538461,11.0,0.3695652173913043,0
sindresorhus/got,2019-12-01,3.871201010907891,4.406719247264253,4.61512051684126,0.6923076923076923,0.21972222222222224,2.7169811320754715,13.0,0.49,0
sindresorhus/got,2020-02-29,3.4339872044851463,4.499809670330265,5.14166355650266,0.8846153846153846,0.2160763888888889,1.0568181818181819,20.0,0.5176470588235295,0
sindresorhus/got,2020-05-29,3.871201010907891,4.709530201312334,5.298317366548036,1.0,2.1336458333333335,1.404878048780488,15.0,0.5829145728643216,0
sindresorhus/got,2020-08-27,2.772588722239781,4.219507705176107,5.181783550292085,0.9615384615384616,0.5781597222222222,0.5245901639344263,14.0,0.6440677966101694,0
sindresorhus/got,2020-11-25,2.302585092994046,3.970291913552122,4.787491742782046,0.8076923076923077,1.6750810185185185,0.48000000000000004,14.0,0.5042016806722689,0
sindresorhus/got,2021-02-23,1.6094379124341003,2.6390573296152584,4.189654742026425,0.6923076923076923,5.180648148148149,0.4225352112676056,5.0,0.2923076923076923,0
sindresorhus/got,2021-05-24,2.0794415416798357,3.713572066704308,3.9889840465642745,0.6923076923076923,3.4398032407407406,0.8135593220338982,5.0,0.5660377358490566,0
sindresorhus/got,2021-08-22,3.784189633918261,4.48863636973214,4.859812404361672,0.7692307692307693,0.06564814814814815,1.9701492537313434,12.0,0.7578125,0
sindresorhus/got,2021-11-20,2.302585092994046,3.2188758248682006,4.727387818712341,0.7307692307692307,2.721099537037037,0.5084745762711864,9.0,0.7053571428571429,0
sindresorhus/got,2022-02-18,1.3862943611198906,2.772588722239781,3.6888794541139363,0.5384615384615384,13.215520833333333,0.5333333333333333,9.0,0.3333333333333333,0
sindresorhus/got,2022-05-19,2.0794415416798357,3.044522437723423,3.58351893845611,0.5769230769230769,6.544444444444444,1.1707317073170733,9.0,0.37142857142857144,0
sindresorhus/got,2022-08-17,2.5649493574615367,3.1780538303479458,3.784189633918261,0.6538461538461539,2.588773148148148,1.5918367346938773,9.0,0.4186046511627907,0
sindresorhus/got,2022-11-15,0.0,3.4657359027997265,4.007333185232471,0.5769230769230769,34.795659722222226,0.1,11.0,0.3888888888888889,0
sindresorhus/got,2023-02-13,1.0986122886681098,2.302585092994046,3.713572066704308,0.5,17.79013888888889,0.3913043478260869,6.0,0.375,0
sindresorhus/got,2023-05-14,0.0,1.9459101490553132,2.772588722239781,0.2692307692307692,30.169155092592593,0.2857142857142857,4.0,0.4666666666666667,0
sindresorhus/got,2023-08-12,0.6931471805599453,2.3978952727983707,2.833213344056216,0.19230769230769232,13.488321759259259,0.5454545454545455,4.0,0.625,0
sindresorhus/got,2023-11-10,0.6931471805599453,0.6931471805599453,2.4849066497880004,0.15384615384615385,27.344456018518517,0.7058823529411765,1.0,0.6363636363636364,0
sindresorhus/got,2024-02-08,1.6094379124341003,2.1972245773362196,2.302585092994046,0.15384615384615385,5.472326388888889,2.0,3.0,0.5555555555555556,0
sindresorhus/got,2024-05-08,0.0,1.3862943611198906,2.4849066497880004,0.19230769230769232,30.27722222222222,0.35294117647058826,2.0,0.6363636363636364,0
sindresorhus/got,2024-08-06,1.9459101490553132,2.70805020110221,2.8903717578961645,0.34615384615384615,13.485659722222222,1.826086956521739,5.0,0.5294117647058824,0
sindresorhus/got,2024-11-04,1.791759469228055,2.3978952727983707,3.2188758248682006,0.46153846153846156,0.48457175925925927,1.2,6.0,0.4583333333333333,0
sindresorhus/got,2025-02-02,0.0,1.3862943611198906,2.6390573296152584,0.3076923076923077,52.91770833333333,0.31578947368421056,2.0,0.46153846153846156,0
sindresorhus/got,2025-05-03,0.0,1.791759469228055,2.1972245773362196,0.15384615384615385,33.40011574074074,0.4285714285714286,3.0,0.625,0
sindresorhus/got,2025-08-01,0.6931471805599453,0.6931471805599453,1.9459101490553132,0.11538461538461539,7.278263888888889,1.0,1.0,0.5,0
sindresorhus/got,2025-10-30,4.204692619390966,4.290459441148391,4.30406509320417,0.3076923076923077,1.4575462962962964,5.088607594936709,1.0,0.9863013698630136,0
sindresorhus/got,2026-01-28,1.0986122886681098,2.5649493574615367,4.442651256490317,0.46153846153846156,29.443657407407407,0.2,1.0,1.0,0
sqlalchemy/sqlalchemy,2006-07-01,4.553876891600541,5.4680601411351315,6.490723534502507,1.0,0.9364236111111112,0.858433734939759,4.0,0.9452887537993921,0
sqlalchemy/sqlalchemy,2006-09-29,4.382026634673881,5.424950017481403,6.137727054086234,1.0,0.16890046296296296,1.0256410256410255,4.0,0.9069264069264069,0
sqlalchemy/sqlalchemy,2006-12-28,4.007333185232471,5.43372200355424,6.12029741895095,1.0,0.08145833333333333,0.717391304347826,3.0,0.9096916299559471,0
sqlalchemy/sqlalchemy,2007-03-28,4.143134726391533,5.476463551931511,6.1463292576688975,1.0,0.03145833333333333,0.8008474576271186,3.0,0.9055793991416309,0
sqlalchemy/sqlalchemy,2007-06-26,4.653960350157523,5.60947179518496,6.236369590203704,1.0,0.2947106481481481,1.2209302325581395,7.0,0.8294117647058824,0
sqlalchemy/sqlalchemy,2007-09-24,4.219507705176107,6.476972362889683,6.826545223556594,1.0,1.327974537037037,0.4401294498381877,7.0,0.6590662323561346,0
sqlalchemy/sqlalchemy,2007-12-23,4.955827057601261,5.988961416889864,6.954638864880987,1.0,1.1874537037037036,0.8091168091168092,9.0,0.5864374403056352,0
sqlalchemy/sqlalchemy,2008-03-22,4.653960350157523,5.66988092298052,6.5337888379333435,0.9615384615384616,0.3774884259259259,0.9090909090909091,9.0,0.5574963609898108,0
sqlalchemy/sqlalchemy,2008-06-20,4.143134726391533,5.666426688112432,6.359573868672378,0.9615384615384616,0.36461805555555554,0.6483704974271012,8.0,0.5632582322357019,0
sqlalchemy/sqlalchemy,2008-09-18,4.143134726391533,5.455321115357702,6.257667587882639,1.0,0.2874074074074074,0.7172675521821632,8.0,0.6026871401151631,0
sqlalchemy/sqlalchemy,2008-12-17,4.23410650459726,5.4638318050256105,6.150602768446279,1.0,1.1851851851851851,0.8734177215189873,7.0,0.6260683760683761,0
sqlalchemy/sqlalchemy,2009-03-17,3.784189633918261,5.717027701406222,6.289715570908998,1.0,1.8714351851851851,0.4852941176470588,9.0,0.6468401486988847,0
sqlalchemy/sqlalchemy,2009-06-15,4.1588830833596715,5.099866427824199,6.1463292576688975,1.0,1.1203703703703705,0.8135593220338982,8.0,0.6502145922746781,0
sqlalchemy/sqlalchemy,2009-09-13,4.1588830833596715,5.627621113690637,6.089044875446846,1.0,0.10570601851851852,0.8609865470852018,6.0,0.6022727272727273,0
sqlalchemy/sqlalchemy,2009-12-12,4.007333185232471,5.236441962829949,6.142037405587356,1.0,3.0997800925925927,0.7021276595744681,5.0,0.6961206896551724,0
sqlalchemy/sqlalchemy,2010-03-12,5.236441962829949,5.8916442118257715,6.3080984415095305,1.0,0.0012847222222222223,2.036101083032491,11.0,0.7901459854014599,0
sqlalchemy/sqlalchemy,2010-06-10,3.295836866004329,5.916202062607435,6.595780513961311,1.0,0.16496527777777778,0.2198100407055631,7.0,0.7906976744186046,0
sqlalchemy/sqlalchemy,2010-09-08,4.174387269895637,5.2832037287379885,6.340359303727752,1.0,0.37049768518518517,0.6818181818181819,3.0,0.8763250883392226,0
sqlalchemy/sqlalchemy,2010-12-07,4.74493212836325,5.3981627015177525,6.0330862217988015,1.0,0.11107638888888889,1.6350710900473935,5.0,0.9591346153846154,0
sqlalchemy/sqlalchemy,2011-03-07,4.31748811353631,5.645446897643238,6.220590170099739,1.0,0.2416435185185185,0.8858267716535433,4.0,0.9561752988047809,0
sqlalchemy/sqlalchemy,2011-06-05,4.248495242049359,5.564520407322694,6.297109319933935,1.0,0.018287037037037036,0.7664233576642336,10.0,0.9188191881918819,0
sqlalchemy/sqlalchemy,2011-09-03,3.7376696182833684,5.0106352940962555,6.016157159698354,0.9615384615384616,8.530833333333334,0.6072289156626506,1.0,0.9119804400977995,0
sqlalchemy/sqlalchemy,2011-12-02,3.367295829986474,4.804021044733257,5.602118820879701,0.9230769230769231,0.29413194444444446,0.6304347826086957,2.0,0.9962962962962963,0
sqlalchemy/sqlalchemy,2012-03-01,4.219507705176107,5.351858133476067,5.805134968916488,0.9615384615384616,0.08825231481481481,1.2106824925816024,4.0,0.9818731117824774,0
sqlalchemy/sqlalchemy,2012-05-30,3.9889840465642745,5.075173815233827,5.91350300563827,1.0,3.3779050925925924,0.864,8.0,0.926829268292683,0
sqlalchemy/sqlalchemy,2012-08-28,4.812184355372417,5.641907070938114,6.089044875446846,0.9615384615384616,0.11462962962962962,1.6547085201793723,4.0,0.9409090909090909,0
sqlalchemy/sqlalchemy,2012-11-26,4.574710978503383,5.820082930352362,6.42648845745769,1.0,1.215486111111111,0.9341894060995185,13.0,0.9027552674230146,0
sqlalchemy/sqlalchemy,2013-02-24,4.060443010546419,5.056245805348308,6.20050917404269,1.0,2.2358796296296295,0.6987951807228916,10.0,0.8089430894308943,0
sqlalchemy/sqlalchemy,2013-05-25,4.189654742026425,5.393627546352362,5.929589143389895,1.0,1.3926273148148147,1.0393700787401574,12.0,0.7626666666666667,0
sqlalchemy/sqlalchemy,2013-08-23,4.663439094112067,6.042632833682381,6.461468176353717,1.0,1.129837962962963,0.986046511627907,16.0,0.863849765258216,0
sqlalchemy/sqlalchemy,2013-11-21,4.8283137373023015,5.556828061699537,6.520621127558696,1.0,1.0714699074074074,1.0964912280701755,13.0,0.8687315634218289,0
sqlalchemy/sqlalchemy,2014-02-19,4.867534450455582,5.971261839790462,6.476972362889683,1.0,0.023506944444444445,1.1908396946564885,24.0,0.8443759630200308,0
sqlalchemy/sqlalchemy,2014-05-20,4.276666119016055,5.602118820879701,6.495265555937008,1.0,0.19539351851851852,0.6476761619190404,22.0,0.8335854765506808,0
sqlalchemy/sqlalchemy,2014-08-18,5.204006687076795,6.20050917404269,6.637258031284457,1.0,0.09652777777777778,1.421875,22.0,0.7874015748031497,0
sqlalchemy/sqlalchemy,2014-11-16,4.189654742026425,5.768320995793772,6.699500340161678,1.0,0.9207175925925926,0.4847001223990208,21.0,0.7965474722564735,0
sqlalchemy/sqlalchemy,2015-02-14,4.189654742026425,5.375278407684165,6.282266746896006,0.9615384615384616,4.024965277777778,0.7333333333333333,12.0,0.8389513108614233,0
sqlalchemy/sqlalchemy,2015-05-15,4.454347296253507,5.572154032177765,6.169610732491456,1.0,0.12665509259259258,1.0683229813664596,17.0,0.8909853249475891,0
sqlalchemy/sqlalchemy,2015-08-13,4.143134726391533,5.1298987149230735,6.066108090103747,1.0,0.33269675925925923,0.8669724770642201,17.0,0.8465116279069768,0
sqlalchemy/sqlalchemy,2015-11-11,3.7376696182833684,5.204006687076795,5.857933154483459,1.0,0.7925694444444444,0.7098591549295775,15.0,0.7564469914040115,0
sqlalchemy/sqlalchemy,2016-02-09,5.043425116919247,5.793013608384144,6.2324480165505225,1.0,0.06630787037037036,1.809338521400778,21.0,0.8051181102362205,0
sqlalchemy/sqlalchemy,2016-05-09,4.110873864173311,5.187385805840755,6.226536669287466,0.9615384615384616,0.8356365740740741,0.7162426614481409,31.0,0.7623762376237624,0
sqlalchemy/sqlalchemy,2016-08-07,3.6888794541139363,4.882801922586371,5.736572297479192,1.0,1.3607291666666668,0.7619047619047619,22.0,0.6407766990291263,0
sqlalchemy/sqlalchemy,2016-11-05,3.713572066704308,4.8283137373023015,5.545177444479562,0.9615384615384616,1.1626273148148147,0.9425287356321839,16.0,0.7137254901960784,0
sqlalchemy/sqlalchemy,2017-02-03,4.04305126783455,4.634728988229636,5.424950017481403,0.9230769230769231,0.3492476851851852,1.4741379310344829,18.0,0.7566371681415929,0
sqlalchemy/sqlalchemy,2017-05-04,3.9889840465642745,5.056245805348308,5.556828061699537,0.9615384615384616,2.371585648148148,1.2272727272727273,13.0,0.7868217054263565,0
sqlalchemy/sqlalchemy,2017-08-02,3.9889840465642745,5.214935757608986,5.8289456176102075,0.9615384615384616,1.579525462962963,0.9391304347826087,17.0,0.799410029498525,0
sqlalchemy/sqlalchemy,2017-10-31,3.8918202981106265,5.4116460518550396,6.008813185442595,1.0,0.09924768518518519,0.7135922330097086,13.0,0.8571428571428571,0
sqlalchemy/sqlalchemy,2018-01-29,3.871201010907891,4.653960350157523,5.793013608384144,1.0,1.3491435185185185,0.8648648648648649,16.0,0.8379204892966361,0
sqlalchemy/sqlalchemy,2018-04-29,3.8066624897703196,5.1298987149230735,5.60947179518496,1.0,1.3054976851851852,0.9712230215827338,16.0,0.8014705882352942,0
sqlalchemy/sqlalchemy,2018-07-28,4.189654742026425,5.056245805348308,5.783825182329737,1.0,0.4294675925925926,1.2,17.0,0.8117283950617284,0
sqlalchemy/sqlalchemy,2018-10-26,3.970291913552122,5.081404364984463,5.75890177387728,0.9230769230769231,0.5929745370370371,0.9875776397515529,18.0,0.7721518987341772,0
sqlalchemy/sqlalchemy,2019-01-24,4.454347296253507,5.41610040220442,5.953243334287785,1.0,0.08422453703703704,1.323076923076923,19.0,0.8072916666666666,0
sqlalchemy/sqlalchemy,2019-04-24,3.828641396489095,5.099866427824199,5.961005339623274,1.0,0.1612037037037037,0.7022900763358778,22.0,0.8010335917312662,0
sqlalchemy/sqlalchemy,2019-07-23,4.406719247264253,5.429345628954441,5.968707559985366,1.0,1.218912037037037,1.2424242424242424,16.0,0.7974358974358975,0
sqlalchemy/sqlalchemy,2019-10-21,4.605170185988092,5.472270673671475,6.142037405587356,1.0,0.47251157407407407,1.2765957446808511,18.0,0.8081896551724138,0
sqlalchemy/sqlalchemy,2020-01-19,4.127134385045092,5.389071729816501,6.1224928095143865,1.0,1.1622106481481482,0.8069414316702821,17.0,0.7494505494505495,0
sqlalchemy/sqlalchemy,2020-04-18,4.919980925828125,5.733341276897746,6.267200548541362,1.0,0.4792592592592593,1.545112781954887,10.0,0.6596958174904943,0
sqlalchemy/sqlalchemy,2020-07-17,4.31748811353631,5.521460917862246,6.324358962381311,1.0,0.2863888888888889,0.7992895204262878,19.0,0.5906642728904847,0
sqlalchemy/sqlalchemy,2020-10-15,4.532599493153256,5.594711379601839,6.249975242259483,1.0,0.1715625,1.0669216061185467,21.0,0.5957446808510638,0
sqlalchemy/sqlalchemy,2021-01-13,4.189654742026425,5.25227342804663,6.129050210060545,1.0,0.14320601851851852,0.8534482758620691,16.0,0.6834061135371179,0
sqlalchemy/sqlalchemy,2021-04-13,5.135798437050262,5.802118375377063,6.255750041753367,1.0,0.20878472222222222,1.9391634980988592,31.0,0.7269230769230769,0
sqlalchemy/sqlalchemy,2021-07-12,4.0943445622221,5.5134287461649825,6.359573868672378,1.0,0.11408564814814814,0.6174957118353345,26.0,0.7019064124783362,0
sqlalchemy/sqlalchemy,2021-10-10,4.499809670330265,5.241747015059643,6.077642243349034,1.0,0.14503472222222222,1.2244897959183674,34.0,0.5885057471264368,0
sqlalchemy/sqlalchemy,2022-01-08,4.532599493153256,5.58724865840025,6.12029741895095,1.0,1.2260300925925927,1.2130434782608694,19.0,0.6035242290748899,0
sqlalchemy/sqlalchemy,2022-04-08,4.787491742782046,5.720311776607412,6.3473892096560105,1.0,0.40825231481481483,1.25,23.0,0.7631578947368421,0
sqlalchemy/sqlalchemy,2022-07-07,4.77912349311153,5.666426688112432,6.385194398997726,1.0,1.0555324074074075,1.1939799331103678,26.0,0.7787162162162162,0
sqlalchemy/sqlalchemy,2022-10-05,4.394449154672439,5.517452896464707,6.285998094508865,1.0,1.1980092592592593,0.896678966789668,20.0,0.7369402985074627,0
sqlalchemy/sqlalchemy,2023-01-03,4.543294782270004,5.730099782973574,6.320768294250582,1.0,0.3733796296296296,1.0053475935828877,23.0,0.7549549549549549,0
sqlalchemy/sqlalchemy,2023-04-03,4.343805421853684,5.707110264748875,6.410174881966167,1.0,0.3338425925925926,0.7536704730831973,35.0,0.7397034596375618,0
sqlalchemy/sqlalchemy,2023-07-02,3.9318256327243257,5.247024072160486,6.194405391104672,1.0,0.679074074074074,0.6181818181818182,38.0,0.6768916155419223,0
sqlalchemy/sqlalchemy,2023-09-30,3.6888794541139363,4.897839799950911,5.777652323222656,1.0,1.3450578703703704,0.7317073170731707,26.0,0.6273291925465838,0
sqlalchemy/sqlalchemy,2023-12-29,4.110873864173311,5.241747015059643,5.7745515455444085,1.0,0.14925925925925926,1.1192660550458715,29.0,0.5825545171339563,0
sqlalchemy/sqlalchemy,2024-03-28,4.59511985013459,5.545177444479562,6.095824562432225,1.0,0.22587962962962962,1.3229398663697105,38.0,0.5282167042889391,0
sqlalchemy/sqlalchemy,2024-06-26,4.110873864173311,5.049856007249537,6.018593214496234,0.9615384615384616,1.3038773148148148,0.8798076923076924,21.0,0.5024390243902439,0
sqlalchemy/sqlalchemy,2024-09-24,4.574710978503383,5.384495062789089,5.921578419643816,0.9615384615384616,0.2181712962962963,1.5396825396825398,26.0,0.543010752688172,0
sqlalchemy/sqlalchemy,2024-12-23,3.7376696182833684,4.912654885736052,5.8664680569332965,1.0,2.1407291666666666,0.7039106145251397,21.0,0.53125,0
sqlalchemy/sqlalchemy,2025-03-23,4.174387269895637,5.153291594497779,5.730099782973574,1.0,3.1631365740740742,1.2460063897763578,18.0,0.4592833876221498,0
sqlalchemy/sqlalchemy,2025-06-21,4.110873864173311,5.198497031265826,5.8664680569332965,1.0,0.19155092592592593,1.0223463687150838,24.0,0.4346590909090909,0
sqlalchemy/sqlalchemy,2025-09-19,3.713572066704308,4.997212273764115,5.793013608384144,1.0,1.2875578703703703,0.7387387387387387,19.0,0.4984709480122324,0
sqlalchemy/sqlalchemy,2025-12-18,4.356708826689592,5.53338948872752,5.991464547107982,1.0,1.2605671296296297,1.1555555555555554,22.0,0.6967418546365914,0
sqlalchemy/sqlalchemy,2026-03-18,3.6375861597263857,4.762173934797756,5.910796644040527,1.0,0.49429398148148146,0.6096256684491979,23.0,0.6739130434782609,0
strongloop/loopback,2014-04-09,3.4657359027997265,4.890349128221754,5.723585101952381,0.9615384615384616,0.7337268518518518,0.6173633440514469,10.0,0.3540983606557377,0
strongloop/loopback,2014-07-08,4.04305126783455,5.318119993844216,5.817111159963204,1.0,0.005208333333333333,1.002932551319648,15.0,0.29253731343283584,0
strongloop/loopback,2014-10-06,2.772588722239781,4.672828834461906,5.736572297479192,0.9615384615384616,4.623784722222222,0.3047619047619048,14.0,0.26537216828478966,0
strongloop/loopback,2015-01-04,3.4339872044851463,4.941642422609304,5.5053315359323625,0.9615384615384616,0.23480324074074074,0.7410358565737052,20.0,0.2653061224489796,0
strongloop/loopback,2015-04-04,3.58351893845611,4.709530201312334,5.521460917862246,1.0,1.0562962962962963,0.8470588235294118,18.0,0.37349397590361444,0
strongloop/loopback,2015-07-03,1.791759469228055,3.8066624897703196,5.043425116919247,0.8846153846153846,1.8676736111111112,0.22499999999999998,10.0,0.3961038961038961,0
strongloop/loopback,2015-10-01,2.772588722239781,3.713572066704308,4.442651256490317,0.8846153846153846,6.310960648148148,1.0666666666666667,12.0,0.2976190476190476,0
strongloop/loopback,2015-12-30,4.143134726391533,4.532599493153256,4.890349128221754,0.9230769230769231,0.400625,2.739130434782609,17.0,0.4318181818181818,0
strongloop/loopback,2016-03-29,3.6109179126442243,5.159055299214529,5.583496308781699,0.9230769230769231,1.0355787037037036,0.8191881918819188,13.0,0.6943396226415094,0
strongloop/loopback,2016-06-27,4.31748811353631,5.147494476813453,5.84354441703136,0.9615384615384616,0.48376157407407405,1.2857142857142856,20.0,0.3691860465116279,0
strongloop/loopback,2016-09-25,4.02535169073515,5.062595033026967,5.796057750765372,0.9230769230769231,2.062662037037037,1.0059880239520957,20.0,0.3170731707317073,0
strongloop/loopback,2016-12-24,3.367295829986474,4.499809670330265,5.5093883366279774,0.9615384615384616,1.4274074074074075,0.6904761904761905,20.0,0.34959349593495936,0
strongloop/loopback,2017-03-24,3.295836866004329,4.465908118654584,5.170483995038151,0.9230769230769231,0.08674768518518519,0.8950276243093922,19.0,0.4228571428571429,0
strongloop/loopback,2017-06-22,1.3862943611198906,3.4339872044851463,4.762173934797756,0.8461538461538461,6.814571759259259,0.19672131147540986,11.0,0.5603448275862069,0
strongloop/loopback,2017-09-20,2.0794415416798357,3.4657359027997265,4.127134385045092,0.7307692307692307,21.303125,0.7164179104477613,15.0,0.18032786885245902,0
strongloop/loopback,2017-12-19,2.302585092994046,3.6635616461296463,4.248495242049359,0.8076923076923077,3.7293287037037035,0.8,13.0,0.3188405797101449,0
strongloop/loopback,2018-03-19,0.6931471805599453,2.772588722239781,3.9889840465642745,0.6923076923076923,14.290706018518518,0.20338983050847456,8.0,0.39622641509433965,0
strongloop/loopback,2018-06-17,2.4849066497880004,2.9444389791664403,3.5263605246161616,0.46153846153846156,1.0209837962962962,1.8461538461538463,5.0,0.5454545454545454,0
strongloop/loopback,2018-09-15,2.6390573296152584,3.4011973816621555,3.871201010907891,0.6923076923076923,3.0297222222222224,1.5849056603773588,8.0,0.2978723404255319,0
strongloop/loopback,2018-12-14,1.9459101490553132,2.9444389791664403,3.871201010907891,0.6538461538461539,18.235914351851854,0.7924528301886794,6.0,0.2127659574468085,0
strongloop/loopback,2019-03-14,0.6931471805599453,2.302585092994046,3.332204510175204,0.46153846153846156,19.033472222222223,0.36363636363636365,5.0,0.4444444444444444,0
strongloop/loopback,2019-06-12,2.0794415416798357,3.044522437723423,3.4011973816621555,0.46153846153846156,7.810046296296297,1.3714285714285714,7.0,0.3793103448275862,0
strongloop/loopback,2019-09-10,0.0,0.6931471805599453,3.091042453358316,0.3076923076923077,32.27747685185185,0.2222222222222222,1.0,0.3333333333333333,0
strongloop/loopback,2019-12-09,1.3862943611198906,2.6390573296152584,2.70805020110221,0.19230769230769232,9.17443287037037,1.2,3.0,0.7142857142857143,0
strongloop/loopback,2020-03-08,1.0986122886681098,1.6094379124341003,2.8903717578961645,0.3076923076923077,2.2932407407407407,0.7826086956521738,3.0,0.7058823529411765,0
strongloop/loopback,2020-06-06,0.0,0.6931471805599453,1.791759469228055,0.15384615384615385,88.04668981481481,0.5454545454545454,1.0,0.6,0
strongloop/loopback,2020-09-04,0.0,0.6931471805599453,1.0986122886681098,0.07692307692307693,37.938101851851854,0.75,1.0,0.5,0
strongloop/loopback,2020-12-03,1.0986122886681098,1.3862943611198906,1.6094379124341003,0.11538461538461539,7.74724537037037,1.8000000000000003,2.0,0.5,0
strongloop/loopback,2021-03-03,0.0,0.6931471805599453,1.6094379124341003,0.15384615384615385,63.04686342592593,0.6000000000000001,1.0,0.5,1
tornadoweb/tornado,2010-09-09,3.8066624897703196,4.564348191467836,5.030437921392435,0.9615384615384616,0.28822916666666665,1.7088607594936709,6.0,0.5263157894736842,0
tornadoweb/tornado,2010-12-08,3.295836866004329,4.406719247264253,5.176149732573829,0.9230769230769231,2.1622453703703703,0.8901098901098902,9.0,0.6818181818181818,0
tornadoweb/tornado,2011-03-08,4.30406509320417,4.584967478670572,5.187385805840755,1.0,1.1038541666666666,2.4130434782608696,5.0,0.8707865168539326,0
tornadoweb/tornado,2011-06-06,4.174387269895637,4.543294782270004,5.25227342804663,0.8461538461538461,0.2366550925925926,1.9897959183673466,7.0,0.9157894736842105,0
tornadoweb/tornado,2011-09-04,3.4965075614664802,5.25227342804663,5.648974238161206,0.8461538461538461,0.35689814814814813,0.685121107266436,18.0,0.823321554770318,0
tornadoweb/tornado,2011-12-03,2.833213344056216,4.330733340286331,5.583496308781699,0.9230769230769231,0.6061689814814815,0.3763837638376384,17.0,0.7358490566037735,0
tornadoweb/tornado,2012-03-02,3.6109179126442243,4.77912349311153,5.267858159063328,0.9230769230769231,3.4483333333333333,1.1155778894472363,17.0,0.6994818652849741,0
tornadoweb/tornado,2012-05-31,3.7376696182833684,4.394449154672439,5.293304824724492,0.9230769230769231,0.1867476851851852,1.2352941176470589,15.0,0.7525252525252525,0
tornadoweb/tornado,2012-08-29,3.6888794541139363,4.51085950651685,5.14166355650266,0.9615384615384616,0.40033564814814815,1.3636363636363638,18.0,0.6705882352941176,0
tornadoweb/tornado,2012-11-27,3.4011973816621555,4.795790545596741,5.351858133476067,0.9615384615384616,0.09384259259259259,0.8333333333333334,9.0,0.7666666666666667,0
tornadoweb/tornado,2013-02-25,4.1588830833596715,4.812184355372417,5.493061443340548,0.9230769230769231,0.40417824074074077,1.5483870967741935,9.0,0.9008264462809917,0
tornadoweb/tornado,2013-05-26,4.59511985013459,5.541263545158426,5.932245187448011,1.0,0.24027777777777778,1.5549738219895288,23.0,0.8138297872340425,0
tornadoweb/tornado,2013-08-24,2.995732273553991,4.430816798843313,5.823045895483019,0.9230769230769231,1.231122685185185,0.34985422740524785,17.0,0.7626112759643917,0
tornadoweb/tornado,2013-11-22,3.5263605246161616,4.189654742026425,5.003946305945459,0.8846153846153846,2.48375,1.3246753246753247,16.0,0.722972972972973,0
tornadoweb/tornado,2014-02-20,3.367295829986474,4.700480365792417,5.1647859739235145,0.8846153846153846,1.0058564814814814,0.9666666666666667,16.0,0.7298850574712644,0
tornadoweb/tornado,2014-05-21,4.127134385045092,4.948759890378168,5.521460917862246,0.9230769230769231,0.10212962962962963,1.4588235294117646,21.0,0.7590361445783133,0
tornadoweb/tornado,2014-08-19,3.5263605246161616,4.948759890378168,5.638354669333745,1.0,6.632893518518519,0.7132867132867133,18.0,0.7607142857142857,0
tornadoweb/tornado,2014-11-17,2.6390573296152584,4.418840607796598,5.407171771460119,1.0,1.19875,0.3684210526315789,16.0,0.6711711711711712,0
tornadoweb/tornado,2015-02-15,4.174387269895637,4.584967478670572,5.19295685089021,0.9230769230769231,0.17005787037037037,2.1081081081081083,25.0,0.553072625698324,0
tornadoweb/tornado,2015-05-16,3.4657359027997265,5.056245805348308,5.537334267018537,0.8846153846153846,5.489282407407408,0.7413127413127414,18.0,0.5138339920948617,0
tornadoweb/tornado,2015-08-14,3.5263605246161616,4.174387269895637,5.3981627015177525,0.8846153846153846,2.9719907407407407,0.9026548672566372,9.0,0.5636363636363636,0
tornadoweb/tornado,2015-11-12,3.7376696182833684,4.812184355372417,5.231108616854587,0.8846153846153846,0.6454166666666666,1.3125,27.0,0.7096774193548387,0
tornadoweb/tornado,2016-02-10,1.3862943611198906,3.091042453358316,4.969813299576001,0.8461538461538461,2.1466435185185184,0.16107382550335572,12.0,0.5944055944055944,0
tornadoweb/tornado,2016-05-10,2.9444389791664403,3.713572066704308,4.127134385045092,0.8846153846153846,0.7453356481481481,1.7014925373134329,20.0,0.4098360655737705,0
tornadoweb/tornado,2016-08-08,2.772588722239781,3.784189633918261,4.430816798843313,0.8846153846153846,5.724849537037037,1.0786516853932584,16.0,0.5180722891566265,0
tornadoweb/tornado,2016-11-06,2.70805020110221,3.871201010907891,4.51085950651685,0.8846153846153846,1.138460648148148,0.9375,15.0,0.32222222222222224,0
tornadoweb/tornado,2017-02-04,2.8903717578961645,3.6635616461296463,4.454347296253507,0.8076923076923077,2.6090162037037037,1.1868131868131868,15.0,0.21176470588235294,0
tornadoweb/tornado,2017-05-05,3.044522437723423,4.174387269895637,4.634728988229636,0.7692307692307693,7.605717592592592,1.1666666666666667,22.0,0.3431372549019608,0
tornadoweb/tornado,2017-08-03,1.9459101490553132,3.9318256327243257,4.74493212836325,0.8076923076923077,10.425543981481482,0.35,13.0,0.5350877192982456,0
tornadoweb/tornado,2017-11-01,2.8903717578961645,3.4339872044851463,4.394449154672439,0.7307692307692307,2.199525462962963,1.255813953488372,13.0,0.4875,0
tornadoweb/tornado,2018-01-30,3.8501476017100584,4.406719247264253,4.718498871295094,0.7307692307692307,2.274884259259259,2.41025641025641,14.0,0.5225225225225225,0
tornadoweb/tornado,2018-04-30,3.784189633918261,4.543294782270004,5.1647859739235145,0.8846153846153846,2.4893055555555557,1.4666666666666666,12.0,0.7126436781609196,0
tornadoweb/tornado,2018-07-29,4.007333185232471,4.499809670330265,5.209486152841421,1.0,3.5877083333333335,1.7553191489361704,10.0,0.8021978021978022,0
tornadoweb/tornado,2018-10-27,3.2188758248682006,4.1588830833596715,5.030437921392435,0.8461538461538461,5.407962962962963,0.949367088607595,8.0,0.7763157894736842,0
tornadoweb/tornado,2019-01-25,3.332204510175204,3.784189633918261,4.672828834461906,0.6153846153846154,19.323877314814816,1.5,7.0,0.8113207547169812,0
tornadoweb/tornado,2019-04-25,1.0986122886681098,3.367295829986474,4.276666119016055,0.5,1.0588773148148147,0.23376623376623376,7.0,0.8028169014084507,0
tornadoweb/tornado,2019-07-24,1.3862943611198906,3.58351893845611,4.1588830833596715,0.46153846153846156,6.299363425925926,0.34782608695652173,9.0,0.6031746031746031,0
tornadoweb/tornado,2019-10-22,1.6094379124341003,3.1780538303479458,4.07753744390572,0.5,16.094814814814814,0.46875,11.0,0.3620689655172414,0
tornadoweb/tornado,2020-01-20,2.4849066497880004,3.2188758248682006,3.871201010907891,0.46153846153846156,0.2667824074074074,1.358490566037736,7.0,0.44680851063829785,0
tornadoweb/tornado,2020-04-19,0.0,2.833213344056216,3.713572066704308,0.5,46.037650462962965,0.13043478260869565,5.0,0.7,0
tornadoweb/tornado,2020-07-18,2.5649493574615367,3.1354942159291497,3.6635616461296463,0.5,1.8800694444444443,1.7727272727272727,9.0,0.3157894736842105,0
tornadoweb/tornado,2020-10-16,2.8903717578961645,3.332204510175204,3.912023005428146,0.6923076923076923,2.2174189814814813,1.9636363636363638,10.0,0.24489795918367346,0
tornadoweb/tornado,2021-01-14,2.6390573296152584,3.4965075614664802,4.0943445622221,0.6923076923076923,1.7552083333333333,1.2923076923076922,9.0,0.4406779661016949,0
tornadoweb/tornado,2021-04-14,2.1972245773362196,2.5649493574615367,3.8066624897703196,0.4230769230769231,1.5169212962962964,1.08,5.0,0.36363636363636365,0
tornadoweb/tornado,2021-07-13,0.6931471805599453,2.0794415416798357,2.995732273553991,0.34615384615384615,11.736805555555556,0.4800000000000001,4.0,0.3157894736842105,0
tornadoweb/tornado,2021-10-11,1.3862943611198906,2.5649493574615367,2.995732273553991,0.4230769230769231,9.25525462962963,0.9600000000000002,9.0,0.15789473684210525,0
tornadoweb/tornado,2022-01-09,2.1972245773362196,2.8903717578961645,3.4011973816621555,0.46153846153846156,8.357592592592592,1.542857142857143,6.0,0.3103448275862069,0
tornadoweb/tornado,2022-04-09,2.0794415416798357,2.9444389791664403,3.58351893845611,0.5,8.816493055555556,1.1707317073170733,5.0,0.4,0
tornadoweb/tornado,2022-07-08,3.044522437723423,3.4339872044851463,3.8918202981106265,0.5769230769230769,4.1106597222222225,2.3333333333333335,5.0,0.5,0
tornadoweb/tornado,2022-10-06,0.6931471805599453,2.1972245773362196,3.6635616461296463,0.5,2.387534722222222,0.27272727272727276,7.0,0.5263157894736842,0
tornadoweb/tornado,2023-01-04,2.1972245773362196,2.772588722239781,3.1780538303479458,0.4230769230769231,0.9079513888888889,1.862068965517241,5.0,0.5217391304347826,0
tornadoweb/tornado,2023-04-04,1.0986122886681098,3.5553480614894135,3.912023005428146,0.5,3.649259259259259,0.32727272727272727,3.0,0.5918367346938775,0
tornadoweb/tornado,2023-07-03,2.3978952727983707,3.5553480614894135,4.23410650459726,0.6153846153846154,11.172280092592592,0.8918918918918919,1.0,0.7794117647058824,0
tornadoweb/tornado,2023-10-01,1.6094379124341003,3.713572066704308,4.31748811353631,0.6923076923076923,0.38994212962962965,0.375,4.0,0.9594594594594594,0
tornadoweb/tornado,2023-12-30,0.0,2.1972245773362196,3.8918202981106265,0.5,31.087245370370372,0.1111111111111111,1.0,0.9375,0
tornadoweb/tornado,2024-03-29,0.0,1.0986122886681098,2.3978952727983707,0.3076923076923077,67.37925925925926,0.37499999999999994,2.0,0.8,0
tornadoweb/tornado,2024-06-27,3.6635616461296463,3.6888794541139363,3.7376696182833684,0.2692307692307692,9.773657407407407,4.9787234042553195,4.0,0.8536585365853658,0
tornadoweb/tornado,2024-09-25,1.0986122886681098,3.1354942159291497,4.127134385045092,0.4230769230769231,7.358414351851851,0.26865671641791045,4.0,0.8688524590163934,0
tornadoweb/tornado,2024-12-24,0.6931471805599453,2.70805020110221,3.6109179126442243,0.4230769230769231,5.438043981481481,0.2857142857142857,4.0,0.8055555555555556,0
tornadoweb/tornado,2025-03-24,2.0794415416798357,2.995732273553991,3.5263605246161616,0.5,3.292685185185185,1.2307692307692308,5.0,0.696969696969697,0
tornadoweb/tornado,2025-06-22,1.6094379124341003,3.6375861597263857,4.04305126783455,0.6153846153846154,2.7881365740740742,0.48387096774193544,6.0,0.7321428571428571,0
tornadoweb/tornado,2025-09-20,0.6931471805599453,3.091042453358316,4.07753744390572,0.6153846153846154,2.4705671296296297,0.1875,7.0,0.7241379310344828,0
tornadoweb/tornado,2025-12-19,3.258096538021482,3.295836866004329,3.871201010907891,0.4230769230769231,3.4342939814814817,2.9433962264150946,4.0,0.7446808510638298,0
tornadoweb/tornado,2026-03-19,2.9444389791664403,2.995732273553991,3.828641396489095,0.3076923076923077,0.21094907407407407,2.235294117647059,5.0,0.8222222222222222,0
twbs/bootstrap,2012-04-26,4.867534450455582,6.650279048587422,7.160845906664299,1.0,0.11424768518518519,0.6032482598607889,81.0,0.3271173271173271,0
twbs/bootstrap,2012-07-25,4.852030263919617,5.755742213586912,6.992096427415888,1.0,0.9072453703703703,0.7026532479414456,34.0,0.48298068077276907,0
twbs/bootstrap,2012-10-23,4.804021044733257,6.1675164908883415,6.674561391814426,1.0,5.107349537037037,0.918444165621079,51.0,0.7117572692793932,0
twbs/bootstrap,2013-01-21,5.4116460518550396,6.19644412779452,6.874198495453294,1.0,1.7501157407407408,1.382716049382716,42.0,0.36853002070393376,0
twbs/bootstrap,2013-04-21,5.267858159063328,6.139884552226255,6.860663671448287,1.0,0.5842476851851852,1.213764337851929,52.0,0.7229800629590766,0
twbs/bootstrap,2013-07-20,5.351858133476067,6.234410725718371,6.880384082186005,1.0,0.0522337962962963,1.294478527607362,61.0,0.6275720164609053,0
twbs/bootstrap,2013-10-18,5.147494476813453,7.216709486709457,7.534228326274089,1.0,0.05524305555555555,0.5501066098081023,177.0,0.48770053475935826,0
twbs/bootstrap,2014-01-16,5.683579767338681,6.541029999189903,7.627544390488503,1.0,0.09186342592592593,0.8567265662943175,89.0,0.4432537749634681,0
twbs/bootstrap,2014-04-16,4.727387818712341,6.493753839851686,7.210079628170788,1.0,0.1766435185185185,0.4992636229749632,62.0,0.35133136094674555,0
twbs/bootstrap,2014-07-15,6.0867747269123065,6.56244409369372,7.221105098182496,1.0,0.12387731481481482,1.9227967953386744,67.0,0.39429407461594734,0
twbs/bootstrap,2014-10-13,4.736198448394496,5.765191102784844,6.933423025730715,1.0,1.0090972222222223,0.6634335596508244,42.0,0.39121951219512197,0
twbs/bootstrap,2015-01-11,5.44673737166631,6.493753839851686,6.88653164253051,1.0,0.7698263888888889,1.4146341463414633,42.0,0.33026584867075665,0
twbs/bootstrap,2015-04-11,4.762173934797756,6.118097198041348,7.01571242048723,1.0,0.14548611111111112,0.6273458445040214,56.0,0.30727762803234504,0
twbs/bootstrap,2015-07-10,4.248495242049359,5.978885764901122,6.742880635791903,1.0,1.466377314814815,0.49237983587338807,40.0,0.33884297520661155,0
twbs/bootstrap,2015-10-08,4.532599493153256,6.410174881966167,6.90975328164481,1.0,0.005925925925925926,0.5541211519364448,93.0,0.44155844155844154,0
twbs/bootstrap,2016-01-06,5.332718793265369,6.285998094508865,7.042286171939743,1.0,0.0594212962962963,1.080939947780679,52.0,0.3009623797025372,0
twbs/bootstrap,2016-04-05,4.406719247264253,6.230481447578482,6.950814768442584,1.0,0.5078819444444445,0.46901811248808384,55.0,0.286673058485139,0
twbs/bootstrap,2016-07-04,4.23410650459726,5.594711379601839,6.654152520183219,1.0,0.45665509259259257,0.530089628681178,32.0,0.30709677419354836,0
twbs/bootstrap,2016-10-02,4.2626798770413155,5.3230099791384085,6.159095388491933,0.9615384615384616,0.23324074074074075,0.8912133891213389,48.0,0.3220338983050847,0
twbs/bootstrap,2016-12-31,5.8998973535824915,6.481577129276431,6.75343791859778,0.9615384615384616,0.019212962962962963,2.540603248259861,64.0,0.5969626168224299,0
twbs/bootstrap,2017-03-31,4.700480365792417,5.5134287461649825,6.802394763324311,0.9615384615384616,0.5346875,0.729281767955801,47.0,0.6095661846496107,0
twbs/bootstrap,2017-06-29,4.976733742420574,5.966146739123692,6.456769655572163,0.9615384615384616,0.16618055555555555,1.355140186915888,42.0,0.48742138364779874,0
twbs/bootstrap,2017-09-27,4.962844630259907,6.257667587882639,6.814542897259958,1.0,0.23296296296296296,0.9366812227074236,89.0,0.4175824175824176,0
twbs/bootstrap,2017-12-26,4.143134726391533,6.12029741895095,6.883462586413092,1.0,0.9017361111111111,0.3853211009174312,62.0,0.31076923076923074,0
twbs/bootstrap,2018-03-26,4.174387269895637,5.575949103146316,6.576469569048224,1.0,3.2692361111111112,0.5394190871369294,69.0,0.2649930264993027,0
twbs/bootstrap,2018-06-24,4.007333185232471,5.19295685089021,6.093569770045136,1.0,0.027881944444444445,0.7366071428571428,39.0,0.25565610859728505,0
twbs/bootstrap,2018-09-22,4.543294782270004,5.420534999272286,6.003887067106539,1.0,0.33813657407407405,1.375609756097561,42.0,0.25,0
twbs/bootstrap,2018-12-21,4.61512051684126,5.780743515792329,6.3080984415095305,1.0,0.08221064814814814,1.0938628158844765,57.0,0.3722627737226277,0
twbs/bootstrap,2019-03-21,4.762173934797756,5.950642552587727,6.561030665896573,1.0,0.14023148148148148,0.9859550561797752,37.0,0.49008498583569404,0
twbs/bootstrap,2019-06-19,4.04305126783455,5.262690188904886,6.3561076606958915,1.0,0.42363425925925924,0.5886402753872634,26.0,0.4539130434782609,0
twbs/bootstrap,2019-09-17,4.442651256490317,5.942799375126701,6.35088571671474,1.0,0.09650462962962963,0.8823529411764707,32.0,0.3811188811188811,0
twbs/bootstrap,2019-12-16,3.970291913552122,5.214935757608986,6.335054251498059,1.0,0.05008101851851852,0.5588752196836556,28.0,0.4404973357015986,0
twbs/bootstrap,2020-03-15,4.61512051684126,5.389071729816501,5.996452088619021,1.0,0.02259259259259259,1.4889434889434892,28.0,0.4339152119700748,0
twbs/bootstrap,2020-06-13,4.31748811353631,5.996452088619021,6.429719478039138,1.0,0.5941898148148148,0.72,31.0,0.43134087237479807,0
twbs/bootstrap,2020-09-11,3.258096538021482,5.3706380281276624,6.423246963533519,0.9615384615384616,1.4358101851851852,0.25120772946859904,45.0,0.41300813008130083,0
twbs/bootstrap,2020-12-10,5.214935757608986,6.144185634125646,6.522092798170152,0.9230769230769231,0.07442129629629629,1.6116788321167883,43.0,0.46244477172312226,0
twbs/bootstrap,2021-03-10,4.442651256490317,5.634789603169249,6.61338421837956,1.0,0.1709375,0.68,52.0,0.46639784946236557,0
twbs/bootstrap,2021-06-08,4.499809670330265,5.537334267018537,6.278521424165844,1.0,0.5133564814814815,1.003717472118959,68.0,0.2819548872180451,0
twbs/bootstrap,2021-09-06,3.6109179126442243,5.14166355650266,6.049733455231958,1.0,0.06909722222222223,0.5174825174825175,37.0,0.2033096926713948,0
twbs/bootstrap,2021-12-05,4.060443010546419,5.3471075307174685,5.940171252720432,1.0,2.3383564814814815,0.903896103896104,38.0,0.316622691292876,0
twbs/bootstrap,2022-03-05,4.48863636973214,5.2832037287379885,6.0063531596017325,1.0,0.5587847222222222,1.2992700729927007,46.0,0.2938271604938272,0
twbs/bootstrap,2022-06-03,4.343805421853684,5.298317366548036,5.981414211254481,1.0,0.17418981481481483,1.1521197007481299,38.0,0.189873417721519,0
twbs/bootstrap,2022-09-01,3.332204510175204,4.941642422609304,5.82600010738045,1.0,0.04034722222222222,0.4883720930232558,35.0,0.1804733727810651,0
twbs/bootstrap,2022-11-30,3.7612001156935624,4.990432586778736,5.655991810819852,1.0,1.552361111111111,0.8865979381443299,44.0,0.13333333333333333,0
twbs/bootstrap,2023-02-28,3.871201010907891,5.214935757608986,5.799092654460526,1.0,0.38149305555555557,0.8597014925373134,29.0,0.22492401215805471,0
twbs/bootstrap,2023-05-29,2.9444389791664403,5.087596335232384,5.84354441703136,1.0,2.6572685185185185,0.3257142857142857,30.0,0.2441860465116279,0
twbs/bootstrap,2023-08-27,3.58351893845611,4.68213122712422,5.594711379601839,0.9615384615384616,2.299328703703704,0.7883211678832117,24.0,0.31343283582089554,0
twbs/bootstrap,2023-11-25,2.70805020110221,4.04305126783455,5.099866427824199,0.9230769230769231,4.202164351851851,0.5325443786982248,17.0,0.26993865030674846,0
twbs/bootstrap,2024-02-23,3.044522437723423,3.5553480614894135,4.51085950651685,0.8076923076923077,1.362638888888889,1.3125,13.0,0.34444444444444444,0
twbs/bootstrap,2024-05-23,1.6094379124341003,4.605170185988092,4.897839799950911,0.7692307692307693,0.18234953703703705,0.2158273381294964,9.0,0.5639097744360902,0
twbs/bootstrap,2024-08-21,2.833213344056216,3.4011973816621555,4.859812404361672,0.7307692307692307,2.431516203703704,0.7611940298507464,11.0,0.546875,0
twbs/bootstrap,2024-11-19,2.70805020110221,3.6888794541139363,4.23410650459726,0.8076923076923077,5.445347222222222,1.2162162162162162,8.0,0.2647058823529412,0
twbs/bootstrap,2025-02-17,1.9459101490553132,3.2188758248682006,4.1588830833596715,0.8076923076923077,1.5753240740740742,0.6086956521739131,12.0,0.31746031746031744,0
twbs/bootstrap,2025-05-18,3.6375861597263857,4.795790545596741,4.976733742420574,0.8461538461538461,0.44375,1.52,26.0,0.3472222222222222,0
twbs/bootstrap,2025-08-16,2.995732273553991,4.882801922586371,5.529429087511423,0.9615384615384616,0.37158564814814815,0.46692607003891046,9.0,0.3784860557768924,0
twbs/bootstrap,2025-11-14,3.332204510175204,5.4510384535657,5.8971538676367405,1.0,0.6194907407407407,0.45528455284552843,10.0,0.4765840220385675,0
twbs/bootstrap,2026-02-12,2.4849066497880004,4.90527477843843,5.905361848054571,0.9615384615384616,4.560972222222222,0.1935483870967742,7.0,0.6693989071038251,0
vuejs/vue,2014-07-27,4.189654742026425,4.48863636973214,5.771441123130016,0.8461538461538461,0.9753587962962963,1.214723926380368,10.0,0.6,0
vuejs/vue,2014-10-25,4.330733340286331,5.976350909297934,6.1779441140506,0.9230769230769231,1.2021643518518519,0.9363449691991786,6.0,0.8648648648648649,0
vuejs/vue,2015-01-23,0.0,4.795790545596741,6.2422232654551655,0.8461538461538461,31.772002314814817,0.011560693641618497,5.0,0.949317738791423,0
vuejs/vue,2015-04-23,3.713572066704308,4.2626798770413155,5.25227342804663,0.7307692307692307,0.4845949074074074,1.2551020408163263,8.0,0.9,0
vuejs/vue,2015-07-22,4.499809670330265,5.780743515792329,5.976350909297934,0.8846153846153846,0.23065972222222222,1.3533834586466165,11.0,0.9338422391857506,0
vuejs/vue,2015-10-20,5.049856007249537,6.53813982376767,6.921658184151129,1.0,1.3721064814814814,0.9185475956820411,15.0,0.9545903257650543,0
vuejs/vue,2016-01-18,3.9512437185814275,5.4510384535657,6.827629234502852,1.0,0.050451388888888886,0.33620689655172414,26.0,0.913232104121475,0
vuejs/vue,2016-04-17,5.488937726156687,5.916202062607435,6.401917196727186,1.0,0.06259259259259259,2.388157894736842,27.0,0.845514950166113,0
vuejs/vue,2016-07-16,5.3230099791384085,6.720220155135295,7.089243155027514,0.9615384615384616,0.05797453703703704,1.021594684385382,33.0,0.8806343906510852,0
vuejs/vue,2016-10-14,4.90527477843843,5.8944028342648505,7.0825485693553,1.0,0.31697916666666665,0.677257525083612,29.0,0.873109243697479,0
vuejs/vue,2017-01-12,4.465908118654584,5.796057750765372,6.53813982376767,1.0,0.30644675925925924,0.75,39.0,0.7985507246376812,0
vuejs/vue,2017-04-12,4.653960350157523,5.811140992976701,6.495265555937008,1.0,0.56125,0.944527736131934,48.0,0.7322239031770046,0
vuejs/vue,2017-07-11,4.127134385045092,5.3706380281276624,6.306275286948016,0.9615384615384616,0.2644675925925926,0.6726943942133815,43.0,0.696526508226691,0
vuejs/vue,2017-10-09,4.624972813284271,5.267858159063328,6.0112671744041615,0.9230769230769231,0.023773148148148147,1.4818401937046006,39.0,0.6437346437346437,0
vuejs/vue,2018-01-07,4.060443010546419,5.3706380281276624,6.0112671744041615,0.9615384615384616,1.2457291666666668,0.8426150121065376,35.0,0.6683046683046683,0
vuejs/vue,2018-04-07,4.02535169073515,4.634728988229636,5.75890177387728,0.8461538461538461,0.6944212962962963,1.0434782608695652,35.0,0.6424050632911392,0
vuejs/vue,2018-07-06,1.791759469228055,2.5649493574615367,4.74493212836325,0.5769230769230769,1.2433333333333334,0.3,4.0,0.5526315789473685,0
vuejs/vue,2018-10-04,2.3978952727983707,3.367295829986474,3.713572066704308,0.5769230769230769,0.2503009259259259,1.434782608695652,10.0,0.7,0
vuejs/vue,2019-01-02,4.290459441148391,5.117993812416755,5.272999558563747,0.8076923076923077,6.945706018518519,2.19,75.0,0.42783505154639173,0
vuejs/vue,2019-04-02,3.5263605246161616,5.308267697401205,5.908082938168931,0.8846153846153846,0.8215393518518519,0.546916890080429,34.0,0.5694822888283378,0
vuejs/vue,2019-07-01,2.1972245773362196,3.5553480614894135,5.4638318050256105,0.8461538461538461,9.677442129629629,0.22406639004149378,14.0,0.6382978723404256,0
vuejs/vue,2019-09-29,1.9459101490553132,2.9444389791664403,3.970291913552122,0.7307692307692307,4.310902777777778,0.7241379310344828,8.0,0.5,0
vuejs/vue,2019-12-28,2.0794415416798357,3.1354942159291497,3.713572066704308,0.6153846153846154,15.045613425925925,1.0434782608695652,8.0,0.525,0
vuejs/vue,2020-03-27,2.0794415416798357,3.1354942159291497,3.8066624897703196,0.5769230769230769,15.984351851851851,0.9600000000000002,7.0,0.5454545454545454,0
vuejs/vue,2020-06-25,1.6094379124341003,2.4849066497880004,3.5263605246161616,0.46153846153846156,22.026516203703704,0.7692307692307693,6.0,0.5757575757575758,0
vuejs/vue,2020-09-23,2.5649493574615367,3.044522437723423,3.4657359027997265,0.5,2.223761574074074,2.108108108108108,10.0,0.3870967741935484,0
vuejs/vue,2020-12-22,1.0986122886681098,2.1972245773362196,3.367295829986474,0.4230769230769231,28.259131944444444,0.5294117647058824,6.0,0.2857142857142857,0
vuejs/vue,2021-03-22,0.6931471805599453,2.0794415416798357,2.772588722239781,0.34615384615384615,4.971145833333333,0.5714285714285714,1.0,0.6,0
vuejs/vue,2021-06-20,2.4849066497880004,4.127134385045092,4.23410650459726,0.5384615384615384,0.051041666666666666,0.9729729729729729,27.0,0.29411764705882354,0
vuejs/vue,2021-09-18,1.9459101490553132,2.772588722239781,4.343805421853684,0.6923076923076923,4.29519675925926,0.5121951219512195,4.0,0.2631578947368421,0
vuejs/vue,2021-12-17,1.791759469228055,2.833213344056216,3.4657359027997265,0.7307692307692307,0.5981365740740741,0.9729729729729729,6.0,0.6129032258064516,0
vuejs/vue,2022-03-17,0.0,1.6094379124341003,3.044522437723423,0.46153846153846156,38.654212962962966,0.23076923076923073,2.0,0.55,0
vuejs/vue,2022-06-15,4.812184355372417,4.890349128221754,4.919980925828125,0.3076923076923077,0.3099074074074074,5.197183098591549,4.0,0.9044117647058824,0
vuejs/vue,2022-09-13,3.091042453358316,4.867534450455582,5.568344503761097,0.6153846153846154,12.606134259259258,0.4943820224719101,24.0,0.8582375478927203,0
vuejs/vue,2022-12-12,0.6931471805599453,3.4657359027997265,5.081404364984463,0.5384615384615384,6.27005787037037,0.07228915662650602,12.0,0.75,0
vuejs/vue,2023-03-12,0.0,1.791759469228055,3.6109179126442243,0.3076923076923077,36.11646990740741,0.14285714285714285,5.0,0.5,0
vuejs/vue,2023-06-10,0.0,0.6931471805599453,1.9459101490553132,0.19230769230769232,44.472939814814815,0.5,1.0,0.16666666666666666,0
vuejs/vue,2023-12-07,2.9444389791664403,3.5263605246161616,3.5263605246161616,0.11538461538461539,0.49798611111111113,2.923076923076923,10.0,0.6060606060606061,0
vuejs/vue,2024-03-06,0.0,2.3978952727983707,3.784189633918261,0.2692307692307692,66.32070601851852,0.12244897959183672,1.0,0.6976744186046512,0
vuejs/vue,2024-06-04,0.6931471805599453,0.6931471805599453,2.4849066497880004,0.19230769230769232,14.550300925925926,0.7058823529411765,1.0,0.9090909090909091,0
vuejs/vue,2024-09-02,0.0,0.6931471805599453,1.0986122886681098,0.07692307692307693,80.34177083333333,0.75,1.0,0.5,0
vuejs/vue,2024-12-01,0.0,0.6931471805599453,1.0986122886681098,0.07692307692307693,52.569525462962964,0.75,1.0,0.5,1
yarnpkg/yarn,2017-01-22,3.9512437185814275,5.855071922202427,6.842683282238422,1.0,1.4287847222222223,0.33121019108280253,125.0,0.28846153846153844,0
yarnpkg/yarn,2017-04-22,4.356708826689592,5.272999558563747,6.297109319933935,1.0,0.5725810185185185,0.854014598540146,71.0,0.13837638376383765,0
yarnpkg/yarn,2017-07-21,4.804021044733257,5.645446897643238,6.1675164908883415,1.0,0.7380671296296296,1.5186721991701246,81.0,0.12605042016806722,0
yarnpkg/yarn,2017-10-19,4.248495242049359,5.402677381872279,6.222576268071369,1.0,1.9702893518518518,0.825147347740668,69.0,0.23856858846918488,0
yarnpkg/yarn,2018-01-17,3.1780538303479458,4.5217885770490405,5.746203190540153,1.0,1.703912037037037,0.4528301886792453,44.0,0.3685897435897436,0
yarnpkg/yarn,2018-04-17,3.9512437185814275,5.003946305945459,5.480638923341991,1.0,0.6933449074074074,1.273469387755102,49.0,0.25523012552301255,0
yarnpkg/yarn,2018-07-16,2.70805020110221,4.543294782270004,5.488937726156687,1.0,3.967349537037037,0.3643724696356275,34.0,0.36929460580912865,0
yarnpkg/yarn,2018-10-14,4.110873864173311,4.90527477843843,5.429345628954441,1.0,1.1447222222222222,1.5708154506437768,45.0,0.3436123348017621,0
yarnpkg/yarn,2019-01-12,2.5649493574615367,4.02535169073515,5.247024072160486,0.9230769230769231,4.955578703703703,0.4,22.0,0.31216931216931215,0
yarnpkg/yarn,2019-04-12,2.6390573296152584,3.828641396489095,4.61512051684126,0.8076923076923077,3.9831481481481483,0.7924528301886792,31.0,0.28,0
yarnpkg/yarn,2019-07-11,2.70805020110221,3.2188758248682006,4.248495242049359,0.7692307692307693,7.8069444444444445,1.2,11.0,0.2608695652173913,0
yarnpkg/yarn,2019-10-09,3.912023005428146,4.127134385045092,4.454347296253507,0.6538461538461539,0.936886574074074,3.296703296703297,11.0,0.7294117647058823,0
yarnpkg/yarn,2020-01-07,2.302585092994046,3.4965075614664802,4.543294782270004,0.5,27.059444444444445,0.6060606060606061,5.0,0.7634408602150538,0
yarnpkg/yarn,2020-04-06,2.1972245773362196,3.8066624897703196,4.343805421853684,0.4230769230769231,27.762881944444445,0.6585365853658537,5.0,0.5526315789473685,0
yarnpkg/yarn,2020-07-05,0.6931471805599453,2.0794415416798357,3.9512437185814275,0.34615384615384615,19.621238425925927,0.21052631578947367,3.0,0.4117647058823529,0
yarnpkg/yarn,2020-10-03,2.772588722239781,2.9444389791664403,3.258096538021482,0.23076923076923078,4.850578703703704,3.096774193548387,1.0,0.76,0
yarnpkg/yarn,2021-04-01,0.0,2.0794415416798357,2.0794415416798357,0.07692307692307693,51.86679398148148,0.46153846153846145,1.0,1.0,0
yarnpkg/yarn,2021-09-28,1.0986122886681098,2.1972245773362196,2.1972245773362196,0.15384615384615385,7.9096875,1.2857142857142858,1.0,1.0,0
yarnpkg/yarn,2021-12-27,1.0986122886681098,2.6390573296152584,3.091042453358316,0.3076923076923077,6.626793981481481,0.6666666666666666,1.0,1.0,0
yarnpkg/yarn,2022-03-27,1.0986122886681098,1.791759469228055,2.9444389791664403,0.2692307692307692,16.947847222222222,0.75,1.0,1.0,0
yarnpkg/yarn,2022-06-25,0.0,1.0986122886681098,2.0794415416798357,0.19230769230769232,45.67896990740741,0.46153846153846145,1.0,1.0,0
yarnpkg/yarn,2022-09-23,1.3862943611198906,1.3862943611198906,1.791759469228055,0.11538461538461539,16.47599537037037,2.1818181818181817,2.0,0.8,1
yarnpkg/yarn,2023-12-17,0.6931471805599453,2.0794415416798357,2.0794415416798357,0.07692307692307693,14.91175925925926,0.9230769230769229,1.0,1.0,0
yarnpkg/yarn,2024-03-16,1.0986122886681098,1.791759469228055,2.5649493574615367,0.19230769230769232,6.522789351851852,1.0,1.0,1.0,0
yarnpkg/yarn,2024-06-14,1.6094379124341003,1.6094379124341003,2.302585092994046,0.15384615384615385,20.521145833333332,2.0,1.0,1.0,1
yarnpkg/yarn,2026-03-06,0.6931471805599453,0.6931471805599453,0.6931471805599453,0.038461538461538464,22.223368055555557,1.7142857142857142,1.0,1.0,1
